Protocollo;Gruppo;DataOraIncidente;Localizzazione1;STRADA1;Localizzazione2;STRADA2;Strada02;Chilometrica;DaSpecificare;NaturaIncidente;particolaritastrade;TipoStrada;FondoStradale;Pavimentazione;Segnaletica;CondizioneAtmosferica;Traffico;Visibilita;Illuminazione;NUM_FERITI;NUM_RISERVATA;NUM_MORTI;NUM_ILLESI;Longitudine;Latitudine;Confermato;Progressivo;TipoVeicolo;StatoVeicolo;TipoPersona;Sesso;Tipolesione;Deceduto;DecedutoDopo;CinturaCascoUtilizzato;Airbag
2641599;18;02/01/2016 12:45;Strada Urbana;VIA ALFONSO SPLENDORE;all'intersezione con;VIA DAVIDE GIORDANO;VIA DAVIDE GIORDANO;;;Scontro frontale/laterale DX fra veicoli in marcia;Incrocio;Una carreggiata a doppio senso;Bagnato (pioggia);Asfaltata;Verticale ed orizzontale;Pioggia in atto;Scarso;Buona;Ore Diurne;1;0;0;2;12.38854;41.90956;-1;1;Autovettura privata;In marcia / fermata / arresto;Conducente;M;Illeso;0;;Non accertato;Inesploso
2641599;18;02/01/2016 12:45;Strada Urbana;VIA ALFONSO SPLENDORE;all'intersezione con;VIA DAVIDE GIORDANO;VIA DAVIDE GIORDANO;;;Scontro frontale/laterale DX fra veicoli in marcia;Incrocio;Una carreggiata a doppio senso;Bagnato (pioggia);Asfaltata;Verticale ed orizzontale;Pioggia in atto;Scarso;Buona;Ore Diurne;1;0;0;2;12.38854;41.90956;-1;2;Autovettura privata;In marcia / fermata / arresto;Conducente;M;Illeso;0;;Non accertato;
2641599;18;02/01/2016 12:45;Strada Urbana;VIA ALFONSO SPLENDORE;all'intersezione con;VIA DAVIDE GIORDANO;VIA DAVIDE GIORDANO;;;Scontro frontale/laterale DX fra veicoli in marcia;Incrocio;Una carreggiata a doppio senso;Bagnato (pioggia);Asfaltata;Verticale ed orizzontale;Pioggia in atto;Scarso;Buona;Ore Diurne;1;0;0;2;12.38854;41.90956;-1;2;Autovettura privata;In marcia / fermata / arresto;Passeggero;F;Rifiuta cure immediate;0;NON DECEDUTO;Non accertato;
2641606;19;02/01/2016 17:30;Strada Urbana;GALLERIA GIOVANNI XXIII;in corrispondenza;;della chilometrica;1.5;;Ribaltamento senza urto contro ostacolo fisso;Galleria illuminata;Una carreggiata a senso unico di marcia;Asciutto;Asfaltata;Verticale ed orizzontale;Nuvoloso;Scarso;Buona;Ore Diurne;1;0;0;0;12.44462;41.94111;-1;1;Autovettura privata;In marcia / fermata / arresto;Conducente;M;Rimandato;0;NON DECEDUTO;;
2641620;20;04/01/2016 08:30;Strada Urbana;VIA FORNACE VIGNOLO;da specificare;;;;alt. via Guido Grandi;Scontro laterale fra veicoli in marcia;Curva a visuale libera;Una carreggiata a doppio senso;Bagnato (pioggia);Asfaltata;Orizzontale;Pioggia in atto;Normale;Sufficiente;Ore Diurne;1;0;0;2;12.4992;41.98932;-1;1;Ciclomotore;In marcia / fermata / arresto;Conducente;M;Rimandato;0;NON DECEDUTO;Non accertato;
2641620;20;04/01/2016 08:30;Strada Urbana;VIA FORNACE VIGNOLO;da specificare;;;;alt. via Guido Grandi;Scontro laterale fra veicoli in marcia;Curva a visuale libera;Una carreggiata a doppio senso;Bagnato (pioggia);Asfaltata;Orizzontale;Pioggia in atto;Normale;Sufficiente;Ore Diurne;1;0;0;2;12.4992;41.98932;-1;2;Autovettura privata;In marcia / fermata / arresto;Conducente;F;Illeso;0;;Non utilizzato;Inesploso
2641620;20;04/01/2016 08:30;Strada Urbana;VIA FORNACE VIGNOLO;da specificare;;;;alt. via Guido Grandi;Scontro laterale fra veicoli in marcia;Curva a visuale libera;Una carreggiata a doppio senso;Bagnato (pioggia);Asfaltata;Orizzontale;Pioggia in atto;Normale;Sufficiente;Ore Diurne;1;0;0;2;12.4992;41.98932;-1;2;Autovettura privata;In marcia / fermata / arresto;Passeggero;F;Illeso;0;;Non utilizzato;Inesploso
2641631;3;02/01/2016 12:15;Strada Urbana;PIAZZA BOLOGNA;all'intersezione semaforizzata con;VIALE VENTUNO APRILE;VIALE VENTUNO APRILE;;;Scontro laterale fra veicoli in marcia;Intersezione semaforizzata;Una carreggiata a doppio senso;Bagnato (pioggia);Asfaltata;Verticale ed orizzontale;Pioggia in atto;Scarso;Buona;Ore Diurne;0;0;0;2;12.52113;41.91336;-1;1;Autovettura privata;In marcia / fermata / arresto;Conducente;M;Illeso;0;;Non accertato;Inesploso
2641631;3;02/01/2016 12:15;Strada Urbana;PIAZZA BOLOGNA;all'intersezione semaforizzata con;VIALE VENTUNO APRILE;VIALE VENTUNO APRILE;;;Scontro laterale fra veicoli in marcia;Intersezione semaforizzata;Una carreggiata a doppio senso;Bagnato (pioggia);Asfaltata;Verticale ed orizzontale;Pioggia in atto;Scarso;Buona;Ore Diurne;0;0;0;2;12.52113;41.91336;-1;2;Autovettura privata;In marcia / fermata / arresto;Conducente;F;Illeso;0;;Non accertato;Inesploso
2641634;19;02/01/2016 16:40;Strada Urbana;VIA TRIONFALE;da specificare;;;;alt. Via degli Scolopi;Fuoriuscita dalla sede stradale;Curva a visuale libera;Due carreggiate;Bagnato (pioggia);Asfaltata;Orizzontale;Pioggia in atto;Normale;Buona;Sufficiente;1;0;0;0;12.42296;41.94088;-1;1;Autovettura privata;In marcia / fermata / arresto;Conducente;M;Rimandato;0;NON DECEDUTO;;
2641636;19;03/01/2016 21:10;Strada Urbana;VIA MATTIA BATTISTINI;in prossimità;;del civico n.;580;;Scontro frontale/laterale SX fra veicoli in marcia;Rettilineo;Una carreggiata a doppio senso;Asciutto;Asfaltata;Orizzontale;Sereno;Scarso;Buona;Sufficiente;0;0;0;4;12.42031;41.92177;-1;1;Autovettura privata;In marcia / fermata / arresto;Conducente;F;Illeso;0;;;
2641636;19;03/01/2016 21:10;Strada Urbana;VIA MATTIA BATTISTINI;in prossimità;;del civico n.;580;;Scontro frontale/laterale SX fra veicoli in marcia;Rettilineo;Una carreggiata a doppio senso;Asciutto;Asfaltata;Orizzontale;Sereno;Scarso;Buona;Sufficiente;0;0;0;4;12.42031;41.92177;-1;1;Autovettura privata;In marcia / fermata / arresto;Passeggero;F;Illeso;0;;;
2641636;19;03/01/2016 21:10;Strada Urbana;VIA MATTIA BATTISTINI;in prossimità;;del civico n.;580;;Scontro frontale/laterale SX fra veicoli in marcia;Rettilineo;Una carreggiata a doppio senso;Asciutto;Asfaltata;Orizzontale;Sereno;Scarso;Buona;Sufficiente;0;0;0;4;12.42031;41.92177;-1;2;Motociclo con passeggero;In marcia / fermata / arresto;Conducente;M;Illeso;0;;;
2641636;19;03/01/2016 21:10;Strada Urbana;VIA MATTIA BATTISTINI;in prossimità;;del civico n.;580;;Scontro frontale/laterale SX fra veicoli in marcia;Rettilineo;Una carreggiata a doppio senso;Asciutto;Asfaltata;Orizzontale;Sereno;Scarso;Buona;Sufficiente;0;0;0;4;12.42031;41.92177;-1;2;Motociclo con passeggero;In marcia / fermata / arresto;Passeggero;F;Illeso;0;;;
2641639;3;02/01/2016 19:10;Strada Urbana;PIAZZALE DEL VERANO;da specificare;;;;fronte civ. 36;Scontro laterale fra veicoli in marcia;Rettilineo;Più di due carreggiate;Bagnato (pioggia);Asfaltata;Verticale ed orizzontale;Pioggia in atto;Scarso;Sufficiente;Sufficiente;0;0;0;2;12.51877;41.90164;-1;1;Autovettura privata;In marcia / fermata / arresto;Conducente;M;Illeso;0;;Non accertato;Inesploso
2641639;3;02/01/2016 19:10;Strada Urbana;PIAZZALE DEL VERANO;da specificare;;;;fronte civ. 36;Scontro laterale fra veicoli in marcia;Rettilineo;Più di due carreggiate;Bagnato (pioggia);Asfaltata;Verticale ed orizzontale;Pioggia in atto;Scarso;Sufficiente;Sufficiente;0;0;0;2;12.51877;41.90164;-1;2;Vettura tranviaria;In marcia / fermata / arresto;Conducente;M;Illeso;0;;Esente;
2641643;1;01/01/2016 10:32;Strada Urbana;LUNGOTEVERE DE' CENCI;in prossimità;;del palo luce n.;10;;Veicolo in marcia contro ostacolo accidentale;Rettilineo;Una carreggiata a senso unico di marcia;Viscido da liquidi oleosi;Asfaltata;Verticale ed orizzontale;Sereno;Normale;Buona;Ore Diurne;2;0;0;0;12.47647;41.89194;-1;1;Motociclo con passeggero;In marcia / fermata / arresto;Conducente;M;Rimandato;0;NON DECEDUTO;Non accertato;
2641643;1;01/01/2016 10:32;Strada Urbana;LUNGOTEVERE DE' CENCI;in prossimità;;del palo luce n.;10;;Veicolo in marcia contro ostacolo accidentale;Rettilineo;Una carreggiata a senso unico di marcia;Viscido da liquidi oleosi;Asfaltata;Verticale ed orizzontale;Sereno;Normale;Buona;Ore Diurne;2;0;0;0;12.47647;41.89194;-1;1;Motociclo con passeggero;In marcia / fermata / arresto;Passeggero;F;Rimandato;0;NON DECEDUTO;;
2641645;3;03/01/2016 04:15;Strada Urbana;VIA GIOVANNI CONTI;in prossimità;;del civico n.;171;;Veicolo in marcia contro veicoli in sosta;Rettilineo;Due carreggiate;Bagnato (pioggia);Asfaltata;Verticale ed orizzontale;Nuvoloso;Scarso;Buona;Sufficiente;1;0;0;1;12.53298;41.9564;-1;1;Autovettura privata;In marcia / fermata / arresto;Conducente;M;Illeso;0;;Non accertato;Inesploso
2641645;3;03/01/2016 04:15;Strada Urbana;VIA GIOVANNI CONTI;in prossimità;;del civico n.;171;;Veicolo in marcia contro veicoli in sosta;Rettilineo;Due carreggiate;Bagnato (pioggia);Asfaltata;Verticale ed orizzontale;Nuvoloso;Scarso;Buona;Sufficiente;1;0;0;1;12.53298;41.9564;-1;1;Autovettura privata;In marcia / fermata / arresto;Passeggero;M;Rimandato;0;NON DECEDUTO;Non accertato;Inesploso
2641649;19;03/01/2016 18:40;Strada Urbana;VIA DELLA PINETA SACCHETTI;in prossimità;;del civico n.;215;;Tamponamento Multiplo;Rettilineo;Una carreggiata a senso unico di marcia;Asciutto;Asfaltata;Temporanea di cantiere;Sereno;Normale;Buona;Sufficiente;0;0;0;3;12.42711;41.92908;-1;1;Autovettura privata;In marcia / fermata / arresto;Conducente;F;Illeso;0;;;
2641649;19;03/01/2016 18:40;Strada Urbana;VIA DELLA PINETA SACCHETTI;in prossimità;;del civico n.;215;;Tamponamento Multiplo;Rettilineo;Una carreggiata a senso unico di marcia;Asciutto;Asfaltata;Temporanea di cantiere;Sereno;Normale;Buona;Sufficiente;0;0;0;3;12.42711;41.92908;-1;2;Autovettura privata;In marcia / fermata / arresto;Conducente;F;Illeso;0;;;
2641649;19;03/01/2016 18:40;Strada Urbana;VIA DELLA PINETA SACCHETTI;in prossimità;;del civico n.;215;;Tamponamento Multiplo;Rettilineo;Una carreggiata a senso unico di marcia;Asciutto;Asfaltata;Temporanea di cantiere;Sereno;Normale;Buona;Sufficiente;0;0;0;3;12.42711;41.92908;-1;3;Autovettura privata;In marcia / fermata / arresto;Conducente;M;Illeso;0;;;
2641659;18;02/01/2016 21:20;Strada Urbana;LARGO S. PIO V;all'intersezione con;VIA DELLA MADONNA DEL RIPOSO;VIA DELLA MADONNA DEL RIPOSO;;;Scontro frontale/laterale DX fra veicoli in marcia;Incrocio;Una carreggiata a senso unico di marcia;Bagnato (pioggia);Asfaltata;Verticale ed orizzontale;Nuvoloso;Normale;Buona;Sufficiente;1;0;0;1;12.4319;41.89662;-1;1;Autovettura privata;In marcia / fermata / arresto;Conducente;F;Rimandato;0;NON DECEDUTO;;
2641659;18;02/01/2016 21:20;Strada Urbana;LARGO S. PIO V;all'intersezione con;VIA DELLA MADONNA DEL RIPOSO;VIA DELLA MADONNA DEL RIPOSO;;;Scontro frontale/laterale DX fra veicoli in marcia;Incrocio;Una carreggiata a senso unico di marcia;Bagnato (pioggia);Asfaltata;Verticale ed orizzontale;Nuvoloso;Normale;Buona;Sufficiente;1;0;0;1;12.4319;41.89662;-1;2;Autovettura privata;In marcia / fermata / arresto;Conducente;F;Illeso;0;;;
2641665;12;04/01/2016 07:25;Strada Urbana;VIALE PECHINO;da specificare;;;;altezza Parco Matteo Di Fazio;Veicolo in marcia contro ostacolo accidentale;Curva a visuale libera;Due carreggiate;Bagnato (pioggia);Asfaltata;Verticale ed orizzontale;Pioggia in atto;Normale;Buona;Ore Diurne;0;0;0;1;12.43628;41.8058;-1;1;Autovettura privata;In marcia / fermata / arresto;Conducente;M;Illeso;0;;Non accertato;Inesploso
2641674;12;02/01/2016 12:30;Strada Urbana;VIALE DELL'OCEANO INDIANO;in prossimità;;del civico n.;22;;Veicolo in marcia contro ostacolo accidentale;Rettilineo;Una carreggiata a doppio senso;Bagnato (umidità in atto);Asfaltata;Verticale ed orizzontale;Nuvoloso;Scarso;Buona;Ore Diurne;0;0;0;1;12.45231;41.82736;-1;1;Autovettura privata;In marcia / fermata / arresto;Conducente;F;Illeso;0;;Utilizzato;Inesploso
2641678;12;02/01/2016 11:50;Strada Urbana;VIA ALFONSINE;in prossimità;;del civico n.;15;;Veicolo in marcia contro veicoli in arresto;Rettilineo;Una carreggiata a doppio senso;Bagnato (pioggia);Asfaltata;Verticale ed orizzontale;Pioggia in atto;Normale;Buona;Ore Diurne;0;0;0;2;12.42553;41.78788;-1;1;Autovettura privata;In marcia / fermata / arresto;Conducente;M;Illeso;0;;Utilizzato;Inesploso
2641678;12;02/01/2016 11:50;Strada Urbana;VIA ALFONSINE;in prossimità;;del civico n.;15;;Veicolo in marcia contro veicoli in arresto;Rettilineo;Una carreggiata a doppio senso;Bagnato (pioggia);Asfaltata;Verticale ed orizzontale;Pioggia in atto;Normale;Buona;Ore Diurne;0;0;0;2;12.42553;41.78788;-1;2;Autovettura privata;In marcia / fermata / arresto;Conducente;M;Illeso;0;;Utilizzato;Inesploso
2641681;2;03/01/2016 01:30;Strada Urbana;VIA RUGGERO GIOVANNELLI;in corrispondenza;;del civico n.;2;;Veicolo in marcia contro veicolo in sosta;Rettilineo;Una carreggiata a senso unico di marcia;Bagnato (pioggia);Asfaltata;Verticale ed orizzontale;Pioggia in atto;Scarso;Sufficiente;Sufficiente;0;0;0;1;12.49418;41.91547;-1;1;Autovettura privata;In marcia / fermata / arresto;Conducente;M;Illeso;0;;Non accertato;Inesploso
2641682;19;03/01/2016 11:45;Strada Urbana;VIA LATTANZIO;in prossimità;;del civico n.;22;;Veicolo in marcia contro veicoli in sosta;Rettilineo;Una carreggiata a doppio senso;Viscido da liquidi oleosi;Asfaltata;Assente;Sereno;Normale;Buona;Ore Diurne;0;0;0;2;12.44132;41.91245;-1;1;Autovettura privata;In marcia / fermata / arresto;Conducente;M;Illeso;0;;Non accertato;Inesploso
2641682;19;03/01/2016 11:45;Strada Urbana;VIA LATTANZIO;in prossimità;;del civico n.;22;;Veicolo in marcia contro veicoli in sosta;Rettilineo;Una carreggiata a doppio senso;Viscido da liquidi oleosi;Asfaltata;Assente;Sereno;Normale;Buona;Ore Diurne;0;0;0;2;12.44132;41.91245;-1;2;Autovettura privata;In marcia / fermata / arresto;Conducente;F;Illeso;0;;Non accertato;Inesploso
2641684;12;02/01/2016 11:50;Strada Urbana;VIA CRISTOFORO COLOMBO;all'intersezione semaforizzata con;LARGO GIUSEPPE PELLA;LARGO GIUSEPPE PELLA;;;Veicolo in marcia contro ostacolo fisso;Incrocio;Due carreggiate;Bagnato (pioggia);Asfaltata;Verticale ed orizzontale;Nuvoloso;Intenso;Buona;Ore Diurne;0;0;0;1;12.46876;41.82977;-1;1;Veicolo speciale;In marcia / fermata / arresto;Conducente;M;Illeso;0;;Non accertato;Inesistente
2641685;9;02/01/2016 16:30;Strada Urbana;VIA GINO CAPPONI;da specificare;;;;PROX VIA F. VALESIO;Scontro laterale fra veicoli in marcia;Rettilineo;Una carreggiata a senso unico di marcia;Asciutto;Asfaltata;Verticale ed orizzontale;Sereno;Normale;Sufficiente;Sufficiente;0;0;0;1;12.52051;41.87527;-1;1;Autovettura privata;In marcia / fermata / arresto;Conducente;F;Illeso;0;;;
2641686;1;02/01/2016 14:00;Strada Urbana;PIAZZA DI PORTA MAGGIORE;in prossimità;;del civico n.;27;;Scontro frontale/laterale SX fra veicoli in marcia;Rettilineo;Una carreggiata a senso unico di marcia;Bagnato (pioggia);Asfaltata;Verticale ed orizzontale;Nuvoloso;Scarso;Buona;Ore Diurne;0;0;0;4;12.5139;41.89129;-1;1;Autovettura privata;In marcia / fermata / arresto;Conducente;M;Illeso;0;;Non accertato;
2641686;1;02/01/2016 14:00;Strada Urbana;PIAZZA DI PORTA MAGGIORE;in prossimità;;del civico n.;27;;Scontro frontale/laterale SX fra veicoli in marcia;Rettilineo;Una carreggiata a senso unico di marcia;Bagnato (pioggia);Asfaltata;Verticale ed orizzontale;Nuvoloso;Scarso;Buona;Ore Diurne;0;0;0;4;12.5139;41.89129;-1;1;Autovettura privata;In marcia / fermata / arresto;Passeggero;F;Illeso;0;;Utilizzato;
2641686;1;02/01/2016 14:00;Strada Urbana;PIAZZA DI PORTA MAGGIORE;in prossimità;;del civico n.;27;;Scontro frontale/laterale SX fra veicoli in marcia;Rettilineo;Una carreggiata a senso unico di marcia;Bagnato (pioggia);Asfaltata;Verticale ed orizzontale;Nuvoloso;Scarso;Buona;Ore Diurne;0;0;0;4;12.5139;41.89129;-1;1;Autovettura privata;In marcia / fermata / arresto;Passeggero;F;Illeso;0;;Utilizzato;
2641686;1;02/01/2016 14:00;Strada Urbana;PIAZZA DI PORTA MAGGIORE;in prossimità;;del civico n.;27;;Scontro frontale/laterale SX fra veicoli in marcia;Rettilineo;Una carreggiata a senso unico di marcia;Bagnato (pioggia);Asfaltata;Verticale ed orizzontale;Nuvoloso;Scarso;Buona;Ore Diurne;0;0;0;4;12.5139;41.89129;-1;2;Autobus turistico;In marcia / fermata / arresto;Conducente;M;Illeso;0;;Non accertato;
2641692;12;02/01/2016 10:00;Strada Urbana;VIA CRISTOFORO COLOMBO;da specificare;;;;direzione Roma prossimità Via C.Levi;Veicolo in marcia contro ostacolo fisso;Rettilineo;Due carreggiate;Bagnato (pioggia);Asfaltata;Verticale ed orizzontale;Nuvoloso;Normale;Buona;Ore Diurne;0;0;0;1;12.45975;41.81263;-1;1;Autovettura privata;In marcia / fermata / arresto;Conducente;F;Illeso;0;;Non accertato;Inesploso
2641703;12;02/01/2016 13:25;Strada Urbana;VIA DI TRIGORIA;all'intersezione con;VIA ANTONINO GIUFFRE';VIA ANTONINO GIUFFRE';;;Scontro frontale/laterale SX fra veicoli in marcia;Incrocio;Una carreggiata a doppio senso;Bagnato (umidità in atto);Asfaltata;Verticale ed orizzontale;Nuvoloso;Scarso;Sufficiente;Ore Diurne;2;0;0;1;12.47951;41.7708;-1;1;Autovettura privata;In marcia / fermata / arresto;Conducente;F;Illeso;0;;Non accertato;Inesploso
2641703;12;02/01/2016 13:25;Strada Urbana;VIA DI TRIGORIA;all'intersezione con;VIA ANTONINO GIUFFRE';VIA ANTONINO GIUFFRE';;;Scontro frontale/laterale SX fra veicoli in marcia;Incrocio;Una carreggiata a doppio senso;Bagnato (umidità in atto);Asfaltata;Verticale ed orizzontale;Nuvoloso;Scarso;Sufficiente;Ore Diurne;2;0;0;1;12.47951;41.7708;-1;2;Autovettura privata;In marcia / fermata / arresto;Conducente;M;Rimandato;0;NON DECEDUTO;Non accertato;Inesploso
2641703;12;02/01/2016 13:25;Strada Urbana;VIA DI TRIGORIA;all'intersezione con;VIA ANTONINO GIUFFRE';VIA ANTONINO GIUFFRE';;;Scontro frontale/laterale SX fra veicoli in marcia;Incrocio;Una carreggiata a doppio senso;Bagnato (umidità in atto);Asfaltata;Verticale ed orizzontale;Nuvoloso;Scarso;Sufficiente;Ore Diurne;2;0;0;1;12.47951;41.7708;-1;2;Autovettura privata;In marcia / fermata / arresto;Passeggero;F;Rimandato;0;NON DECEDUTO;Non accertato;Inesploso
2641743;16;02/01/2016 21:35;Strada Urbana;VIA DELLA MAGLIANA;da specificare;;;;fronte civico 303;Scontro frontale/laterale DX fra veicoli in marcia;Rettilineo;Una carreggiata a doppio senso;Bagnato (pioggia);Asfaltata;Verticale ed orizzontale;Pioggia in atto;Normale;Sufficiente;Sufficiente;0;0;0;4;12.4188;41.84128;-1;1;Autovettura privata;In marcia / fermata / arresto;Conducente;M;Illeso;0;;Non accertato;
2641743;16;02/01/2016 21:35;Strada Urbana;VIA DELLA MAGLIANA;da specificare;;;;fronte civico 303;Scontro frontale/laterale DX fra veicoli in marcia;Rettilineo;Una carreggiata a doppio senso;Bagnato (pioggia);Asfaltata;Verticale ed orizzontale;Pioggia in atto;Normale;Sufficiente;Sufficiente;0;0;0;4;12.4188;41.84128;-1;1;Autovettura privata;In marcia / fermata / arresto;Passeggero;F;Illeso;0;;Non accertato;
2641743;16;02/01/2016 21:35;Strada Urbana;VIA DELLA MAGLIANA;da specificare;;;;fronte civico 303;Scontro frontale/laterale DX fra veicoli in marcia;Rettilineo;Una carreggiata a doppio senso;Bagnato (pioggia);Asfaltata;Verticale ed orizzontale;Pioggia in atto;Normale;Sufficiente;Sufficiente;0;0;0;4;12.4188;41.84128;-1;2;Autovettura privata;In marcia / fermata / arresto;Conducente;F;Illeso;0;;Non accertato;
2641743;16;02/01/2016 21:35;Strada Urbana;VIA DELLA MAGLIANA;da specificare;;;;fronte civico 303;Scontro frontale/laterale DX fra veicoli in marcia;Rettilineo;Una carreggiata a doppio senso;Bagnato (pioggia);Asfaltata;Verticale ed orizzontale;Pioggia in atto;Normale;Sufficiente;Sufficiente;0;0;0;4;12.4188;41.84128;-1;2;Autovettura privata;In marcia / fermata / arresto;Passeggero;M;Illeso;0;;Non accertato;
2641744;19;04/01/2016 01:20;Strada Urbana;VIA MATTIA BATTISTINI;in prossimità;;del civico n.;504;;Veicolo in marcia contro veicoli in sosta;Rettilineo;Una carreggiata a doppio senso;Asciutto;Asfaltata;Orizzontale;Nuvoloso;Scarso;Sufficiente;Sufficiente;1;0;0;0;12.41937;41.92035;-1;1;Autovettura privata;In marcia / fermata / arresto;Conducente;M;Rifiuta cure immediate;0;NON DECEDUTO;;
2641754;16;03/01/2016 09:30;Strada Urbana;VIALE DI TRASTEVERE;all'intersezione con;VIA MATTIA MONTECCHI;VIA MATTIA MONTECCHI;;;Tamponamento;Incrocio;Più di due carreggiate;Asciutto;Asfaltata;Assente;Sereno;Normale;Buona;Ore Diurne;0;0;0;3;12.46776;41.88147;-1;1;Autovettura privata;In marcia / fermata / arresto;Conducente;M;Illeso;0;;;
2641754;16;03/01/2016 09:30;Strada Urbana;VIALE DI TRASTEVERE;all'intersezione con;VIA MATTIA MONTECCHI;VIA MATTIA MONTECCHI;;;Tamponamento;Incrocio;Più di due carreggiate;Asciutto;Asfaltata;Assente;Sereno;Normale;Buona;Ore Diurne;0;0;0;3;12.46776;41.88147;-1;1;Autovettura privata;In marcia / fermata / arresto;Passeggero;F;Illeso;0;;Non accertato;Inesploso
2641754;16;03/01/2016 09:30;Strada Urbana;VIALE DI TRASTEVERE;all'intersezione con;VIA MATTIA MONTECCHI;VIA MATTIA MONTECCHI;;;Tamponamento;Incrocio;Più di due carreggiate;Asciutto;Asfaltata;Assente;Sereno;Normale;Buona;Ore Diurne;0;0;0;3;12.46776;41.88147;-1;2;Motociclo con passeggero;In marcia / fermata / arresto;Conducente;M;Illeso;0;;Non accertato;
2641760;12;02/01/2016 14:15;Statale;VIA OSTIENSE;da specificare;;;;in prox rampa GRA carreggiata interna;Veicolo in marcia contro ostacolo fisso;Curva senza visuale libera;Una carreggiata a doppio senso;Bagnato (umidità in atto);Asfaltata;Verticale ed orizzontale;Nuvoloso;Scarso;Sufficiente;Ore Diurne;0;0;0;5;12.42158;41.80872;-1;1;Autovettura privata;In marcia / fermata / arresto;Conducente;F;Illeso;0;;Non accertato;Inesistente
2641760;12;02/01/2016 14:15;Statale;VIA OSTIENSE;da specificare;;;;in prox rampa GRA carreggiata interna;Veicolo in marcia contro ostacolo fisso;Curva senza visuale libera;Una carreggiata a doppio senso;Bagnato (umidità in atto);Asfaltata;Verticale ed orizzontale;Nuvoloso;Scarso;Sufficiente;Ore Diurne;0;0;0;5;12.42158;41.80872;-1;1;Autovettura privata;In marcia / fermata / arresto;Passeggero;F;Illeso;0;;Non accertato;Inesploso
2641760;12;02/01/2016 14:15;Statale;VIA OSTIENSE;da specificare;;;;in prox rampa GRA carreggiata interna;Veicolo in marcia contro ostacolo fisso;Curva senza visuale libera;Una carreggiata a doppio senso;Bagnato (umidità in atto);Asfaltata;Verticale ed orizzontale;Nuvoloso;Scarso;Sufficiente;Ore Diurne;0;0;0;5;12.42158;41.80872;-1;1;Autovettura privata;In marcia / fermata / arresto;Passeggero;M;Illeso;0;;Non accertato;Inesistente
2641760;12;02/01/2016 14:15;Statale;VIA OSTIENSE;da specificare;;;;in prox rampa GRA carreggiata interna;Veicolo in marcia contro ostacolo fisso;Curva senza visuale libera;Una carreggiata a doppio senso;Bagnato (umidità in atto);Asfaltata;Verticale ed orizzontale;Nuvoloso;Scarso;Sufficiente;Ore Diurne;0;0;0;5;12.42158;41.80872;-1;1;Autovettura privata;In marcia / fermata / arresto;Passeggero;F;Illeso;0;;Non accertato;Inesistente
2641760;12;02/01/2016 14:15;Statale;VIA OSTIENSE;da specificare;;;;in prox rampa GRA carreggiata interna;Veicolo in marcia contro ostacolo fisso;Curva senza visuale libera;Una carreggiata a doppio senso;Bagnato (umidità in atto);Asfaltata;Verticale ed orizzontale;Nuvoloso;Scarso;Sufficiente;Ore Diurne;0;0;0;5;12.42158;41.80872;-1;1;Autovettura privata;In marcia / fermata / arresto;Passeggero;M;Illeso;0;;Non accertato;Inesistente
2641762;2;02/01/2016 19:20;Strada Urbana;VIALE PIETRO DE COUBERTIN;all'intersezione con;VIALE TIZIANO;VIALE TIZIANO;;;Investimento di pedone;Incrocio;Una carreggiata a doppio senso;Bagnato (pioggia);Asfaltata;Verticale ed orizzontale;Pioggia in atto;Normale;Insufficiente;Insufficiente;1;0;0;2;12.47327;41.92956;-1;;;;Pedone;F;Ricoverato;0;NON DECEDUTO;;
2641762;2;02/01/2016 19:20;Strada Urbana;VIALE PIETRO DE COUBERTIN;all'intersezione con;VIALE TIZIANO;VIALE TIZIANO;;;Investimento di pedone;Incrocio;Una carreggiata a doppio senso;Bagnato (pioggia);Asfaltata;Verticale ed orizzontale;Pioggia in atto;Normale;Insufficiente;Insufficiente;1;0;0;2;12.47327;41.92956;-1;1;Autovettura privata;In marcia / fermata / arresto;Conducente;M;Illeso;0;;;
2641762;2;02/01/2016 19:20;Strada Urbana;VIALE PIETRO DE COUBERTIN;all'intersezione con;VIALE TIZIANO;VIALE TIZIANO;;;Investimento di pedone;Incrocio;Una carreggiata a doppio senso;Bagnato (pioggia);Asfaltata;Verticale ed orizzontale;Pioggia in atto;Normale;Insufficiente;Insufficiente;1;0;0;2;12.47327;41.92956;-1;1;Autovettura privata;In marcia / fermata / arresto;Passeggero;F;Illeso;0;;;
2641764;7;03/01/2016 22:30;Strada Urbana;VIA PRENESTINA;in corrispondenza;;del civico n.;222f;;Veicolo in marcia contro veicolo in sosta;Rettilineo;Due carreggiate;Asciutto;Asfaltata;Verticale ed orizzontale;Sereno;Normale;Buona;Sufficiente;0;0;0;3;12.53829;41.8923;-1;1;Autovettura privata;In marcia / fermata / arresto;Conducente;M;Illeso;0;;Non accertato;Inesploso
2641764;7;03/01/2016 22:30;Strada Urbana;VIA PRENESTINA;in corrispondenza;;del civico n.;222f;;Veicolo in marcia contro veicolo in sosta;Rettilineo;Due carreggiate;Asciutto;Asfaltata;Verticale ed orizzontale;Sereno;Normale;Buona;Sufficiente;0;0;0;3;12.53829;41.8923;-1;1;Autovettura privata;In marcia / fermata / arresto;Passeggero;F;Illeso;0;;;