Protocollo;Gruppo;DataOraIncidente;Localizzazione1;STRADA1;Localizzazione2;STRADA2;Strada02;Chilometrica;DaSpecificare;NaturaIncidente;particolaritastrade;TipoStrada;FondoStradale;Pavimentazione;Segnaletica;CondizioneAtmosferica;Traffico;Visibilita;Illuminazione;NUM_FERITI;NUM_RISERVATA;NUM_MORTI;NUM_ILLESI;Longitudine;Latitudine;Confermato;Progressivo;TipoVeicolo;StatoVeicolo;TipoPersona;Sesso;Tipolesione;Deceduto;DecedutoDopo;CinturaCascoUtilizzato;Airbag
2642445;7;04/01/2016 12:45;Strada Urbana;VIALE ALESSANDRINO;all'intersezione con;VIA DEGLI OLMI;VIA DEGLI OLMI;;;Scontro laterale fra veicoli in marcia;Incrocio;Una carreggiata a doppio senso;Bagnato (pioggia);Asfaltata;Verticale ed orizzontale;Nuvoloso;Normale;Buona;Ore Diurne;0;0;0;3;12.57796;41.87921;-1;2;Autovettura privata;In marcia / fermata / arresto;Conducente;F;Illeso;0;;Non accertato;Inesploso
2642448;10;04/01/2016 09:40;Strada Urbana;VIA WALTER PROCACCINI;da specificare;;;;rotatoria con via B. Rizzieri;Scontro frontale/laterale DX fra veicoli in marcia;Rotatoria;Una carreggiata a senso unico di marcia;Asciutto;Asfaltata;Verticale;Sereno;Normale;Buona;Ore Diurne;0;0;0;3;12.58304;41.85187;-1;1;Autovettura privata;In marcia / fermata / arresto;Passeggero;F;Illeso;0;;Non accertato;Inesploso
2642448;10;04/01/2016 09:40;Strada Urbana;VIA WALTER PROCACCINI;da specificare;;;;rotatoria con via B. Rizzieri;Scontro frontale/laterale DX fra veicoli in marcia;Rotatoria;Una carreggiata a senso unico di marcia;Asciutto;Asfaltata;Verticale;Sereno;Normale;Buona;Ore Diurne;0;0;0;3;12.58304;41.85187;-1;1;Autovettura privata;In marcia / fermata / arresto;Conducente;F;Illeso;0;;Non accertato;Inesploso
2642448;10;04/01/2016 09:40;Strada Urbana;VIA WALTER PROCACCINI;da specificare;;;;rotatoria con via B. Rizzieri;Scontro frontale/laterale DX fra veicoli in marcia;Rotatoria;Una carreggiata a senso unico di marcia;Asciutto;Asfaltata;Verticale;Sereno;Normale;Buona;Ore Diurne;0;0;0;3;12.58304;41.85187;-1;2;Autovettura privata;In marcia / fermata / arresto;Conducente;M;Illeso;0;;Non accertato;Inesploso
2642456;15;04/01/2016 13:30;Strada Urbana;VIA PORTUENSE;da specificare;;;;viadotto direzione Trullo;Veicolo in marcia contro ostacolo fisso;Curva senza visuale libera;Una carreggiata a senso unico di marcia;Bagnato (umidità in atto);Asfaltata;Verticale ed orizzontale;Nuvoloso;Scarso;Buona;Ore Diurne;0;0;0;1;12.40939;41.84342;-1;1;Autovettura privata;In marcia / fermata / arresto;Conducente;M;Illeso;0;;;
2642460;10;04/01/2016 09:50;Strada Urbana;VIA TUSCOLANA;da specificare;;;;DIREZ. ROMA CENNTRO ALT. SOTTOPASSO GRA;Scontro laterale fra veicoli in marcia;Curva a visuale libera;Una carreggiata a senso unico di marcia;Bagnato (pioggia);Asfaltata;Orizzontale;Pioggia in atto;Normale;Buona;Ore Diurne;0;0;0;3;12.59329;41.83973;-1;1;Autovettura privata;In marcia / fermata / arresto;Conducente;M;Illeso;0;;Non accertato;Inesploso
2642460;10;04/01/2016 09:50;Strada Urbana;VIA TUSCOLANA;da specificare;;;;DIREZ. ROMA CENNTRO ALT. SOTTOPASSO GRA;Scontro laterale fra veicoli in marcia;Curva a visuale libera;Una carreggiata a senso unico di marcia;Bagnato (pioggia);Asfaltata;Orizzontale;Pioggia in atto;Normale;Buona;Ore Diurne;0;0;0;3;12.59329;41.83973;-1;1;Autovettura privata;In marcia / fermata / arresto;Passeggero;F;Illeso;0;;Non accertato;Inesploso
2642460;10;04/01/2016 09:50;Strada Urbana;VIA TUSCOLANA;da specificare;;;;DIREZ. ROMA CENNTRO ALT. SOTTOPASSO GRA;Scontro laterale fra veicoli in marcia;Curva a visuale libera;Una carreggiata a senso unico di marcia;Bagnato (pioggia);Asfaltata;Orizzontale;Pioggia in atto;Normale;Buona;Ore Diurne;0;0;0;3;12.59329;41.83973;-1;2;Autovettura privata;In marcia / fermata / arresto;Conducente;M;Illeso;0;;Non accertato;Inesploso
2642472;5;04/01/2016 12:20;Strada Urbana;VIA DONATO MENICHELLA;all'intersezione con;VIA ALDO SANDULLI;VIA ALDO SANDULLI;;;Scontro frontale/laterale SX fra veicoli in marcia;Incrocio;Una carreggiata a senso unico di marcia;Bagnato (pioggia);Asfaltata;Verticale ed orizzontale;Pioggia in atto;Normale;Buona;Ore Diurne;1;0;0;1;12.58589;41.94785;-1;1;Autovettura privata;In marcia / fermata / arresto;Conducente;M;Illeso;0;;Non accertato;Inesploso
2642472;5;04/01/2016 12:20;Strada Urbana;VIA DONATO MENICHELLA;all'intersezione con;VIA ALDO SANDULLI;VIA ALDO SANDULLI;;;Scontro frontale/laterale SX fra veicoli in marcia;Incrocio;Una carreggiata a senso unico di marcia;Bagnato (pioggia);Asfaltata;Verticale ed orizzontale;Pioggia in atto;Normale;Buona;Ore Diurne;1;0;0;1;12.58589;41.94785;-1;2;Autobus di linea;In marcia / fermata / arresto;Conducente;M;Rimandato;0;NON DECEDUTO;Non accertato;Inesploso
2642477;5;04/01/2016 12:50;Strada Urbana;VIA RINALDO D'AQUINO;da specificare;;;;prossimità VIA D. DA MAIANO;Veicolo in marcia contro ostacolo fisso;Rettilineo;Due carreggiate;Bagnato (pioggia);Asfaltata;Verticale ed orizzontale;Nuvoloso;Normale;Buona;Ore Diurne;0;0;0;1;12.60819;41.9596;-1;1;Autovettura privata;In marcia / fermata / arresto;Conducente;M;Illeso;0;;Non accertato;
2642479;10;04/01/2016 10:10;Strada Urbana;VIA FILOMUSI GUELFI;all'intersezione con;VIA CARLO FADDA;VIA CARLO FADDA;;;Scontro frontale/laterale DX fra veicoli in marcia;Incrocio;Una carreggiata a senso unico di marcia;Bagnato (pioggia);Asfaltata;Verticale ed orizzontale;Pioggia in atto;Normale;Buona;Ore Diurne;1;0;0;1;12.57096;41.86256;-1;1;Ciclomotore;In marcia / fermata / arresto;Conducente;M;Rimandato;0;NON DECEDUTO;Non accertato;
2642479;10;04/01/2016 10:10;Strada Urbana;VIA FILOMUSI GUELFI;all'intersezione con;VIA CARLO FADDA;VIA CARLO FADDA;;;Scontro frontale/laterale DX fra veicoli in marcia;Incrocio;Una carreggiata a senso unico di marcia;Bagnato (pioggia);Asfaltata;Verticale ed orizzontale;Pioggia in atto;Normale;Buona;Ore Diurne;1;0;0;1;12.57096;41.86256;-1;2;Autovettura privata;In marcia / fermata / arresto;Conducente;F;Illeso;0;;Non accertato;Inesploso
2642480;5;04/01/2016 13:40;Strada Urbana;VIALE PALMIRO TOGLIATTI;da specificare;;;;INVERSIONE DI MARCIA direz. Tiburtina;Veicolo in marcia contro ostacolo fisso;Curva a visuale libera;Una carreggiata a senso unico di marcia;Bagnato (pioggia);Asfaltata;Assente;Nuvoloso;Normale;Buona;Ore Diurne;2;0;0;0;12.57288;41.90762;-1;1;Autovettura privata;In marcia / fermata / arresto;Conducente;M;Rimandato;0;NON DECEDUTO;Non accertato;
2642480;5;04/01/2016 13:40;Strada Urbana;VIALE PALMIRO TOGLIATTI;da specificare;;;;INVERSIONE DI MARCIA direz. Tiburtina;Veicolo in marcia contro ostacolo fisso;Curva a visuale libera;Una carreggiata a senso unico di marcia;Bagnato (pioggia);Asfaltata;Assente;Nuvoloso;Normale;Buona;Ore Diurne;2;0;0;0;12.57288;41.90762;-1;1;Autovettura privata;In marcia / fermata / arresto;Passeggero;M;Rimandato;0;NON DECEDUTO;Non accertato;
2642481;5;04/01/2016 13:50;Strada Urbana;VIALE PALMIRO TOGLIATTI;da specificare;;;;INVERSIONE DI MARCIA direzione Tiburtina ;Veicolo in marcia contro ostacolo fisso;Curva a visuale libera;Una carreggiata a senso unico di marcia;Bagnato (pioggia);Asfaltata;Assente;Nuvoloso;Normale;Buona;Ore Diurne;0;0;0;1;12.57357;41.90814;-1;1;Autovettura privata;In marcia / fermata / arresto;Conducente;F;Illeso;0;;Non accertato;Inesploso
2642483;5;04/01/2016 16:50;Strada Urbana;VIA TIBURTINA;in corrispondenza;;del civico n.;1137;;Scontro frontale/laterale SX fra veicoli in marcia;Rettilineo;Due carreggiate;Bagnato (pioggia);Asfaltata;Assente;Nuvoloso;Normale;Buona;Ore Diurne;0;0;0;3;12.5938;41.93286;-1;1;Autovettura privata;In marcia / fermata / arresto;Conducente;F;Illeso;0;;Non accertato;Inesploso
2642483;5;04/01/2016 16:50;Strada Urbana;VIA TIBURTINA;in corrispondenza;;del civico n.;1137;;Scontro frontale/laterale SX fra veicoli in marcia;Rettilineo;Due carreggiate;Bagnato (pioggia);Asfaltata;Assente;Nuvoloso;Normale;Buona;Ore Diurne;0;0;0;3;12.5938;41.93286;-1;1;Autovettura privata;In marcia / fermata / arresto;Passeggero;F;Illeso;0;;Non accertato;Inesploso
2642483;5;04/01/2016 16:50;Strada Urbana;VIA TIBURTINA;in corrispondenza;;del civico n.;1137;;Scontro frontale/laterale SX fra veicoli in marcia;Rettilineo;Due carreggiate;Bagnato (pioggia);Asfaltata;Assente;Nuvoloso;Normale;Buona;Ore Diurne;0;0;0;3;12.5938;41.93286;-1;2;Autovettura privata;In marcia / fermata / arresto;Conducente;F;Illeso;0;;Non accertato;Inesploso
2642484;5;04/01/2016 21:40;Strada Urbana;VIALE DELLA PRIMAVERA;in prossimità;;del civico n.;79;;Veicolo in marcia contro ostacolo fisso;Rettilineo;Due carreggiate;Bagnato (umidità in atto);Asfaltata;Assente;Nuvoloso;Normale;Buona;Sufficiente;0;0;0;2;12.56116;41.88409;-1;1;Autovettura privata;In marcia / fermata / arresto;Conducente;M;Illeso;0;;Non accertato;Inesistente
2642484;5;04/01/2016 21:40;Strada Urbana;VIALE DELLA PRIMAVERA;in prossimità;;del civico n.;79;;Veicolo in marcia contro ostacolo fisso;Rettilineo;Due carreggiate;Bagnato (umidità in atto);Asfaltata;Assente;Nuvoloso;Normale;Buona;Sufficiente;0;0;0;2;12.56116;41.88409;-1;1;Autovettura privata;In marcia / fermata / arresto;Passeggero;M;Illeso;0;;Non accertato;Inesistente
2642485;10;04/01/2016 10:15;Strada Urbana;VIALE DEI CONSOLI;in corrispondenza;;del civico n.;141;;Veicolo in marcia contro veicoli in sosta;Rettilineo;Due carreggiate;Bagnato (pioggia);Asfaltata;Assente;Pioggia in atto;Normale;Buona;Ore Diurne;0;0;0;1;12.55225;41.86407;-1;1;Autovettura privata;In marcia / fermata / arresto;Conducente;F;Illeso;0;;Non accertato;Inesploso
2642488;5;04/01/2016 12:30;Strada Urbana;VIA RINALDO D'AQUINO;da specificare;;;;p.tà VIA D. DA MAIANO;Veicolo in marcia contro ostacolo fisso;Rettilineo;Due carreggiate;Bagnato (pioggia);Asfaltata;Verticale ed orizzontale;Pioggia in atto;Normale;Sufficiente;Ore Diurne;1;0;0;0;12.60789;41.9594;-1;1;Autovettura privata;In marcia / fermata / arresto;Conducente;F;Rimandato;0;NON DECEDUTO;Non accertato;Esploso
2642493;10;04/01/2016 12:25;Strada Urbana;VIALE DEI CONSOLI;all'intersezione semaforizzata con;VIA SCRIBONIO CURIONE;VIA SCRIBONIO CURIONE;;;Scontro frontale/laterale DX fra veicoli in marcia;Intersezione semaforizzata;Due carreggiate;Bagnato (pioggia);Asfaltata;Verticale ed orizzontale;Nuvoloso;Normale;Buona;Ore Diurne;2;0;0;1;12.55382;41.86365;-1;1;Autovettura privata;In marcia / fermata / arresto;Conducente;F;Rimandato;0;NON DECEDUTO;Non accertato;Inesploso
2642493;10;04/01/2016 12:25;Strada Urbana;VIALE DEI CONSOLI;all'intersezione semaforizzata con;VIA SCRIBONIO CURIONE;VIA SCRIBONIO CURIONE;;;Scontro frontale/laterale DX fra veicoli in marcia;Intersezione semaforizzata;Due carreggiate;Bagnato (pioggia);Asfaltata;Verticale ed orizzontale;Nuvoloso;Normale;Buona;Ore Diurne;2;0;0;1;12.55382;41.86365;-1;1;Autovettura privata;In marcia / fermata / arresto;Passeggero;M;Rimandato;0;NON DECEDUTO;Non accertato;Inesploso
2642493;10;04/01/2016 12:25;Strada Urbana;VIALE DEI CONSOLI;all'intersezione semaforizzata con;VIA SCRIBONIO CURIONE;VIA SCRIBONIO CURIONE;;;Scontro frontale/laterale DX fra veicoli in marcia;Intersezione semaforizzata;Due carreggiate;Bagnato (pioggia);Asfaltata;Verticale ed orizzontale;Nuvoloso;Normale;Buona;Ore Diurne;2;0;0;1;12.55382;41.86365;-1;2;Autocarro inferiore 35 q.;In marcia / fermata / arresto;Conducente;M;Illeso;0;;Non accertato;Inesploso
2642499;10;04/01/2016 13:20;Strada Urbana;VIA ANAGNINA;da specificare;;;;rampa dir rm centro sotto gra;Veicolo in marcia contro ostacolo fisso;Curva a visuale libera;Due carreggiate;Bagnato (pioggia);Asfaltata;Verticale ed orizzontale;Pioggia in atto;Normale;Sufficiente;Ore Diurne;0;0;0;2;12.61277;41.81922;-1;1;Autovettura privata;In marcia / fermata / arresto;Conducente;F;Illeso;0;;Non accertato;Inesistente
2642499;10;04/01/2016 13:20;Strada Urbana;VIA ANAGNINA;da specificare;;;;rampa dir rm centro sotto gra;Veicolo in marcia contro ostacolo fisso;Curva a visuale libera;Due carreggiate;Bagnato (pioggia);Asfaltata;Verticale ed orizzontale;Pioggia in atto;Normale;Sufficiente;Ore Diurne;0;0;0;2;12.61277;41.81922;-1;1;Autovettura privata;In marcia / fermata / arresto;Passeggero;M;Illeso;0;;Non accertato;Inesistente
2642506;10;04/01/2016 13:30;Strada Urbana;VIA ANAGNINA;da specificare;;;;rampa dir RM centro sotto G.R.A.;Scontro laterale fra veicoli in marcia;Curva senza visuale libera;Due carreggiate;Bagnato (pioggia);Asfaltata;Verticale ed orizzontale;Nuvoloso;Normale;Sufficiente;Ore Diurne;1;0;0;3;12.59062;41.83745;-1;1;Autovettura privata;In marcia / fermata / arresto;Conducente;M;Rimandato;0;NON DECEDUTO;Non accertato;Inesploso
2642506;10;04/01/2016 13:30;Strada Urbana;VIA ANAGNINA;da specificare;;;;rampa dir RM centro sotto G.R.A.;Scontro laterale fra veicoli in marcia;Curva senza visuale libera;Due carreggiate;Bagnato (pioggia);Asfaltata;Verticale ed orizzontale;Nuvoloso;Normale;Sufficiente;Ore Diurne;1;0;0;3;12.59062;41.83745;-1;2;Autovettura privata;In marcia / fermata / arresto;Conducente;F;Illeso;0;;Non accertato;Inesploso
2642506;10;04/01/2016 13:30;Strada Urbana;VIA ANAGNINA;da specificare;;;;rampa dir RM centro sotto G.R.A.;Scontro laterale fra veicoli in marcia;Curva senza visuale libera;Due carreggiate;Bagnato (pioggia);Asfaltata;Verticale ed orizzontale;Nuvoloso;Normale;Sufficiente;Ore Diurne;1;0;0;3;12.59062;41.83745;-1;2;Autovettura privata;In marcia / fermata / arresto;Passeggero;F;Illeso;0;;Non accertato;Inesploso
2642506;10;04/01/2016 13:30;Strada Urbana;VIA ANAGNINA;da specificare;;;;rampa dir RM centro sotto G.R.A.;Scontro laterale fra veicoli in marcia;Curva senza visuale libera;Due carreggiate;Bagnato (pioggia);Asfaltata;Verticale ed orizzontale;Nuvoloso;Normale;Sufficiente;Ore Diurne;1;0;0;3;12.59062;41.83745;-1;2;Autovettura privata;In marcia / fermata / arresto;Passeggero;M;Illeso;0;;Non accertato;Inesploso
2642508;10;04/01/2016 14:20;Strada Urbana;VIA LEOPOLDO MICUCCI;all'intersezione con;VIA DEL PONTE DELLE SETTE MIGLIA;VIA DEL PONTE DELLE SETTE MIGLIA;;;Scontro frontale/laterale SX fra veicoli in marcia;Incrocio;Una carreggiata a doppio senso;Bagnato (pioggia);Asfaltata;Verticale ed orizzontale;Nuvoloso;Normale;Buona;Ore Diurne;10;0;0;4;12.60094;41.8374;-1;1;Autovettura privata;In marcia / fermata / arresto;Conducente;M;Rimandato;0;NON DECEDUTO;Non accertato;Inesploso
2642508;10;04/01/2016 14:20;Strada Urbana;VIA LEOPOLDO MICUCCI;all'intersezione con;VIA DEL PONTE DELLE SETTE MIGLIA;VIA DEL PONTE DELLE SETTE MIGLIA;;;Scontro frontale/laterale SX fra veicoli in marcia;Incrocio;Una carreggiata a doppio senso;Bagnato (pioggia);Asfaltata;Verticale ed orizzontale;Nuvoloso;Normale;Buona;Ore Diurne;10;0;0;4;12.60094;41.8374;-1;1;Autovettura privata;In marcia / fermata / arresto;Passeggero;F;Rimandato;0;NON DECEDUTO;Non accertato;Inesploso
2642508;10;04/01/2016 14:20;Strada Urbana;VIA LEOPOLDO MICUCCI;all'intersezione con;VIA DEL PONTE DELLE SETTE MIGLIA;VIA DEL PONTE DELLE SETTE MIGLIA;;;Scontro frontale/laterale SX fra veicoli in marcia;Incrocio;Una carreggiata a doppio senso;Bagnato (pioggia);Asfaltata;Verticale ed orizzontale;Nuvoloso;Normale;Buona;Ore Diurne;10;0;0;4;12.60094;41.8374;-1;1;Autovettura privata;In marcia / fermata / arresto;Passeggero;M;Rimandato;0;NON DECEDUTO;Non accertato;Esploso
2642508;10;04/01/2016 14:20;Strada Urbana;VIA LEOPOLDO MICUCCI;all'intersezione con;VIA DEL PONTE DELLE SETTE MIGLIA;VIA DEL PONTE DELLE SETTE MIGLIA;;;Scontro frontale/laterale SX fra veicoli in marcia;Incrocio;Una carreggiata a doppio senso;Bagnato (pioggia);Asfaltata;Verticale ed orizzontale;Nuvoloso;Normale;Buona;Ore Diurne;10;0;0;4;12.60094;41.8374;-1;1;Autovettura privata;In marcia / fermata / arresto;Passeggero;M;Rimandato;0;NON DECEDUTO;Non accertato;Esploso
2642508;10;04/01/2016 14:20;Strada Urbana;VIA LEOPOLDO MICUCCI;all'intersezione con;VIA DEL PONTE DELLE SETTE MIGLIA;VIA DEL PONTE DELLE SETTE MIGLIA;;;Scontro frontale/laterale SX fra veicoli in marcia;Incrocio;Una carreggiata a doppio senso;Bagnato (pioggia);Asfaltata;Verticale ed orizzontale;Nuvoloso;Normale;Buona;Ore Diurne;10;0;0;4;12.60094;41.8374;-1;1;Autovettura privata;In marcia / fermata / arresto;Passeggero;F;Rimandato;0;NON DECEDUTO;Non accertato;Esploso
2642508;10;04/01/2016 14:20;Strada Urbana;VIA LEOPOLDO MICUCCI;all'intersezione con;VIA DEL PONTE DELLE SETTE MIGLIA;VIA DEL PONTE DELLE SETTE MIGLIA;;;Scontro frontale/laterale SX fra veicoli in marcia;Incrocio;Una carreggiata a doppio senso;Bagnato (pioggia);Asfaltata;Verticale ed orizzontale;Nuvoloso;Normale;Buona;Ore Diurne;10;0;0;4;12.60094;41.8374;-1;1;Autovettura privata;In marcia / fermata / arresto;Passeggero;M;Rimandato;0;NON DECEDUTO;Non accertato;Esploso
2642508;10;04/01/2016 14:20;Strada Urbana;VIA LEOPOLDO MICUCCI;all'intersezione con;VIA DEL PONTE DELLE SETTE MIGLIA;VIA DEL PONTE DELLE SETTE MIGLIA;;;Scontro frontale/laterale SX fra veicoli in marcia;Incrocio;Una carreggiata a doppio senso;Bagnato (pioggia);Asfaltata;Verticale ed orizzontale;Nuvoloso;Normale;Buona;Ore Diurne;10;0;0;4;12.60094;41.8374;-1;2;Autobus urbano;In marcia / fermata / arresto;Conducente;M;Rimandato;0;NON DECEDUTO;Non accertato;Inesploso
2642508;10;04/01/2016 14:20;Strada Urbana;VIA LEOPOLDO MICUCCI;all'intersezione con;VIA DEL PONTE DELLE SETTE MIGLIA;VIA DEL PONTE DELLE SETTE MIGLIA;;;Scontro frontale/laterale SX fra veicoli in marcia;Incrocio;Una carreggiata a doppio senso;Bagnato (pioggia);Asfaltata;Verticale ed orizzontale;Nuvoloso;Normale;Buona;Ore Diurne;10;0;0;4;12.60094;41.8374;-1;2;Autobus urbano;In marcia / fermata / arresto;Passeggero;F;Rimandato;0;NON DECEDUTO;Non accertato;Inesploso
2642508;10;04/01/2016 14:20;Strada Urbana;VIA LEOPOLDO MICUCCI;all'intersezione con;VIA DEL PONTE DELLE SETTE MIGLIA;VIA DEL PONTE DELLE SETTE MIGLIA;;;Scontro frontale/laterale SX fra veicoli in marcia;Incrocio;Una carreggiata a doppio senso;Bagnato (pioggia);Asfaltata;Verticale ed orizzontale;Nuvoloso;Normale;Buona;Ore Diurne;10;0;0;4;12.60094;41.8374;-1;2;Autobus urbano;In marcia / fermata / arresto;Passeggero;M;Illeso;0;;Non accertato;Inesistente
2642508;10;04/01/2016 14:20;Strada Urbana;VIA LEOPOLDO MICUCCI;all'intersezione con;VIA DEL PONTE DELLE SETTE MIGLIA;VIA DEL PONTE DELLE SETTE MIGLIA;;;Scontro frontale/laterale SX fra veicoli in marcia;Incrocio;Una carreggiata a doppio senso;Bagnato (pioggia);Asfaltata;Verticale ed orizzontale;Nuvoloso;Normale;Buona;Ore Diurne;10;0;0;4;12.60094;41.8374;-1;2;Autobus urbano;In marcia / fermata / arresto;Passeggero;M;Illeso;0;;Non accertato;Inesistente
2642508;10;04/01/2016 14:20;Strada Urbana;VIA LEOPOLDO MICUCCI;all'intersezione con;VIA DEL PONTE DELLE SETTE MIGLIA;VIA DEL PONTE DELLE SETTE MIGLIA;;;Scontro frontale/laterale SX fra veicoli in marcia;Incrocio;Una carreggiata a doppio senso;Bagnato (pioggia);Asfaltata;Verticale ed orizzontale;Nuvoloso;Normale;Buona;Ore Diurne;10;0;0;4;12.60094;41.8374;-1;2;Autobus urbano;In marcia / fermata / arresto;Passeggero;M;Rimandato;0;NON DECEDUTO;Non accertato;Inesploso
2642508;10;04/01/2016 14:20;Strada Urbana;VIA LEOPOLDO MICUCCI;all'intersezione con;VIA DEL PONTE DELLE SETTE MIGLIA;VIA DEL PONTE DELLE SETTE MIGLIA;;;Scontro frontale/laterale SX fra veicoli in marcia;Incrocio;Una carreggiata a doppio senso;Bagnato (pioggia);Asfaltata;Verticale ed orizzontale;Nuvoloso;Normale;Buona;Ore Diurne;10;0;0;4;12.60094;41.8374;-1;2;Autobus urbano;In marcia / fermata / arresto;Passeggero;F;Rimandato;0;NON DECEDUTO;Non accertato;Inesploso
2642508;10;04/01/2016 14:20;Strada Urbana;VIA LEOPOLDO MICUCCI;all'intersezione con;VIA DEL PONTE DELLE SETTE MIGLIA;VIA DEL PONTE DELLE SETTE MIGLIA;;;Scontro frontale/laterale SX fra veicoli in marcia;Incrocio;Una carreggiata a doppio senso;Bagnato (pioggia);Asfaltata;Verticale ed orizzontale;Nuvoloso;Normale;Buona;Ore Diurne;10;0;0;4;12.60094;41.8374;-1;2;Autobus urbano;In marcia / fermata / arresto;Passeggero;F;Illeso;0;;Non accertato;Inesistente
2642508;10;04/01/2016 14:20;Strada Urbana;VIA LEOPOLDO MICUCCI;all'intersezione con;VIA DEL PONTE DELLE SETTE MIGLIA;VIA DEL PONTE DELLE SETTE MIGLIA;;;Scontro frontale/laterale SX fra veicoli in marcia;Incrocio;Una carreggiata a doppio senso;Bagnato (pioggia);Asfaltata;Verticale ed orizzontale;Nuvoloso;Normale;Buona;Ore Diurne;10;0;0;4;12.60094;41.8374;-1;2;Autobus urbano;In marcia / fermata / arresto;Passeggero;F;Illeso;0;;Non accertato;Inesploso
2642517;20;04/01/2016 11:45;Strada Urbana;VIALE DI TOR DI QUINTO;in corrispondenza;;del civico n.;177;;Veicolo in marcia contro ostacolo fisso;Curva a visuale libera;Due carreggiate;Bagnato (pioggia);Asfaltata;Verticale ed orizzontale;Pioggia in atto;Normale;Sufficiente;Ore Diurne;1;0;0;0;12.48483;41.94933;-1;1;Autovettura privata;In marcia / fermata / arresto;Conducente;M;Rimandato;0;NON DECEDUTO;;
2642519;13;04/01/2016 11:30;Strada Urbana;VIALE DEI ROMAGNOLI;da specificare;;;;alt.2° curva direzione Ostia/Fiumicino;Veicolo in marcia contro ostacolo fisso;Curva a visuale libera;Una carreggiata a senso unico di marcia;Bagnato (pioggia);Asfaltata;Verticale ed orizzontale;Pioggia in atto;Normale;Buona;Ore Diurne;0;0;0;1;12.28736;41.74878;-1;1;Autovettura privata;In marcia / fermata / arresto;Conducente;F;Illeso;0;;Non accertato;Inesploso
2642526;20;04/01/2016 10:05;Strada Urbana;VIALE CORTINA D'AMPEZZO;in corrispondenza;;del civico n.;112;;Scontro frontale fra veicoli in marcia;Curva senza visuale libera;Una carreggiata a doppio senso;Bagnato (pioggia);Asfaltata;Orizzontale;Pioggia in atto;Normale;Sufficiente;Ore Diurne;2;0;0;0;12.44631;41.95198;-1;1;Autovettura privata;In marcia / fermata / arresto;Conducente;F;Rimandato;0;NON DECEDUTO;Non accertato;Esploso
2642526;20;04/01/2016 10:05;Strada Urbana;VIALE CORTINA D'AMPEZZO;in corrispondenza;;del civico n.;112;;Scontro frontale fra veicoli in marcia;Curva senza visuale libera;Una carreggiata a doppio senso;Bagnato (pioggia);Asfaltata;Orizzontale;Pioggia in atto;Normale;Sufficiente;Ore Diurne;2;0;0;0;12.44631;41.95198;-1;2;Autovettura privata;In marcia / fermata / arresto;Conducente;M;Rimandato;0;NON DECEDUTO;Non accertato;Esploso
2642531;20;04/01/2016 19:00;Strada Urbana;VIA DEGLI ORTI DELLA FARNESINA;in corrispondenza;;del civico n.;1;;Investimento di pedone;Rettilineo;Una carreggiata a doppio senso;Bagnato (pioggia);Asfaltata;Verticale ed orizzontale;Nuvoloso;Normale;Buona;Sufficiente;2;0;0;1;12.46454;41.93887;-1;;;;Pedone;F;Rimandato;0;NON DECEDUTO;;
2642531;20;04/01/2016 19:00;Strada Urbana;VIA DEGLI ORTI DELLA FARNESINA;in corrispondenza;;del civico n.;1;;Investimento di pedone;Rettilineo;Una carreggiata a doppio senso;Bagnato (pioggia);Asfaltata;Verticale ed orizzontale;Nuvoloso;Normale;Buona;Sufficiente;2;0;0;1;12.46454;41.93887;-1;;;;Pedone;F;Rimandato;0;NON DECEDUTO;;
2642531;20;04/01/2016 19:00;Strada Urbana;VIA DEGLI ORTI DELLA FARNESINA;in corrispondenza;;del civico n.;1;;Investimento di pedone;Rettilineo;Una carreggiata a doppio senso;Bagnato (pioggia);Asfaltata;Verticale ed orizzontale;Nuvoloso;Normale;Buona;Sufficiente;2;0;0;1;12.46454;41.93887;-1;1;Motociclo a solo;In marcia / fermata / arresto;Conducente;M;Illeso;0;;;
2642536;10;04/01/2016 18:55;Strada Urbana;VIA BERNARDINO ALIMENA;in prossimità;;del palo luce n.;33/35;;Veicolo in marcia contro ostacolo fisso;Rotatoria;Una carreggiata a senso unico di marcia;Bagnato (pioggia);Asfaltata;Assente;Nuvoloso;Normale;Sufficiente;Sufficiente;0;0;0;1;12.60574;41.84696;-1;1;Autovettura privata;In marcia / fermata / arresto;Conducente;M;Illeso;0;;Non accertato;Inesploso
2642542;10;04/01/2016 21:00;Strada Urbana;VIA ANAGNINA;all'intersezione con;VIA DI ACQUA ACETOSA ANAGNINA;VIA DI ACQUA ACETOSA ANAGNINA;;;Scontro frontale/laterale SX fra veicoli in marcia;Incrocio;Due carreggiate;Bagnato (umidità in atto);Asfaltata;Verticale ed orizzontale;Nuvoloso;Normale;Sufficiente;Sufficiente;4;0;0;1;12.62023;41.81429;-1;1;Autovettura privata;In marcia / fermata / arresto;Conducente;F;Illeso;0;;Non accertato;Inesploso
2642542;10;04/01/2016 21:00;Strada Urbana;VIA ANAGNINA;all'intersezione con;VIA DI ACQUA ACETOSA ANAGNINA;VIA DI ACQUA ACETOSA ANAGNINA;;;Scontro frontale/laterale SX fra veicoli in marcia;Incrocio;Due carreggiate;Bagnato (umidità in atto);Asfaltata;Verticale ed orizzontale;Nuvoloso;Normale;Sufficiente;Sufficiente;4;0;0;1;12.62023;41.81429;-1;2;Autovettura privata;In marcia / fermata / arresto;Conducente;F;Rimandato;0;NON DECEDUTO;Non accertato;Esploso