Protocollo;Gruppo;DataOraIncidente;Localizzazione1;STRADA1;Localizzazione2;STRADA2;Strada02;Chilometrica;DaSpecificare;NaturaIncidente;particolaritastrade;TipoStrada;FondoStradale;Pavimentazione;Segnaletica;CondizioneAtmosferica;Traffico;Visibilita;Illuminazione;NUM_FERITI;NUM_RISERVATA;NUM_MORTI;NUM_ILLESI;Longitudine;Latitudine;Confermato;Progressivo;TipoVeicolo;StatoVeicolo;TipoPersona;Sesso;Tipolesione;Deceduto;DecedutoDopo;CinturaCascoUtilizzato;Airbag
2644806;13;06/01/2016 18:45;Strada Urbana;LUNGOMARE PAOLO TOSCANELLI;in corrispondenza;;del civico n.;58;;Scontro laterale fra veicoli in marcia;Rettilineo;Due carreggiate;Bagnato (pioggia);Asfaltata;Orizzontale;Pioggia in atto;Normale;Buona;Sufficiente;2;0;0;3;12.28041;41.72858;-1;1;Autovettura privata;In marcia / fermata / arresto;Passeggero;F;Rimandato;0;NON DECEDUTO;Non accertato;Inesploso
2644806;13;06/01/2016 18:45;Strada Urbana;LUNGOMARE PAOLO TOSCANELLI;in corrispondenza;;del civico n.;58;;Scontro laterale fra veicoli in marcia;Rettilineo;Due carreggiate;Bagnato (pioggia);Asfaltata;Orizzontale;Pioggia in atto;Normale;Buona;Sufficiente;2;0;0;3;12.28041;41.72858;-1;2;Autovettura privata;In marcia / fermata / arresto;Conducente;M;Illeso;0;;Non accertato;Inesploso
2644806;13;06/01/2016 18:45;Strada Urbana;LUNGOMARE PAOLO TOSCANELLI;in corrispondenza;;del civico n.;58;;Scontro laterale fra veicoli in marcia;Rettilineo;Due carreggiate;Bagnato (pioggia);Asfaltata;Orizzontale;Pioggia in atto;Normale;Buona;Sufficiente;2;0;0;3;12.28041;41.72858;-1;3;Autovettura privata;In marcia / fermata / arresto;Conducente;M;Illeso;0;;Non accertato;Inesploso
2644806;13;06/01/2016 18:45;Strada Urbana;LUNGOMARE PAOLO TOSCANELLI;in corrispondenza;;del civico n.;58;;Scontro laterale fra veicoli in marcia;Rettilineo;Due carreggiate;Bagnato (pioggia);Asfaltata;Orizzontale;Pioggia in atto;Normale;Buona;Sufficiente;2;0;0;3;12.28041;41.72858;-1;3;Autovettura privata;In marcia / fermata / arresto;Passeggero;F;Illeso;0;;Non accertato;Inesistente
2644807;8;05/01/2016 17:40;Strada Urbana;VIA DI TOR BELLA MONACA;da specificare;;;;inversione marcia dopo via Parasacchi dir.Casilina;Veicolo in marcia contro ostacolo accidentale;Rettilineo;Due carreggiate;Asciutto;Asfaltata;Verticale ed orizzontale;Nuvoloso;Normale;Sufficiente;Sufficiente;0;0;0;1;12.62813;41.87636;-1;1;Autovettura privata;In marcia / fermata / arresto;Conducente;F;Illeso;0;;Non utilizzato;Inesploso
2644808;5;06/01/2016 15:00;Strada Urbana;VIA BELMONTE IN SABINA;da specificare;;;;cavalcavia G.R.A. direz. Fonte Nuova;Veicolo in marcia contro ostacolo fisso;Cavalcavia;Due carreggiate;Bagnato (umidità in atto);Asfaltata;Verticale ed orizzontale;Pioggia in atto;Scarso;Buona;Ore Diurne;0;0;0;1;12.59172;41.94551;-1;1;Autovettura privata;In marcia / fermata / arresto;Conducente;M;Illeso;0;;Non accertato;Inesistente
2644812;5;06/01/2016 23:30;Strada Urbana;VIA PIAN DI SCO;all'intersezione semaforizzata con;VIA VIRGILIO TALLI;VIA VIRGILIO TALLI;;;Scontro frontale/laterale DX fra veicoli in marcia;Incrocio;Una carreggiata a doppio senso;Bagnato (umidità in atto);Asfaltata;Verticale ed orizzontale;Nuvoloso;Scarso;Buona;Sufficiente;0;0;0;3;12.51827;41.96466;-1;1;Autovettura privata;In marcia / fermata / arresto;Conducente;F;Illeso;0;;Non accertato;Esploso
2644812;5;06/01/2016 23:30;Strada Urbana;VIA PIAN DI SCO;all'intersezione semaforizzata con;VIA VIRGILIO TALLI;VIA VIRGILIO TALLI;;;Scontro frontale/laterale DX fra veicoli in marcia;Incrocio;Una carreggiata a doppio senso;Bagnato (umidità in atto);Asfaltata;Verticale ed orizzontale;Nuvoloso;Scarso;Buona;Sufficiente;0;0;0;3;12.51827;41.96466;-1;1;Autovettura privata;In marcia / fermata / arresto;Passeggero;F;Illeso;0;;Non accertato;Esploso
2644812;5;06/01/2016 23:30;Strada Urbana;VIA PIAN DI SCO;all'intersezione semaforizzata con;VIA VIRGILIO TALLI;VIA VIRGILIO TALLI;;;Scontro frontale/laterale DX fra veicoli in marcia;Incrocio;Una carreggiata a doppio senso;Bagnato (umidità in atto);Asfaltata;Verticale ed orizzontale;Nuvoloso;Scarso;Buona;Sufficiente;0;0;0;3;12.51827;41.96466;-1;2;Autovettura privata;In marcia / fermata / arresto;Conducente;M;Illeso;0;;Non accertato;Inesploso
2644813;8;05/01/2016 17:15;Strada Urbana;VIA DI TOR BELLA MONACA;da specificare;;;;50 mt dopo uscita GRA direzione via Casilina;Veicolo in marcia contro ostacolo accidentale;Curva a visuale libera;Due carreggiate;Bagnato (umidità in atto);Con buche;Verticale ed orizzontale;Nuvoloso;Intenso;Sufficiente;Sufficiente;0;0;0;1;12.61817;41.8885;-1;1;Autovettura privata;In marcia / fermata / arresto;Conducente;M;Illeso;0;;Non accertato;Inesploso
2644820;16;06/01/2016 14:10;Strada Urbana;VIA PORTUENSE;all'intersezione con;VIA DEGLI ORTI DI CESARE;VIA DEGLI ORTI DI CESARE;;;Scontro laterale fra veicoli in marcia;Intersezione semaforizzata;Una carreggiata a doppio senso;Bagnato (umidità in atto);Asfaltata;Verticale ed orizzontale;Nuvoloso;Normale;Buona;Ore Diurne;0;0;0;5;12.46742;41.87275;-1;1;Autovettura privata;In marcia / fermata / arresto;Passeggero;F;Illeso;0;;Non accertato;Inesploso
2644820;16;06/01/2016 14:10;Strada Urbana;VIA PORTUENSE;all'intersezione con;VIA DEGLI ORTI DI CESARE;VIA DEGLI ORTI DI CESARE;;;Scontro laterale fra veicoli in marcia;Intersezione semaforizzata;Una carreggiata a doppio senso;Bagnato (umidità in atto);Asfaltata;Verticale ed orizzontale;Nuvoloso;Normale;Buona;Ore Diurne;0;0;0;5;12.46742;41.87275;-1;1;Autovettura privata;In marcia / fermata / arresto;Conducente;M;Illeso;0;;Non accertato;Inesploso
2644820;16;06/01/2016 14:10;Strada Urbana;VIA PORTUENSE;all'intersezione con;VIA DEGLI ORTI DI CESARE;VIA DEGLI ORTI DI CESARE;;;Scontro laterale fra veicoli in marcia;Intersezione semaforizzata;Una carreggiata a doppio senso;Bagnato (umidità in atto);Asfaltata;Verticale ed orizzontale;Nuvoloso;Normale;Buona;Ore Diurne;0;0;0;5;12.46742;41.87275;-1;1;Autovettura privata;In marcia / fermata / arresto;Passeggero;F;Illeso;0;;Non accertato;Inesploso
2644820;16;06/01/2016 14:10;Strada Urbana;VIA PORTUENSE;all'intersezione con;VIA DEGLI ORTI DI CESARE;VIA DEGLI ORTI DI CESARE;;;Scontro laterale fra veicoli in marcia;Intersezione semaforizzata;Una carreggiata a doppio senso;Bagnato (umidità in atto);Asfaltata;Verticale ed orizzontale;Nuvoloso;Normale;Buona;Ore Diurne;0;0;0;5;12.46742;41.87275;-1;2;Autocarro inferiore 35 q.;In marcia / fermata / arresto;Conducente;M;Illeso;0;;Non accertato;Inesploso
2644820;16;06/01/2016 14:10;Strada Urbana;VIA PORTUENSE;all'intersezione con;VIA DEGLI ORTI DI CESARE;VIA DEGLI ORTI DI CESARE;;;Scontro laterale fra veicoli in marcia;Intersezione semaforizzata;Una carreggiata a doppio senso;Bagnato (umidità in atto);Asfaltata;Verticale ed orizzontale;Nuvoloso;Normale;Buona;Ore Diurne;0;0;0;5;12.46742;41.87275;-1;2;Autocarro inferiore 35 q.;In marcia / fermata / arresto;Passeggero;M;Illeso;0;;Non accertato;Inesploso
2644823;8;05/01/2016 18:10;Strada Urbana;VIA DI TOR BELLA MONACA;da specificare;;;;50 mt dopo uscita GRA direzione Casilina;Veicolo in marcia contro ostacolo accidentale;Curva a visuale libera;Due carreggiate;Bagnato (umidità in atto);Con buche;Verticale ed orizzontale;Nuvoloso;Intenso;Sufficiente;Sufficiente;0;0;0;1;12.61903;41.88824;-1;1;Autovettura privata;In marcia / fermata / arresto;Conducente;F;Illeso;0;;Non accertato;Inesploso
2644826;4;06/01/2016 23:05;Strada Urbana;LARGO DI PIETRALATA;all'intersezione con;VIA RAMIRO FABIANI;VIA RAMIRO FABIANI;;;Veicolo in marcia contro ostacolo accidentale;Incrocio;Una carreggiata a doppio senso;Bagnato (pioggia);Asfaltata;Verticale;Pioggia in atto;Normale;Sufficiente;Sufficiente;0;0;0;1;12.55162;41.91951;-1;1;Autovettura privata;In marcia / fermata / arresto;Conducente;M;Illeso;0;;Non accertato;
2644827;8;05/01/2016 18:10;Strada Urbana;VIALE DUILIO CAMBELLOTTI;in prossimità;;del civico n.;167;;Veicolo in marcia contro ostacolo accidentale;Rettilineo;Una carreggiata a senso unico di marcia;Bagnato (umidità in atto);Asfaltata;Orizzontale;Nuvoloso;Normale;Sufficiente;Sufficiente;1;0;0;0;12.63047;41.86761;-1;1;Motociclo a solo;In marcia / fermata / arresto;Conducente;M;Ricoverato;0;NON DECEDUTO;Non accertato;
2644830;8;05/01/2016 19:50;Strada Urbana;VIA DEI RUDERI DI CASA CALDA;da specificare;;;;altezza civico 38;Scontro frontale/laterale DX fra veicoli in marcia;Rettilineo;Una carreggiata a doppio senso;Asciutto;Asfaltata;Verticale ed orizzontale;Nuvoloso;Normale;Buona;Sufficiente;0;0;0;2;12.59472;41.87467;-1;1;Autovettura privata;In marcia / fermata / arresto;Conducente;M;Illeso;0;;Non accertato;Inesploso
2644830;8;05/01/2016 19:50;Strada Urbana;VIA DEI RUDERI DI CASA CALDA;da specificare;;;;altezza civico 38;Scontro frontale/laterale DX fra veicoli in marcia;Rettilineo;Una carreggiata a doppio senso;Asciutto;Asfaltata;Verticale ed orizzontale;Nuvoloso;Normale;Buona;Sufficiente;0;0;0;2;12.59472;41.87467;-1;2;Autovettura privata;In marcia / fermata / arresto;Conducente;M;Illeso;0;;Non accertato;Inesploso
2644832;8;05/01/2016 20:15;Strada Urbana;VIA COLLATINA;da specificare;;;;fronte palo acea 606 direzione centro;Veicolo in marcia contro ostacolo accidentale;Rettilineo;Una carreggiata a doppio senso;Asciutto;Asfaltata;Orizzontale;Sereno;Normale;Buona;Sufficiente;0;0;0;2;12.61053;41.90604;-1;1;Autovettura privata;In marcia / fermata / arresto;Conducente;M;Illeso;0;;Non accertato;Inesploso
2644832;8;05/01/2016 20:15;Strada Urbana;VIA COLLATINA;da specificare;;;;fronte palo acea 606 direzione centro;Veicolo in marcia contro ostacolo accidentale;Rettilineo;Una carreggiata a doppio senso;Asciutto;Asfaltata;Orizzontale;Sereno;Normale;Buona;Sufficiente;0;0;0;2;12.61053;41.90604;-1;1;Autovettura privata;In marcia / fermata / arresto;Passeggero;F;Illeso;0;;Non accertato;Inesploso
2644833;4;07/01/2016 03:20;Strada Urbana;VIA PIAN DI SCO;all'intersezione con;VIA GAETANO MARTINO;VIA GAETANO MARTINO;;;Veicolo in marcia contro ostacolo fisso;Incrocio;Una carreggiata a doppio senso;Bagnato (pioggia);Asfaltata;Verticale ed orizzontale;Nuvoloso;Normale;Buona;Sufficiente;0;0;0;1;12.51844;41.96171;-1;1;Autovettura privata;In marcia / fermata / arresto;Conducente;M;Illeso;0;;;
2644834;1;07/01/2016 05:45;Strada Urbana;VIA GREGORIO VII;in prossimità;;del civico n.;59;;Scontro frontale fra veicoli in marcia;Rettilineo;Una carreggiata a senso unico di marcia;Bagnato (pioggia);Asfaltata;Verticale ed orizzontale;Sereno;Scarso;Sufficiente;Sufficiente;1;0;0;1;12.45054;41.89727;-1;1;Autovettura privata;In marcia / fermata / arresto;Conducente;M;Illeso;0;;;
2644834;1;07/01/2016 05:45;Strada Urbana;VIA GREGORIO VII;in prossimità;;del civico n.;59;;Scontro frontale fra veicoli in marcia;Rettilineo;Una carreggiata a senso unico di marcia;Bagnato (pioggia);Asfaltata;Verticale ed orizzontale;Sereno;Scarso;Sufficiente;Sufficiente;1;0;0;1;12.45054;41.89727;-1;2;Motociclo a solo;In marcia / fermata / arresto;Conducente;M;Rimandato;0;NON DECEDUTO;;
2644835;8;05/01/2016 23:40;Strada Urbana;VIA DEL PONTE DI NONA;da specificare;;;;altezza rotatoria via Chiodelli dir.  Prenestina;Veicolo in marcia contro ostacolo accidentale;Rettilineo;Due carreggiate;Bagnato (umidità in atto);Con buche;Verticale ed orizzontale;Nuvoloso;Scarso;Buona;Sufficiente;0;0;0;1;12.66045;41.90129;-1;1;Autovettura privata;In marcia / fermata / arresto;Conducente;M;Illeso;0;;Non accertato;Inesploso
2644836;8;05/01/2016 23:50;Strada Urbana;VIA DEL PONTE DI NONA;da specificare;;;;altezza rotatoria  R. Chiodelli;Veicolo in marcia contro ostacolo accidentale;Rettilineo;Una carreggiata a senso unico di marcia;Bagnato (umidità in atto);Con buche;Verticale ed orizzontale;Nuvoloso;Scarso;Sufficiente;Sufficiente;0;0;0;1;12.65991;41.90274;-1;1;Autovettura privata;In marcia / fermata / arresto;Conducente;M;Illeso;0;;Non accertato;Inesploso
2644844;6;06/01/2016 23:45;Strada Urbana;VIA CASILINA;all'intersezione con;VIA GIOVANNI CAMILLO PERESIO;VIA GIOVANNI CAMILLO PERESIO;;;Scontro frontale/laterale DX fra veicoli in marcia;Incrocio;Due carreggiate;Bagnato (pioggia);Asfaltata;Verticale ed orizzontale;Pioggia in atto;Scarso;Sufficiente;Sufficiente;0;1;0;1;12.58538;41.86925;-1;1;Motociclo a solo;In marcia / fermata / arresto;Conducente;M;Prognosi riservata;0;NON DECEDUTO;;
2644844;6;06/01/2016 23:45;Strada Urbana;VIA CASILINA;all'intersezione con;VIA GIOVANNI CAMILLO PERESIO;VIA GIOVANNI CAMILLO PERESIO;;;Scontro frontale/laterale DX fra veicoli in marcia;Incrocio;Due carreggiate;Bagnato (pioggia);Asfaltata;Verticale ed orizzontale;Pioggia in atto;Scarso;Sufficiente;Sufficiente;0;1;0;1;12.58538;41.86925;-1;2;Autovettura privata;In marcia / fermata / arresto;Conducente;M;Illeso;0;;Non accertato;
2644849;8;05/01/2016 23:55;Strada Urbana;VIA DEL PONTE DI NONA;da specificare;;;;50 mt dopo rotatoria Matte' Trucco;Veicolo in marcia contro ostacolo accidentale;Rettilineo;Due carreggiate;Bagnato (umidità in atto);Con buche;Verticale ed orizzontale;Nuvoloso;Scarso;Sufficiente;Sufficiente;0;0;0;2;12.66005;41.90248;-1;1;Autovettura privata;In marcia / fermata / arresto;Conducente;M;Illeso;0;;Non accertato;Inesploso
2644849;8;05/01/2016 23:55;Strada Urbana;VIA DEL PONTE DI NONA;da specificare;;;;50 mt dopo rotatoria Matte' Trucco;Veicolo in marcia contro ostacolo accidentale;Rettilineo;Due carreggiate;Bagnato (umidità in atto);Con buche;Verticale ed orizzontale;Nuvoloso;Scarso;Sufficiente;Sufficiente;0;0;0;2;12.66005;41.90248;-1;1;Autovettura privata;In marcia / fermata / arresto;Passeggero;M;Illeso;0;;Non accertato;Inesploso
2644851;8;06/01/2016 01:45;Strada Urbana;VIA DEL PONTE DI NONA;da specificare;;;;20 metri dopo rotatoria R. Chiodelli;Veicolo in marcia contro ostacolo accidentale;Rettilineo;Una carreggiata a doppio senso;Bagnato (umidità in atto);Con buche;Verticale ed orizzontale;Nuvoloso;Scarso;Buona;Sufficiente;0;0;0;2;12.66114;41.89944;-1;1;Autovettura privata;In marcia / fermata / arresto;Conducente;M;Illeso;0;;Non accertato;Inesploso
2644851;8;06/01/2016 01:45;Strada Urbana;VIA DEL PONTE DI NONA;da specificare;;;;20 metri dopo rotatoria R. Chiodelli;Veicolo in marcia contro ostacolo accidentale;Rettilineo;Una carreggiata a doppio senso;Bagnato (umidità in atto);Con buche;Verticale ed orizzontale;Nuvoloso;Scarso;Buona;Sufficiente;0;0;0;2;12.66114;41.89944;-1;1;Autovettura privata;In marcia / fermata / arresto;Passeggero;F;Illeso;0;;Non accertato;Inesploso
2644854;8;06/01/2016 01:00;Strada Urbana;VIA DEL PONTE DI NONA;da specificare;;;;alt. rotatoria via Matte' Trucco dir. Prenestina;Veicolo in marcia contro ostacolo accidentale;Rettilineo;Due carreggiate;Bagnato (umidità in atto);Con buche;Verticale ed orizzontale;Nuvoloso;Scarso;Sufficiente;Sufficiente;0;0;0;4;12.66114;41.89944;-1;1;Autovettura privata;In marcia / fermata / arresto;Conducente;F;Illeso;0;;Non accertato;Inesploso
2644854;8;06/01/2016 01:00;Strada Urbana;VIA DEL PONTE DI NONA;da specificare;;;;alt. rotatoria via Matte' Trucco dir. Prenestina;Veicolo in marcia contro ostacolo accidentale;Rettilineo;Due carreggiate;Bagnato (umidità in atto);Con buche;Verticale ed orizzontale;Nuvoloso;Scarso;Sufficiente;Sufficiente;0;0;0;4;12.66114;41.89944;-1;1;Autovettura privata;In marcia / fermata / arresto;Passeggero;M;Illeso;0;;Non accertato;Inesploso
2644854;8;06/01/2016 01:00;Strada Urbana;VIA DEL PONTE DI NONA;da specificare;;;;alt. rotatoria via Matte' Trucco dir. Prenestina;Veicolo in marcia contro ostacolo accidentale;Rettilineo;Due carreggiate;Bagnato (umidità in atto);Con buche;Verticale ed orizzontale;Nuvoloso;Scarso;Sufficiente;Sufficiente;0;0;0;4;12.66114;41.89944;-1;1;Autovettura privata;In marcia / fermata / arresto;Passeggero;F;Illeso;0;;Non accertato;Inesploso
2644857;8;06/01/2016 09:35;Strada Urbana;VIA CASILINA;da specificare;;;;altezza palo enel n. 21 ;Veicolo in marcia contro ostacolo fisso;Rettilineo;Una carreggiata a doppio senso;Bagnato (umidità in atto);Asfaltata;Verticale ed orizzontale;Pioggia in atto;Normale;Buona;Ore Diurne;1;0;0;0;12.60933;41.86405;-1;1;Autovettura privata;In marcia / fermata / arresto;Conducente;M;Ricoverato;0;NON DECEDUTO;Utilizzato;Esploso
2644860;8;06/01/2016 10:00;Strada Urbana;VIA DEL PONTE DI NONA;in prossimità;;del civico n.;81;;Veicolo in marcia contro ostacolo accidentale;Rettilineo;Una carreggiata a doppio senso;Bagnato (pioggia);Asfaltata;Verticale ed orizzontale;Pioggia in atto;Scarso;Buona;Ore Diurne;0;0;0;1;12.66112;41.89944;-1;1;Autovettura privata;In marcia / fermata / arresto;Conducente;M;Illeso;0;;Non accertato;Esploso
2644867;8;06/01/2016 14:15;Strada Urbana;VIA PRENESTINA;da specificare;;;;100 metri dopo bivio via Polense;Veicolo in marcia contro ostacolo accidentale;Rettilineo;Una carreggiata a doppio senso;Bagnato (pioggia);Strada pavimentata dissestata;Verticale ed orizzontale;Pioggia in atto;Normale;Sufficiente;Ore Diurne;0;0;0;1;12.6069;41.89378;-1;1;Autovettura privata;In marcia / fermata / arresto;Conducente;M;Illeso;0;;Non accertato;Inesploso
2644869;8;06/01/2016 16:40;Strada Urbana;VIA VINCENZO BONIFATI;da specificare;;;;altezza uscita autostrada A24;Scontro laterale fra veicoli in marcia;Curva a visuale libera;Due carreggiate;Bagnato (pioggia);Asfaltata;Verticale ed orizzontale;Pioggia in atto;Intenso;Buona;Sufficiente;0;0;0;6;12.66037;41.9164;-1;1;Autovettura privata;In marcia / fermata / arresto;Conducente;M;Illeso;0;;Non accertato;Inesploso
2644869;8;06/01/2016 16:40;Strada Urbana;VIA VINCENZO BONIFATI;da specificare;;;;altezza uscita autostrada A24;Scontro laterale fra veicoli in marcia;Curva a visuale libera;Due carreggiate;Bagnato (pioggia);Asfaltata;Verticale ed orizzontale;Pioggia in atto;Intenso;Buona;Sufficiente;0;0;0;6;12.66037;41.9164;-1;1;Autovettura privata;In marcia / fermata / arresto;Passeggero;F;Illeso;0;;Non accertato;Inesploso
2644869;8;06/01/2016 16:40;Strada Urbana;VIA VINCENZO BONIFATI;da specificare;;;;altezza uscita autostrada A24;Scontro laterale fra veicoli in marcia;Curva a visuale libera;Due carreggiate;Bagnato (pioggia);Asfaltata;Verticale ed orizzontale;Pioggia in atto;Intenso;Buona;Sufficiente;0;0;0;6;12.66037;41.9164;-1;1;Autovettura privata;In marcia / fermata / arresto;Passeggero;M;Illeso;0;;Non accertato;Inesploso
2644869;8;06/01/2016 16:40;Strada Urbana;VIA VINCENZO BONIFATI;da specificare;;;;altezza uscita autostrada A24;Scontro laterale fra veicoli in marcia;Curva a visuale libera;Due carreggiate;Bagnato (pioggia);Asfaltata;Verticale ed orizzontale;Pioggia in atto;Intenso;Buona;Sufficiente;0;0;0;6;12.66037;41.9164;-1;2;Autovettura privata;In marcia / fermata / arresto;Conducente;M;Illeso;0;;Non accertato;Inesploso
2644869;8;06/01/2016 16:40;Strada Urbana;VIA VINCENZO BONIFATI;da specificare;;;;altezza uscita autostrada A24;Scontro laterale fra veicoli in marcia;Curva a visuale libera;Due carreggiate;Bagnato (pioggia);Asfaltata;Verticale ed orizzontale;Pioggia in atto;Intenso;Buona;Sufficiente;0;0;0;6;12.66037;41.9164;-1;2;Autovettura privata;In marcia / fermata / arresto;Passeggero;M;Illeso;0;;Non accertato;Inesploso
2644869;8;06/01/2016 16:40;Strada Urbana;VIA VINCENZO BONIFATI;da specificare;;;;altezza uscita autostrada A24;Scontro laterale fra veicoli in marcia;Curva a visuale libera;Due carreggiate;Bagnato (pioggia);Asfaltata;Verticale ed orizzontale;Pioggia in atto;Intenso;Buona;Sufficiente;0;0;0;6;12.66037;41.9164;-1;2;Autovettura privata;In marcia / fermata / arresto;Passeggero;M;Illeso;0;;Non accertato;Inesploso
2644872;1;04/01/2016 11:10;Strada Urbana;VIA GIOVANNI GIOLITTI;in prossimità;;del civico n.;265;;Investimento di pedone;Rettilineo;Una carreggiata a senso unico di marcia;Bagnato (pioggia);Asfaltata;Verticale ed orizzontale;Pioggia in atto;Normale;Buona;Ore Diurne;1;0;0;1;12.50611;41.89696;-1;;;;Pedone;F;Rimandato;0;NON DECEDUTO;;
2644872;1;04/01/2016 11:10;Strada Urbana;VIA GIOVANNI GIOLITTI;in prossimità;;del civico n.;265;;Investimento di pedone;Rettilineo;Una carreggiata a senso unico di marcia;Bagnato (pioggia);Asfaltata;Verticale ed orizzontale;Pioggia in atto;Normale;Buona;Ore Diurne;1;0;0;1;12.50611;41.89696;-1;1;Autovettura privata;In marcia / fermata / arresto;Conducente;M;Illeso;0;;;
2644873;8;06/01/2016 19:30;Strada Urbana;VIALE DUILIO CAMBELLOTTI;da specificare;;;;altezza via O. Placidi;Veicolo in marcia contro ostacolo accidentale;Rettilineo;Due carreggiate;Bagnato (pioggia);Asfaltata;Verticale ed orizzontale;Nuvoloso;Normale;Buona;Sufficiente;0;0;0;4;12.62935;41.86719;-1;1;Autovettura privata;In marcia / fermata / arresto;Conducente;M;Illeso;0;;Non accertato;Inesploso
2644873;8;06/01/2016 19:30;Strada Urbana;VIALE DUILIO CAMBELLOTTI;da specificare;;;;altezza via O. Placidi;Veicolo in marcia contro ostacolo accidentale;Rettilineo;Due carreggiate;Bagnato (pioggia);Asfaltata;Verticale ed orizzontale;Nuvoloso;Normale;Buona;Sufficiente;0;0;0;4;12.62935;41.86719;-1;1;Autovettura privata;In marcia / fermata / arresto;Passeggero;F;Illeso;0;;Non accertato;Inesploso
2644873;8;06/01/2016 19:30;Strada Urbana;VIALE DUILIO CAMBELLOTTI;da specificare;;;;altezza via O. Placidi;Veicolo in marcia contro ostacolo accidentale;Rettilineo;Due carreggiate;Bagnato (pioggia);Asfaltata;Verticale ed orizzontale;Nuvoloso;Normale;Buona;Sufficiente;0;0;0;4;12.62935;41.86719;-1;1;Autovettura privata;In marcia / fermata / arresto;Passeggero;F;Illeso;0;;Non accertato;Inesploso
2644873;8;06/01/2016 19:30;Strada Urbana;VIALE DUILIO CAMBELLOTTI;da specificare;;;;altezza via O. Placidi;Veicolo in marcia contro ostacolo accidentale;Rettilineo;Due carreggiate;Bagnato (pioggia);Asfaltata;Verticale ed orizzontale;Nuvoloso;Normale;Buona;Sufficiente;0;0;0;4;12.62935;41.86719;-1;1;Autovettura privata;In marcia / fermata / arresto;Passeggero;M;Illeso;0;;Non accertato;Inesploso
2644875;8;06/01/2016 19:45;Strada Urbana;VIA DEL PONTE DI NONA;in prossimità;;del civico n.;81;;Veicolo in marcia contro ostacolo accidentale;Rettilineo;Una carreggiata a doppio senso;Bagnato (pioggia);Asfaltata;Assente;Nuvoloso;Normale;Sufficiente;Sufficiente;0;0;0;1;12.66112;41.89944;-1;1;Autovettura privata;In marcia / fermata / arresto;Conducente;F;Illeso;0;;Non accertato;Inesploso
2644878;16;05/01/2016 11:15;Strada Urbana;VIALE AURELIO SAFFI;in prossimità;;del civico n.;25;;Scontro frontale/laterale SX fra veicoli in marcia;Pendenza;Una carreggiata a doppio senso;Bagnato (pioggia);Asfaltata;Assente;Nuvoloso;Scarso;Sufficiente;Ore Diurne;0;0;0;4;12.46715;41.88282;-1;1;Autovettura privata;In marcia / fermata / arresto;Conducente;F;Illeso;0;;;
2644878;16;05/01/2016 11:15;Strada Urbana;VIALE AURELIO SAFFI;in prossimità;;del civico n.;25;;Scontro frontale/laterale SX fra veicoli in marcia;Pendenza;Una carreggiata a doppio senso;Bagnato (pioggia);Asfaltata;Assente;Nuvoloso;Scarso;Sufficiente;Ore Diurne;0;0;0;4;12.46715;41.88282;-1;2;Autovettura privata;In marcia / fermata / arresto;Conducente;F;Illeso;0;;;
2644878;16;05/01/2016 11:15;Strada Urbana;VIALE AURELIO SAFFI;in prossimità;;del civico n.;25;;Scontro frontale/laterale SX fra veicoli in marcia;Pendenza;Una carreggiata a doppio senso;Bagnato (pioggia);Asfaltata;Assente;Nuvoloso;Scarso;Sufficiente;Ore Diurne;0;0;0;4;12.46715;41.88282;-1;2;Autovettura privata;In marcia / fermata / arresto;Passeggero;M;Illeso;0;;;
2644878;16;05/01/2016 11:15;Strada Urbana;VIALE AURELIO SAFFI;in prossimità;;del civico n.;25;;Scontro frontale/laterale SX fra veicoli in marcia;Pendenza;Una carreggiata a doppio senso;Bagnato (pioggia);Asfaltata;Assente;Nuvoloso;Scarso;Sufficiente;Ore Diurne;0;0;0;4;12.46715;41.88282;-1;2;Autovettura privata;In marcia / fermata / arresto;Passeggero;F;Illeso;0;;;
2644879;8;06/01/2016 20:15;Strada Urbana;VIALE DEI ROMANISTI;all'intersezione con;VIA FILIPPO CESARE ANNESSI;VIA FILIPPO CESARE ANNESSI;;;Veicolo in marcia contro ostacolo accidentale;Incrocio;Una carreggiata a senso unico di marcia;Bagnato (pioggia);Con buche;Verticale;Pioggia in atto;Scarso;Buona;Sufficiente;0;0;0;1;12.57835;41.8683;-1;1;Autovettura privata;In marcia / fermata / arresto;Conducente;F;Illeso;0;;Non accertato;Inesploso