Protocollo;Gruppo;DataOraIncidente;Localizzazione1;STRADA1;Localizzazione2;STRADA2;Strada02;Chilometrica;DaSpecificare;NaturaIncidente;particolaritastrade;TipoStrada;FondoStradale;Pavimentazione;Segnaletica;CondizioneAtmosferica;Traffico;Visibilita;Illuminazione;NUM_FERITI;NUM_RISERVATA;NUM_MORTI;NUM_ILLESI;Longitudine;Latitudine;Confermato;Progressivo;TipoVeicolo;StatoVeicolo;TipoPersona;Sesso;Tipolesione;Deceduto;DecedutoDopo;CinturaCascoUtilizzato;Airbag
2650471;12;11/01/2016 21:55;Strada Urbana;VIA DEL RISARO;in corrispondenza;;del palo luce n.;116;;Veicolo in marcia contro ostacolo accidentale;Rettilineo;Una carreggiata a doppio senso;Bagnato (umidità in atto);Asfaltata;Verticale ed orizzontale;Nuvoloso;Scarso;Buona;Sufficiente;0;0;0;1;12.41964;41.78145;-1;1;Autovettura privata;In marcia / fermata / arresto;Conducente;M;Illeso;0;;Utilizzato;Inesploso
2650475;4;11/01/2016 18:30;Statale entro l'abitato;VIA SALARIA;da specificare;;;;Pross. via Marciana Marina;Tamponamento Multiplo;Rettilineo;Due carreggiate;Asciutto;Asfaltata;Verticale ed orizzontale;Nuvoloso;Normale;Buona;Sufficiente;0;0;0;5;12.50445;41.9554;-1;1;Autovettura privata;In marcia / fermata / arresto;Conducente;F;Illeso;0;;Non accertato;
2650475;4;11/01/2016 18:30;Statale entro l'abitato;VIA SALARIA;da specificare;;;;Pross. via Marciana Marina;Tamponamento Multiplo;Rettilineo;Due carreggiate;Asciutto;Asfaltata;Verticale ed orizzontale;Nuvoloso;Normale;Buona;Sufficiente;0;0;0;5;12.50445;41.9554;-1;2;Autovettura privata;In marcia / fermata / arresto;Conducente;M;Illeso;0;;Non accertato;
2650475;4;11/01/2016 18:30;Statale entro l'abitato;VIA SALARIA;da specificare;;;;Pross. via Marciana Marina;Tamponamento Multiplo;Rettilineo;Due carreggiate;Asciutto;Asfaltata;Verticale ed orizzontale;Nuvoloso;Normale;Buona;Sufficiente;0;0;0;5;12.50445;41.9554;-1;2;Autovettura privata;In marcia / fermata / arresto;Passeggero;F;Illeso;0;;Non accertato;
2650475;4;11/01/2016 18:30;Statale entro l'abitato;VIA SALARIA;da specificare;;;;Pross. via Marciana Marina;Tamponamento Multiplo;Rettilineo;Due carreggiate;Asciutto;Asfaltata;Verticale ed orizzontale;Nuvoloso;Normale;Buona;Sufficiente;0;0;0;5;12.50445;41.9554;-1;2;Autovettura privata;In marcia / fermata / arresto;Passeggero;M;Illeso;0;;Non accertato;
2650475;4;11/01/2016 18:30;Statale entro l'abitato;VIA SALARIA;da specificare;;;;Pross. via Marciana Marina;Tamponamento Multiplo;Rettilineo;Due carreggiate;Asciutto;Asfaltata;Verticale ed orizzontale;Nuvoloso;Normale;Buona;Sufficiente;0;0;0;5;12.50445;41.9554;-1;3;Autovettura privata;In marcia / fermata / arresto;Conducente;M;Illeso;0;;Non accertato;
2650478;4;11/01/2016 12:40;Strada Urbana;PIAZZALE JONIO;da specificare;;;;altezza v.le Tirreno;Tamponamento;Rotatoria;Una carreggiata a doppio senso;Asciutto;Asfaltata;Verticale ed orizzontale;Sereno;Normale;Buona;Ore Diurne;0;0;0;3;12.52595;41.94577;-1;1;Autovettura privata;In marcia / fermata / arresto;Conducente;F;Illeso;0;;Non accertato;Inesploso
2650478;4;11/01/2016 12:40;Strada Urbana;PIAZZALE JONIO;da specificare;;;;altezza v.le Tirreno;Tamponamento;Rotatoria;Una carreggiata a doppio senso;Asciutto;Asfaltata;Verticale ed orizzontale;Sereno;Normale;Buona;Ore Diurne;0;0;0;3;12.52595;41.94577;-1;2;Motociclo a solo;In marcia / fermata / arresto;Conducente;M;Illeso;0;;;
2650478;4;11/01/2016 12:40;Strada Urbana;PIAZZALE JONIO;da specificare;;;;altezza v.le Tirreno;Tamponamento;Rotatoria;Una carreggiata a doppio senso;Asciutto;Asfaltata;Verticale ed orizzontale;Sereno;Normale;Buona;Ore Diurne;0;0;0;3;12.52595;41.94577;-1;2;Motociclo a solo;In marcia / fermata / arresto;Passeggero;F;Illeso;0;;Non accertato;
2650480;4;11/01/2016 15:30;Strada Urbana;VIADOTTO ANTONIO SEGNI;da specificare;;;;immissione rampa di via Talli in direz. Bufalotta;Scontro laterale fra veicoli in marcia;Rettilineo;Due carreggiate;Asciutto;Asfaltata;Verticale ed orizzontale;Nuvoloso;Normale;Buona;Ore Diurne;0;0;0;3;13.02203;41.69124;-1;1;Autovettura privata;In marcia / fermata / arresto;Conducente;M;Illeso;0;;Non accertato;
2650480;4;11/01/2016 15:30;Strada Urbana;VIADOTTO ANTONIO SEGNI;da specificare;;;;immissione rampa di via Talli in direz. Bufalotta;Scontro laterale fra veicoli in marcia;Rettilineo;Due carreggiate;Asciutto;Asfaltata;Verticale ed orizzontale;Nuvoloso;Normale;Buona;Ore Diurne;0;0;0;3;13.02203;41.69124;-1;2;Autovettura privata;In marcia / fermata / arresto;Conducente;M;Illeso;0;;Non accertato;
2650480;4;11/01/2016 15:30;Strada Urbana;VIADOTTO ANTONIO SEGNI;da specificare;;;;immissione rampa di via Talli in direz. Bufalotta;Scontro laterale fra veicoli in marcia;Rettilineo;Due carreggiate;Asciutto;Asfaltata;Verticale ed orizzontale;Nuvoloso;Normale;Buona;Ore Diurne;0;0;0;3;13.02203;41.69124;-1;2;Autovettura privata;In marcia / fermata / arresto;Passeggero;M;Illeso;0;;Non accertato;
2650481;2;08/01/2016 20:05;Strada Urbana;VIA DEL FORO ITALICO;da specificare;;;;prima uscita CAMPI SPORTIVI - PARIOLI dir. S. Giov;Veicolo in marcia contro ostacolo accidentale;Rettilineo;Due carreggiate;Asciutto;Con buche;Verticale ed orizzontale;Sereno;Normale;Sufficiente;Sufficiente;2;0;0;0;12.48278;41.94005;-1;1;Motociclo con passeggero;In marcia / fermata / arresto;Conducente;F;Rifiuta cure immediate;0;NON DECEDUTO;Non accertato;
2650481;2;08/01/2016 20:05;Strada Urbana;VIA DEL FORO ITALICO;da specificare;;;;prima uscita CAMPI SPORTIVI - PARIOLI dir. S. Giov;Veicolo in marcia contro ostacolo accidentale;Rettilineo;Due carreggiate;Asciutto;Con buche;Verticale ed orizzontale;Sereno;Normale;Sufficiente;Sufficiente;2;0;0;0;12.48278;41.94005;-1;1;Motociclo con passeggero;In marcia / fermata / arresto;Passeggero;M;Rifiuta cure immediate;0;NON DECEDUTO;Non accertato;
2650490;20;11/01/2016 13:00;Strada Urbana;VIA DELLA FARNESINA;in corrispondenza;;del civico n.;272;;Veicolo in marcia contro veicolo in sosta;Rettilineo;Una carreggiata a doppio senso;Asciutto;Asfaltata;Orizzontale;Nuvoloso;Normale;Buona;Ore Diurne;0;0;0;1;12.45832;41.94402;-1;2;Autovettura privata;In marcia / fermata / arresto;Conducente;F;Illeso;0;;;
2650499;17;10/01/2016 15:30;Strada Urbana;VIALE DELLO STADIO OLIMPICO;da specificare;;;;in prossimità dello svincolo di via gomenizza;Tamponamento;Rettilineo;Due carreggiate;Asciutto;Asfaltata;Verticale ed orizzontale;Sereno;Scarso;Buona;Ore Diurne;0;0;0;5;12.45649;41.92508;-1;1;Autovettura privata;In marcia / fermata / arresto;Conducente;F;Illeso;0;;Non accertato;Inesploso
2650499;17;10/01/2016 15:30;Strada Urbana;VIALE DELLO STADIO OLIMPICO;da specificare;;;;in prossimità dello svincolo di via gomenizza;Tamponamento;Rettilineo;Due carreggiate;Asciutto;Asfaltata;Verticale ed orizzontale;Sereno;Scarso;Buona;Ore Diurne;0;0;0;5;12.45649;41.92508;-1;1;Autovettura privata;In marcia / fermata / arresto;Passeggero;M;Illeso;0;;Non accertato;Inesploso
2650499;17;10/01/2016 15:30;Strada Urbana;VIALE DELLO STADIO OLIMPICO;da specificare;;;;in prossimità dello svincolo di via gomenizza;Tamponamento;Rettilineo;Due carreggiate;Asciutto;Asfaltata;Verticale ed orizzontale;Sereno;Scarso;Buona;Ore Diurne;0;0;0;5;12.45649;41.92508;-1;1;Autovettura privata;In marcia / fermata / arresto;Passeggero;M;Illeso;0;;Non accertato;Inesploso
2650499;17;10/01/2016 15:30;Strada Urbana;VIALE DELLO STADIO OLIMPICO;da specificare;;;;in prossimità dello svincolo di via gomenizza;Tamponamento;Rettilineo;Due carreggiate;Asciutto;Asfaltata;Verticale ed orizzontale;Sereno;Scarso;Buona;Ore Diurne;0;0;0;5;12.45649;41.92508;-1;2;Autovettura privata;In marcia / fermata / arresto;Conducente;M;Illeso;0;;Non accertato;Inesploso
2650499;17;10/01/2016 15:30;Strada Urbana;VIALE DELLO STADIO OLIMPICO;da specificare;;;;in prossimità dello svincolo di via gomenizza;Tamponamento;Rettilineo;Due carreggiate;Asciutto;Asfaltata;Verticale ed orizzontale;Sereno;Scarso;Buona;Ore Diurne;0;0;0;5;12.45649;41.92508;-1;2;Autovettura privata;In marcia / fermata / arresto;Passeggero;F;Illeso;0;;Non accertato;Inesploso
2650520;20;11/01/2016 18:00;Strada Urbana;VIA TRIONFALE;da specificare;;;;a 100 mt. da Via C. Gherardini;Veicolo in marcia contro ostacolo accidentale;Curva a visuale libera;Una carreggiata a senso unico di marcia;Asciutto;Con buche;Orizzontale;Nuvoloso;Normale;Sufficiente;Sufficiente;0;0;0;1;12.40848;41.9805;-1;1;Motociclo a solo;In marcia / fermata / arresto;Conducente;M;Illeso;0;;Non accertato;
2650524;4;11/01/2016 11:45;Strada Urbana;VIALE TIRRENO;in prossimità;;del civico n.;152;;Investimento di pedone;Rettilineo;Due carreggiate;Asciutto;Asfaltata;Verticale ed orizzontale;Nuvoloso;Normale;Buona;Ore Diurne;1;0;0;1;12.52937;41.94025;-1;;;;Pedone;F;Illeso;0;;;
2650524;4;11/01/2016 11:45;Strada Urbana;VIALE TIRRENO;in prossimità;;del civico n.;152;;Investimento di pedone;Rettilineo;Due carreggiate;Asciutto;Asfaltata;Verticale ed orizzontale;Nuvoloso;Normale;Buona;Ore Diurne;1;0;0;1;12.52937;41.94025;-1;1;Velocipede;In marcia / fermata / arresto;Conducente;M;Ricoverato;0;NON DECEDUTO;Esente;
2650533;3;11/01/2016 09:40;Strada Urbana;VIA ANTONIO BOSIO;in corrispondenza;;del civico n.;10;;Scontro laterale fra veicoli in marcia;Rettilineo;Una carreggiata a senso unico di marcia;Asciutto;Asfaltata;Verticale ed orizzontale;Sereno;Scarso;Buona;Ore Diurne;0;0;0;2;12.51408;41.91633;-1;1;Autovettura privata;In marcia / fermata / arresto;Conducente;F;Illeso;0;;Non accertato;Inesploso
2650533;3;11/01/2016 09:40;Strada Urbana;VIA ANTONIO BOSIO;in corrispondenza;;del civico n.;10;;Scontro laterale fra veicoli in marcia;Rettilineo;Una carreggiata a senso unico di marcia;Asciutto;Asfaltata;Verticale ed orizzontale;Sereno;Scarso;Buona;Ore Diurne;0;0;0;2;12.51408;41.91633;-1;2;Autovettura privata;In marcia / fermata / arresto;Conducente;M;Illeso;0;;Non accertato;Inesploso
2650544;3;10/01/2016 01:00;Strada Urbana;VIA GIUSEPPE SEGUENZA;all'intersezione con;VIA DEI MONTI TIBURTINI;VIA DEI MONTI TIBURTINI;;;Veicolo in marcia contro ostacolo fisso;Incrocio;Due carreggiate;Asciutto;Asfaltata;Verticale ed orizzontale;Sereno;Normale;Sufficiente;Sufficiente;0;0;0;1;12.53709;41.92014;-1;1;Autovettura privata;In marcia / fermata / arresto;Conducente;M;Illeso;0;;Non accertato;Inesploso
2650545;1;12/01/2016 02:30;Strada Urbana;VIA NAZIONALE;all'intersezione semaforizzata con;VIA QUATTRO NOVEMBRE;VIA QUATTRO NOVEMBRE;;;Veicolo in marcia contro ostacolo fisso;Intersezione semaforizzata;Una carreggiata a doppio senso;Asciutto;In cubetti di porfido;Verticale ed orizzontale;Sereno;Scarso;Sufficiente;Sufficiente;0;0;0;1;12.49097;41.89928;-1;1;Autovettura privata;In marcia / fermata / arresto;Conducente;M;Illeso;0;;Non accertato;
2650564;3;11/01/2016 13:05;Strada Urbana;VIA NOMENTANA;all'intersezione semaforizzata con;VIALE REGINA MARGHERITA;VIALE REGINA MARGHERITA;;;Scontro frontale/laterale DX fra veicoli in marcia;Intersezione semaforizzata;Più di due carreggiate;Asciutto;Asfaltata;Verticale ed orizzontale;Nuvoloso;Normale;Sufficiente;Ore Diurne;1;0;0;2;12.50666;41.91293;-1;1;Autovettura privata;In marcia / fermata / arresto;Conducente;M;Illeso;0;;Non accertato;Inesploso
2650564;3;11/01/2016 13:05;Strada Urbana;VIA NOMENTANA;all'intersezione semaforizzata con;VIALE REGINA MARGHERITA;VIALE REGINA MARGHERITA;;;Scontro frontale/laterale DX fra veicoli in marcia;Intersezione semaforizzata;Più di due carreggiate;Asciutto;Asfaltata;Verticale ed orizzontale;Nuvoloso;Normale;Sufficiente;Ore Diurne;1;0;0;2;12.50666;41.91293;-1;1;Autovettura privata;In marcia / fermata / arresto;Passeggero;M;Illeso;0;;Non accertato;Inesploso
2650564;3;11/01/2016 13:05;Strada Urbana;VIA NOMENTANA;all'intersezione semaforizzata con;VIALE REGINA MARGHERITA;VIALE REGINA MARGHERITA;;;Scontro frontale/laterale DX fra veicoli in marcia;Intersezione semaforizzata;Più di due carreggiate;Asciutto;Asfaltata;Verticale ed orizzontale;Nuvoloso;Normale;Sufficiente;Ore Diurne;1;0;0;2;12.50666;41.91293;-1;2;Motociclo a solo;In marcia / fermata / arresto;Conducente;F;Ricoverato;0;NON DECEDUTO;Non accertato;
2650573;16;11/01/2016 14:10;Strada Urbana;VIALE DEI COLLI PORTUENSI;in corrispondenza;;del civico n.;532;;Scontro laterale fra veicoli in marcia;Rettilineo;Due carreggiate;Asciutto;Asfaltata;Orizzontale;Nuvoloso;Normale;Buona;Ore Diurne;1;0;0;1;12.44332;41.86244;-1;1;Autovettura privata;In marcia / fermata / arresto;Conducente;F;Illeso;0;;Non accertato;Inesploso
2650573;16;11/01/2016 14:10;Strada Urbana;VIALE DEI COLLI PORTUENSI;in corrispondenza;;del civico n.;532;;Scontro laterale fra veicoli in marcia;Rettilineo;Due carreggiate;Asciutto;Asfaltata;Orizzontale;Nuvoloso;Normale;Buona;Ore Diurne;1;0;0;1;12.44332;41.86244;-1;2;Motociclo a solo;In marcia / fermata / arresto;Conducente;M;Rimandato;0;NON DECEDUTO;Non accertato;
2650579;17;11/01/2016 21:15;Strada Urbana;VIA MARTINO V;all'intersezione con;VIA DEL FORTE BOCCEA;VIA DEL FORTE BOCCEA;;;Scontro frontale/laterale DX fra veicoli in marcia;Incrocio;Una carreggiata a senso unico di marcia;Asciutto;Asfaltata;Verticale ed orizzontale;Sereno;Scarso;Sufficiente;Sufficiente;0;0;0;2;12.42121;41.9057;-1;1;Autovettura privata;In marcia / fermata / arresto;Conducente;F;Illeso;0;;;
2650579;17;11/01/2016 21:15;Strada Urbana;VIA MARTINO V;all'intersezione con;VIA DEL FORTE BOCCEA;VIA DEL FORTE BOCCEA;;;Scontro frontale/laterale DX fra veicoli in marcia;Incrocio;Una carreggiata a senso unico di marcia;Asciutto;Asfaltata;Verticale ed orizzontale;Sereno;Scarso;Sufficiente;Sufficiente;0;0;0;2;12.42121;41.9057;-1;2;Autovettura privata;In marcia / fermata / arresto;Conducente;M;Illeso;0;;;
2650598;1;11/01/2016 19:50;Strada Urbana;CORSO VITTORIO EMANUELE II;all'intersezione con;PIAZZA PASQUALE PAOLI;PIAZZA PASQUALE PAOLI;;;Veicolo in marcia contro veicolo arresto;Incrocio;Una carreggiata a senso unico di marcia;Bagnato (pioggia);Asfaltata;Verticale ed orizzontale;Pioggia in atto;Normale;Buona;Sufficiente;0;0;0;4;12.47144;41.89721;-1;1;Autovettura privata;In marcia / fermata / arresto;Conducente;M;Illeso;0;;Non accertato;Inesploso
2650598;1;11/01/2016 19:50;Strada Urbana;CORSO VITTORIO EMANUELE II;all'intersezione con;PIAZZA PASQUALE PAOLI;PIAZZA PASQUALE PAOLI;;;Veicolo in marcia contro veicolo arresto;Incrocio;Una carreggiata a senso unico di marcia;Bagnato (pioggia);Asfaltata;Verticale ed orizzontale;Pioggia in atto;Normale;Buona;Sufficiente;0;0;0;4;12.47144;41.89721;-1;1;Autovettura privata;In marcia / fermata / arresto;Passeggero;F;Illeso;0;;Non accertato;Inesploso
2650598;1;11/01/2016 19:50;Strada Urbana;CORSO VITTORIO EMANUELE II;all'intersezione con;PIAZZA PASQUALE PAOLI;PIAZZA PASQUALE PAOLI;;;Veicolo in marcia contro veicolo arresto;Incrocio;Una carreggiata a senso unico di marcia;Bagnato (pioggia);Asfaltata;Verticale ed orizzontale;Pioggia in atto;Normale;Buona;Sufficiente;0;0;0;4;12.47144;41.89721;-1;2;Autovettura di polizia;In marcia / fermata / arresto;Conducente;M;Illeso;0;;Non accertato;
2650598;1;11/01/2016 19:50;Strada Urbana;CORSO VITTORIO EMANUELE II;all'intersezione con;PIAZZA PASQUALE PAOLI;PIAZZA PASQUALE PAOLI;;;Veicolo in marcia contro veicolo arresto;Incrocio;Una carreggiata a senso unico di marcia;Bagnato (pioggia);Asfaltata;Verticale ed orizzontale;Pioggia in atto;Normale;Buona;Sufficiente;0;0;0;4;12.47144;41.89721;-1;2;Autovettura di polizia;In marcia / fermata / arresto;Passeggero;M;Illeso;0;;Non accertato;Inesploso
2650618;16;11/01/2016 18:10;Strada Urbana;VIA DEL CASALE LUMBROSO;in prossimità;;del civico n.;122;;Investimento di pedone;Rettilineo;Una carreggiata a doppio senso;Bagnato (pioggia);Asfaltata;Verticale ed orizzontale;Pioggia in atto;Normale;Buona;Sufficiente;1;0;0;1;12.36393;41.87281;-1;;;;Pedone;M;Ricoverato;0;NON DECEDUTO;;
2650618;16;11/01/2016 18:10;Strada Urbana;VIA DEL CASALE LUMBROSO;in prossimità;;del civico n.;122;;Investimento di pedone;Rettilineo;Una carreggiata a doppio senso;Bagnato (pioggia);Asfaltata;Verticale ed orizzontale;Pioggia in atto;Normale;Buona;Sufficiente;1;0;0;1;12.36393;41.87281;-1;1;Motociclo a solo;In marcia / fermata / arresto;Conducente;M;Illeso;0;;Non accertato;
2650623;2;11/01/2016 17:45;Strada Urbana;PIAZZA PITAGORA;in corrispondenza;;del civico n.;fr. 7;;Scontro laterale fra veicoli in marcia;Rettilineo;Una carreggiata a doppio senso;Asciutto;Asfaltata;Verticale ed orizzontale;Nuvoloso;Intenso;Buona;Ore Diurne;2;0;0;2;12.49004;41.92199;-1;1;Ciclomotore;In marcia / fermata / arresto;Conducente;M;Rimandato;0;NON DECEDUTO;Non accertato;
2650623;2;11/01/2016 17:45;Strada Urbana;PIAZZA PITAGORA;in corrispondenza;;del civico n.;fr. 7;;Scontro laterale fra veicoli in marcia;Rettilineo;Una carreggiata a doppio senso;Asciutto;Asfaltata;Verticale ed orizzontale;Nuvoloso;Intenso;Buona;Ore Diurne;2;0;0;2;12.49004;41.92199;-1;1;Ciclomotore;In marcia / fermata / arresto;Passeggero;M;Ricoverato;0;NON DECEDUTO;Non accertato;
2650623;2;11/01/2016 17:45;Strada Urbana;PIAZZA PITAGORA;in corrispondenza;;del civico n.;fr. 7;;Scontro laterale fra veicoli in marcia;Rettilineo;Una carreggiata a doppio senso;Asciutto;Asfaltata;Verticale ed orizzontale;Nuvoloso;Intenso;Buona;Ore Diurne;2;0;0;2;12.49004;41.92199;-1;2;Autovettura privata;In marcia / fermata / arresto;Conducente;F;Illeso;0;;Non accertato;Inesploso
2650623;2;11/01/2016 17:45;Strada Urbana;PIAZZA PITAGORA;in corrispondenza;;del civico n.;fr. 7;;Scontro laterale fra veicoli in marcia;Rettilineo;Una carreggiata a doppio senso;Asciutto;Asfaltata;Verticale ed orizzontale;Nuvoloso;Intenso;Buona;Ore Diurne;2;0;0;2;12.49004;41.92199;-1;3;Autocarro inferiore 35 q.;In marcia / fermata / arresto;Conducente;M;Illeso;0;;Non accertato;Inesploso
2650625;12;12/01/2016 06:45;Strada Urbana;VIALE DELL'OCEANO ATLANTICO;in prossimità;;del civico n.;257;;Investimento di pedone;Rettilineo;Due carreggiate;Bagnato (pioggia);Asfaltata;Orizzontale;Nuvoloso;Intenso;Sufficiente;Sufficiente;0;0;1;1;12.46528;41.81862;-1;;;;Pedone;M;Deceduto durante prime cure;-1;;;
2650625;12;12/01/2016 06:45;Strada Urbana;VIALE DELL'OCEANO ATLANTICO;in prossimità;;del civico n.;257;;Investimento di pedone;Rettilineo;Due carreggiate;Bagnato (pioggia);Asfaltata;Orizzontale;Nuvoloso;Intenso;Sufficiente;Sufficiente;0;0;1;1;12.46528;41.81862;-1;1;Autovettura privata;In marcia / fermata / arresto;Conducente;M;Illeso;0;;Non accertato;Inesploso
2650661;4;11/01/2016 08:00;Strada Urbana;VIA DI SETTEBAGNI;in corrispondenza;;del civico n.;724;;Scontro laterale fra veicoli in marcia;Rettilineo;Una carreggiata a senso unico di marcia;Asciutto;Asfaltata;Verticale ed orizzontale;Sereno;Normale;Buona;Ore Diurne;1;0;0;1;12.54422;41.97009;-1;1;Motociclo a solo;In marcia / fermata / arresto;Conducente;M;Rimandato;0;NON DECEDUTO;Non accertato;
2650661;4;11/01/2016 08:00;Strada Urbana;VIA DI SETTEBAGNI;in corrispondenza;;del civico n.;724;;Scontro laterale fra veicoli in marcia;Rettilineo;Una carreggiata a senso unico di marcia;Asciutto;Asfaltata;Verticale ed orizzontale;Sereno;Normale;Buona;Ore Diurne;1;0;0;1;12.54422;41.97009;-1;2;Autocarro inferiore 35 q.;In marcia / fermata / arresto;Conducente;M;Illeso;0;;Non accertato;Inesistente
2650678;3;11/01/2016 21:15;Strada Urbana;NUOVA CIRCONVALLAZIONE INTERNA;da specificare;;;;dir. Salaria 100 mt. prima dell'imbocco del tunnel;Veicolo in marcia contro ostacolo fisso;Rettilineo;Due carreggiate;Asciutto;Asfaltata;Verticale ed orizzontale;Nuvoloso;Normale;Buona;Sufficiente;1;0;0;0;12.53405;41.90708;-1;1;Autovettura privata;In marcia / fermata / arresto;Conducente;F;Rimandato;0;NON DECEDUTO;Non accertato;Inesploso
2650753;4;11/01/2016 11:00;Strada Urbana;VIA PIAN DI SCO;in prossimità;;del civico n.;28;;Scontro frontale/laterale DX fra veicoli in marcia;Rettilineo;Una carreggiata a doppio senso;Asciutto;Asfaltata;Verticale ed orizzontale;Sereno;Normale;Buona;Ore Diurne;1;0;0;1;12.51856;41.96058;-1;1;Autovettura privata;In marcia / fermata / arresto;Conducente;M;Illeso;0;;Non accertato;
2650753;4;11/01/2016 11:00;Strada Urbana;VIA PIAN DI SCO;in prossimità;;del civico n.;28;;Scontro frontale/laterale DX fra veicoli in marcia;Rettilineo;Una carreggiata a doppio senso;Asciutto;Asfaltata;Verticale ed orizzontale;Sereno;Normale;Buona;Ore Diurne;1;0;0;1;12.51856;41.96058;-1;2;Motociclo a solo;In marcia / fermata / arresto;Conducente;M;Rimandato;0;NON DECEDUTO;Non accertato;
2650803;6;12/01/2016 09:50;Strada Urbana;VIA HERBERT SPENCER;all'intersezione con;VIA PISINO;VIA PISINO;;;Scontro frontale fra veicoli in marcia;Incrocio;Una carreggiata a senso unico di marcia;Asciutto;Asfaltata;Orizzontale;Sereno;Normale;Buona;Ore Diurne;0;0;0;3;12.56166;41.90032;-1;1;Autovettura di polizia;In marcia / fermata / arresto;Conducente;M;Illeso;0;;Esente;Inesploso
2650803;6;12/01/2016 09:50;Strada Urbana;VIA HERBERT SPENCER;all'intersezione con;VIA PISINO;VIA PISINO;;;Scontro frontale fra veicoli in marcia;Incrocio;Una carreggiata a senso unico di marcia;Asciutto;Asfaltata;Orizzontale;Sereno;Normale;Buona;Ore Diurne;0;0;0;3;12.56166;41.90032;-1;1;Autovettura di polizia;In marcia / fermata / arresto;Passeggero;M;Illeso;0;;Non accertato;Inesploso
2650803;6;12/01/2016 09:50;Strada Urbana;VIA HERBERT SPENCER;all'intersezione con;VIA PISINO;VIA PISINO;;;Scontro frontale fra veicoli in marcia;Incrocio;Una carreggiata a senso unico di marcia;Asciutto;Asfaltata;Orizzontale;Sereno;Normale;Buona;Ore Diurne;0;0;0;3;12.56166;41.90032;-1;2;Autovettura privata;In marcia / fermata / arresto;Conducente;M;Illeso;0;;Non accertato;Inesploso
2650811;7;12/01/2016 07:50;Strada Urbana;VIA DELLE MIMOSE;all'intersezione con;VIA ANTONIO SEBASTIANI;VIA ANTONIO SEBASTIANI;;;Scontro frontale/laterale DX fra veicoli in marcia;Intersezione stradale segnalata;Una carreggiata a senso unico di marcia;Asciutto;Asfaltata;Verticale ed orizzontale;Nuvoloso;Normale;Buona;Ore Diurne;5;0;0;0;12.56962;41.87533;-1;1;Autovettura privata;In marcia / fermata / arresto;Conducente;M;Rimandato;0;NON DECEDUTO;Non accertato;Esploso
2650811;7;12/01/2016 07:50;Strada Urbana;VIA DELLE MIMOSE;all'intersezione con;VIA ANTONIO SEBASTIANI;VIA ANTONIO SEBASTIANI;;;Scontro frontale/laterale DX fra veicoli in marcia;Intersezione stradale segnalata;Una carreggiata a senso unico di marcia;Asciutto;Asfaltata;Verticale ed orizzontale;Nuvoloso;Normale;Buona;Ore Diurne;5;0;0;0;12.56962;41.87533;-1;1;Autovettura privata;In marcia / fermata / arresto;Passeggero;F;Rimandato;0;NON DECEDUTO;;
2650811;7;12/01/2016 07:50;Strada Urbana;VIA DELLE MIMOSE;all'intersezione con;VIA ANTONIO SEBASTIANI;VIA ANTONIO SEBASTIANI;;;Scontro frontale/laterale DX fra veicoli in marcia;Intersezione stradale segnalata;Una carreggiata a senso unico di marcia;Asciutto;Asfaltata;Verticale ed orizzontale;Nuvoloso;Normale;Buona;Ore Diurne;5;0;0;0;12.56962;41.87533;-1;2;Autovettura privata;In marcia / fermata / arresto;Conducente;M;Rimandato;0;NON DECEDUTO;;
2650811;7;12/01/2016 07:50;Strada Urbana;VIA DELLE MIMOSE;all'intersezione con;VIA ANTONIO SEBASTIANI;VIA ANTONIO SEBASTIANI;;;Scontro frontale/laterale DX fra veicoli in marcia;Intersezione stradale segnalata;Una carreggiata a senso unico di marcia;Asciutto;Asfaltata;Verticale ed orizzontale;Nuvoloso;Normale;Buona;Ore Diurne;5;0;0;0;12.56962;41.87533;-1;2;Autovettura privata;In marcia / fermata / arresto;Passeggero;F;Rimandato;0;NON DECEDUTO;Non accertato;Inesploso
2650811;7;12/01/2016 07:50;Strada Urbana;VIA DELLE MIMOSE;all'intersezione con;VIA ANTONIO SEBASTIANI;VIA ANTONIO SEBASTIANI;;;Scontro frontale/laterale DX fra veicoli in marcia;Intersezione stradale segnalata;Una carreggiata a senso unico di marcia;Asciutto;Asfaltata;Verticale ed orizzontale;Nuvoloso;Normale;Buona;Ore Diurne;5;0;0;0;12.56962;41.87533;-1;2;Autovettura privata;In marcia / fermata / arresto;Passeggero;M;Rimandato;0;NON DECEDUTO;Non accertato;Inesploso
2650886;6;12/01/2016 11:10;Strada Urbana;VIA DI CASAL BERTONE;da specificare;;;;altezza Via Cesare Ricotti;Veicolo in marcia contro veicolo fermo;Rettilineo;Una carreggiata a doppio senso;Asciutto;Asfaltata;Verticale ed orizzontale;Sereno;Normale;Buona;Ore Diurne;0;0;0;3;12.53546;41.89814;-1;1;Autocarro inferiore 35 q.;In marcia / fermata / arresto;Conducente;M;Illeso;0;;;