Protocollo;Gruppo;DataOraIncidente;Localizzazione1;STRADA1;Localizzazione2;STRADA2;Strada02;Chilometrica;DaSpecificare;NaturaIncidente;particolaritastrade;TipoStrada;FondoStradale;Pavimentazione;Segnaletica;CondizioneAtmosferica;Traffico;Visibilita;Illuminazione;NUM_FERITI;NUM_RISERVATA;NUM_MORTI;NUM_ILLESI;Longitudine;Latitudine;Confermato;Progressivo;TipoVeicolo;StatoVeicolo;TipoPersona;Sesso;Tipolesione;Deceduto;DecedutoDopo;CinturaCascoUtilizzato;Airbag
2651565;13;12/01/2016 16:30;Strada Urbana;VIALE DEI ROMAGNOLI;da specificare;;;;in prossimità di Via Donati;Tamponamento Multiplo;Rettilineo;Una carreggiata a doppio senso;Asciutto;Asfaltata;Verticale ed orizzontale;Sereno;Intenso;Buona;Ore Diurne;0;0;0;3;12.34323;41.77692;-1;1;Autovettura privata;In marcia / fermata / arresto;Conducente;M;Illeso;0;;;
2651565;13;12/01/2016 16:30;Strada Urbana;VIALE DEI ROMAGNOLI;da specificare;;;;in prossimità di Via Donati;Tamponamento Multiplo;Rettilineo;Una carreggiata a doppio senso;Asciutto;Asfaltata;Verticale ed orizzontale;Sereno;Intenso;Buona;Ore Diurne;0;0;0;3;12.34323;41.77692;-1;2;Autovettura privata;In marcia / fermata / arresto;Conducente;F;Illeso;0;;;
2651565;13;12/01/2016 16:30;Strada Urbana;VIALE DEI ROMAGNOLI;da specificare;;;;in prossimità di Via Donati;Tamponamento Multiplo;Rettilineo;Una carreggiata a doppio senso;Asciutto;Asfaltata;Verticale ed orizzontale;Sereno;Intenso;Buona;Ore Diurne;0;0;0;3;12.34323;41.77692;-1;3;Autovettura privata;In marcia / fermata / arresto;Conducente;M;Illeso;0;;;
2651575;2;12/01/2016 16:00;Strada Urbana;VIA TRAU;all'intersezione con;CORSO TRIESTE;CORSO TRIESTE;;;Scontro frontale/laterale DX fra veicoli in marcia;Incrocio;Una carreggiata a doppio senso;Asciutto;Asfaltata;Verticale ed orizzontale;Sereno;Normale;Buona;Ore Diurne;0;0;0;2;12.50778;41.91924;-1;1;Autovettura privata;In marcia / fermata / arresto;Conducente;M;Illeso;0;;Non accertato;Inesploso
2651575;2;12/01/2016 16:00;Strada Urbana;VIA TRAU;all'intersezione con;CORSO TRIESTE;CORSO TRIESTE;;;Scontro frontale/laterale DX fra veicoli in marcia;Incrocio;Una carreggiata a doppio senso;Asciutto;Asfaltata;Verticale ed orizzontale;Sereno;Normale;Buona;Ore Diurne;0;0;0;2;12.50778;41.91924;-1;2;Quadriciclo leggero;In marcia / fermata / arresto;Conducente;F;Illeso;0;;Non accertato;Inesistente
2651806;15;12/01/2016 15:15;Strada Urbana;VIA DELLA MAGLIANA;da specificare;;;;fronte civico 313;Tamponamento Multiplo;Rettilineo;Una carreggiata a senso unico di marcia;Asciutto;Asfaltata;Orizzontale;Sereno;Intenso;Buona;Ore Diurne;1;0;0;5;12.42401;41.83394;-1;1;Autovettura privata;In marcia / fermata / arresto;Conducente;M;Illeso;0;;Utilizzato;Inesploso
2651806;15;12/01/2016 15:15;Strada Urbana;VIA DELLA MAGLIANA;da specificare;;;;fronte civico 313;Tamponamento Multiplo;Rettilineo;Una carreggiata a senso unico di marcia;Asciutto;Asfaltata;Orizzontale;Sereno;Intenso;Buona;Ore Diurne;1;0;0;5;12.42401;41.83394;-1;2;Autovettura privata;In marcia / fermata / arresto;Conducente;M;Illeso;0;;Utilizzato;Inesploso
2651806;15;12/01/2016 15:15;Strada Urbana;VIA DELLA MAGLIANA;da specificare;;;;fronte civico 313;Tamponamento Multiplo;Rettilineo;Una carreggiata a senso unico di marcia;Asciutto;Asfaltata;Orizzontale;Sereno;Intenso;Buona;Ore Diurne;1;0;0;5;12.42401;41.83394;-1;3;Autovettura privata;In marcia / fermata / arresto;Conducente;M;Rifiuta cure immediate;0;NON DECEDUTO;Utilizzato;Inesploso
2651806;15;12/01/2016 15:15;Strada Urbana;VIA DELLA MAGLIANA;da specificare;;;;fronte civico 313;Tamponamento Multiplo;Rettilineo;Una carreggiata a senso unico di marcia;Asciutto;Asfaltata;Orizzontale;Sereno;Intenso;Buona;Ore Diurne;1;0;0;5;12.42401;41.83394;-1;4;Autocarro inferiore 35 q.;In marcia / fermata / arresto;Conducente;M;Illeso;0;;Utilizzato;Inesploso
2651806;15;12/01/2016 15:15;Strada Urbana;VIA DELLA MAGLIANA;da specificare;;;;fronte civico 313;Tamponamento Multiplo;Rettilineo;Una carreggiata a senso unico di marcia;Asciutto;Asfaltata;Orizzontale;Sereno;Intenso;Buona;Ore Diurne;1;0;0;5;12.42401;41.83394;-1;4;Autocarro inferiore 35 q.;In marcia / fermata / arresto;Passeggero;M;Illeso;0;;Utilizzato;Inesploso
2651806;15;12/01/2016 15:15;Strada Urbana;VIA DELLA MAGLIANA;da specificare;;;;fronte civico 313;Tamponamento Multiplo;Rettilineo;Una carreggiata a senso unico di marcia;Asciutto;Asfaltata;Orizzontale;Sereno;Intenso;Buona;Ore Diurne;1;0;0;5;12.42401;41.83394;-1;4;Autocarro inferiore 35 q.;In marcia / fermata / arresto;Passeggero;M;Illeso;0;;Utilizzato;Inesploso
2651808;13;12/01/2016 18:30;Strada Urbana;VIA GIGI CHESSA;in corrispondenza;;del civico n.;390;;Veicolo in marcia contro veicoli in sosta;Rettilineo;Una carreggiata a senso unico di marcia;Asciutto;Asfaltata;Verticale ed orizzontale;Sereno;Scarso;Sufficiente;Sufficiente;0;0;0;2;12.37925;41.77443;-1;1;Autovettura privata;In marcia / fermata / arresto;Conducente;F;Illeso;0;;Non accertato;Inesploso
2651808;13;12/01/2016 18:30;Strada Urbana;VIA GIGI CHESSA;in corrispondenza;;del civico n.;390;;Veicolo in marcia contro veicoli in sosta;Rettilineo;Una carreggiata a senso unico di marcia;Asciutto;Asfaltata;Verticale ed orizzontale;Sereno;Scarso;Sufficiente;Sufficiente;0;0;0;2;12.37925;41.77443;-1;3;Autovettura privata;In marcia / fermata / arresto;Conducente;M;Illeso;0;;Non accertato;Inesploso
2651810;15;12/01/2016 15:15;Strada Urbana;VIA PORTUENSE;da specificare;;;;prox. VIA FOSSO DELLA MAGLIANA;Scontro laterale fra veicoli in marcia;Rettilineo;Una carreggiata a doppio senso;Asciutto;Asfaltata;Verticale ed orizzontale;Sereno;Normale;Buona;Ore Diurne;0;0;0;3;12.40939;41.84342;-1;1;Autovettura privata;In marcia / fermata / arresto;Conducente;F;Illeso;0;;;
2651810;15;12/01/2016 15:15;Strada Urbana;VIA PORTUENSE;da specificare;;;;prox. VIA FOSSO DELLA MAGLIANA;Scontro laterale fra veicoli in marcia;Rettilineo;Una carreggiata a doppio senso;Asciutto;Asfaltata;Verticale ed orizzontale;Sereno;Normale;Buona;Ore Diurne;0;0;0;3;12.40939;41.84342;-1;2;Autovettura privata;In marcia / fermata / arresto;Conducente;M;Illeso;0;;;
2651810;15;12/01/2016 15:15;Strada Urbana;VIA PORTUENSE;da specificare;;;;prox. VIA FOSSO DELLA MAGLIANA;Scontro laterale fra veicoli in marcia;Rettilineo;Una carreggiata a doppio senso;Asciutto;Asfaltata;Verticale ed orizzontale;Sereno;Normale;Buona;Ore Diurne;0;0;0;3;12.40939;41.84342;-1;2;Autovettura privata;In marcia / fermata / arresto;Passeggero;F;Illeso;0;;;
2651829;5;12/01/2016 06:40;Strada Urbana;VIA DI PORTONACCIO;in corrispondenza;;del civico n.;175;;Veicolo in marcia contro ostacolo accidentale;Rettilineo;Due carreggiate;Asciutto;Asfaltata;Verticale ed orizzontale;Sereno;Normale;Buona;Ore Diurne;0;0;0;1;12.54004;41.89757;-1;1;Autovettura privata;In marcia / fermata / arresto;Conducente;M;Illeso;0;;Non accertato;Inesploso
2651834;11;12/01/2016 16:00;Strada Urbana;VIA TIBERIO IMPERATORE;all'intersezione con;VIA ALESSANDRO VARALDO;VIA ALESSANDRO VARALDO;;;Tamponamento;Intersezione stradale segnalata;Una carreggiata a doppio senso;Asciutto;Asfaltata;Verticale;Sereno;Scarso;Buona;Ore Diurne;0;0;0;2;12.48338;41.85099;-1;1;Autovettura privata;In marcia / fermata / arresto;Conducente;F;Illeso;0;;Non accertato;Inesploso
2651834;11;12/01/2016 16:00;Strada Urbana;VIA TIBERIO IMPERATORE;all'intersezione con;VIA ALESSANDRO VARALDO;VIA ALESSANDRO VARALDO;;;Tamponamento;Intersezione stradale segnalata;Una carreggiata a doppio senso;Asciutto;Asfaltata;Verticale;Sereno;Scarso;Buona;Ore Diurne;0;0;0;2;12.48338;41.85099;-1;2;Autovettura privata;In marcia / fermata / arresto;Conducente;M;Illeso;0;;Non accertato;Inesploso
2651837;7;12/01/2016 15:40;Strada Urbana;VIA DEGLI ACERI;all'intersezione con;VIA DELLE AZALEE;VIA DELLE AZALEE;;;Scontro frontale/laterale SX fra veicoli in marcia;Incrocio;Una carreggiata a senso unico di marcia;Asciutto;Asfaltata;Verticale ed orizzontale;Sereno;Normale;Buona;Ore Diurne;0;0;0;3;12.56902;41.87811;-1;1;Autovettura privata;In marcia / fermata / arresto;Conducente;M;Illeso;0;;Non accertato;Inesploso
2651837;7;12/01/2016 15:40;Strada Urbana;VIA DEGLI ACERI;all'intersezione con;VIA DELLE AZALEE;VIA DELLE AZALEE;;;Scontro frontale/laterale SX fra veicoli in marcia;Incrocio;Una carreggiata a senso unico di marcia;Asciutto;Asfaltata;Verticale ed orizzontale;Sereno;Normale;Buona;Ore Diurne;0;0;0;3;12.56902;41.87811;-1;2;Autovettura privata;In marcia / fermata / arresto;Conducente;M;Illeso;0;;Non accertato;Inesploso
2651837;7;12/01/2016 15:40;Strada Urbana;VIA DEGLI ACERI;all'intersezione con;VIA DELLE AZALEE;VIA DELLE AZALEE;;;Scontro frontale/laterale SX fra veicoli in marcia;Incrocio;Una carreggiata a senso unico di marcia;Asciutto;Asfaltata;Verticale ed orizzontale;Sereno;Normale;Buona;Ore Diurne;0;0;0;3;12.56902;41.87811;-1;2;Autovettura privata;In marcia / fermata / arresto;Passeggero;F;Illeso;0;;Non accertato;Inesploso
2651840;7;12/01/2016 10:30;Strada Urbana;VIA COLLATINA;in prossimità;;del civico n.;437;;Scontro frontale/laterale DX fra veicoli in marcia;Rettilineo;Una carreggiata a doppio senso;Asciutto;Asfaltata;Verticale ed orizzontale;Nuvoloso;Intenso;Buona;Ore Diurne;0;0;0;2;12.60891;41.90501;-1;1;Autovettura privata;In marcia / fermata / arresto;Conducente;M;Illeso;0;;Non accertato;Inesploso
2651840;7;12/01/2016 10:30;Strada Urbana;VIA COLLATINA;in prossimità;;del civico n.;437;;Scontro frontale/laterale DX fra veicoli in marcia;Rettilineo;Una carreggiata a doppio senso;Asciutto;Asfaltata;Verticale ed orizzontale;Nuvoloso;Intenso;Buona;Ore Diurne;0;0;0;2;12.60891;41.90501;-1;2;Autovettura privata;In marcia / fermata / arresto;Conducente;M;Illeso;0;;;Inesploso
2651864;5;12/01/2016 13:35;Strada Urbana;VIA TIBURTINA;da specificare;;;;altezza S. MARIA DEL SOCCORSO;Veicolo in marcia contro ostacolo accidentale;Rettilineo;Una carreggiata a doppio senso;Asciutto;Asfaltata;Verticale ed orizzontale;Sereno;Normale;Buona;Ore Diurne;1;0;0;0;12.56123;41.91544;-1;1;Motociclo a solo;In marcia / fermata / arresto;Conducente;M;Rimandato;0;NON DECEDUTO;Non accertato;
2651865;5;12/01/2016 16:00;Strada Urbana;VIA TIBURTINA;in prossimità;;del civico n.;1143;;Scontro laterale fra veicoli in marcia;Rettilineo;Due carreggiate;Asciutto;Asfaltata;Verticale ed orizzontale;Sereno;Intenso;Insufficiente;Insufficiente;1;0;0;1;12.59495;41.93265;-1;1;Autovettura privata;In marcia / fermata / arresto;Conducente;F;Illeso;0;;Non accertato;Inesploso
2651865;5;12/01/2016 16:00;Strada Urbana;VIA TIBURTINA;in prossimità;;del civico n.;1143;;Scontro laterale fra veicoli in marcia;Rettilineo;Due carreggiate;Asciutto;Asfaltata;Verticale ed orizzontale;Sereno;Intenso;Insufficiente;Insufficiente;1;0;0;1;12.59495;41.93265;-1;2;Motociclo a solo;In marcia / fermata / arresto;Conducente;M;Rimandato;0;NON DECEDUTO;Non accertato;
2651868;5;12/01/2016 11:30;Strada Urbana;VIA VACUNA;in prossimità;;del civico n.;79;;Scontro laterale fra veicoli in marcia;Rettilineo;Una carreggiata a senso unico di marcia;Asciutto;Asfaltata;Assente;Sereno;Normale;Buona;Ore Diurne;0;0;0;3;12.53595;41.91134;-1;1;Autocarro inferiore 35 q.;In marcia / fermata / arresto;Conducente;M;Illeso;0;;Non accertato;Inesistente
2651868;5;12/01/2016 11:30;Strada Urbana;VIA VACUNA;in prossimità;;del civico n.;79;;Scontro laterale fra veicoli in marcia;Rettilineo;Una carreggiata a senso unico di marcia;Asciutto;Asfaltata;Assente;Sereno;Normale;Buona;Ore Diurne;0;0;0;3;12.53595;41.91134;-1;1;Autocarro inferiore 35 q.;In marcia / fermata / arresto;Passeggero;M;Illeso;0;;Non accertato;Inesistente
2651868;5;12/01/2016 11:30;Strada Urbana;VIA VACUNA;in prossimità;;del civico n.;79;;Scontro laterale fra veicoli in marcia;Rettilineo;Una carreggiata a senso unico di marcia;Asciutto;Asfaltata;Assente;Sereno;Normale;Buona;Ore Diurne;0;0;0;3;12.53595;41.91134;-1;2;Autovettura privata;In marcia / fermata / arresto;Conducente;M;Illeso;0;;Non accertato;Inesistente
2651871;8;12/01/2016 16:30;Provinciale entro l'abitato;VIA COLLATINA;in prossimità;;del palo luce n.;586;;Veicolo in marcia contro ostacolo fisso;Rettilineo;Una carreggiata a doppio senso;Asciutto;Asfaltata;Orizzontale;Sereno;Normale;Sufficiente;Sufficiente;1;0;0;0;12.61053;41.90604;-1;1;Motociclo a solo;In marcia / fermata / arresto;Conducente;M;Rifiuta cure immediate;0;NON DECEDUTO;Non accertato;
2651873;10;12/01/2016 08:30;Statale entro l'abitato;VIA APPIA NUOVA;da specificare;;;;km 14,550;Tamponamento Multiplo;Rettilineo;Una carreggiata a senso unico di marcia;Asciutto;Asfaltata;Verticale ed orizzontale;Sereno;Intenso;Buona;Ore Diurne;0;0;0;4;12.5516;41.83656;-1;1;Autovettura privata;In marcia / fermata / arresto;Conducente;M;Illeso;0;;Non accertato;Inesploso
2651873;10;12/01/2016 08:30;Statale entro l'abitato;VIA APPIA NUOVA;da specificare;;;;km 14,550;Tamponamento Multiplo;Rettilineo;Una carreggiata a senso unico di marcia;Asciutto;Asfaltata;Verticale ed orizzontale;Sereno;Intenso;Buona;Ore Diurne;0;0;0;4;12.5516;41.83656;-1;2;Autovettura privata;In marcia / fermata / arresto;Conducente;M;Illeso;0;;Non accertato;Inesploso
2651873;10;12/01/2016 08:30;Statale entro l'abitato;VIA APPIA NUOVA;da specificare;;;;km 14,550;Tamponamento Multiplo;Rettilineo;Una carreggiata a senso unico di marcia;Asciutto;Asfaltata;Verticale ed orizzontale;Sereno;Intenso;Buona;Ore Diurne;0;0;0;4;12.5516;41.83656;-1;3;Autovettura privata;Allontanatosi;Conducente;M;Illeso;0;;Non accertato;Inesploso
2651873;10;12/01/2016 08:30;Statale entro l'abitato;VIA APPIA NUOVA;da specificare;;;;km 14,550;Tamponamento Multiplo;Rettilineo;Una carreggiata a senso unico di marcia;Asciutto;Asfaltata;Verticale ed orizzontale;Sereno;Intenso;Buona;Ore Diurne;0;0;0;4;12.5516;41.83656;-1;4;Autovettura privata;Allontanatosi;Conducente;M;Illeso;0;;Non accertato;Inesploso
2651875;8;12/01/2016 16:10;Strada Urbana;VIA DI TORRENOVA;all'intersezione con;VIA DEL TORRACCIO DI TORRENOVA;VIA DEL TORRACCIO DI TORRENOVA;;;Scontro laterale fra veicoli in marcia;Incrocio;Una carreggiata a doppio senso;Asciutto;Asfaltata;Verticale ed orizzontale;Sereno;Normale;Sufficiente;Ore Diurne;0;0;0;2;12.6191;41.87341;-1;1;Autocarro inferiore 35 q.;In marcia / fermata / arresto;Conducente;M;Illeso;0;;Non accertato;Inesploso
2651875;8;12/01/2016 16:10;Strada Urbana;VIA DI TORRENOVA;all'intersezione con;VIA DEL TORRACCIO DI TORRENOVA;VIA DEL TORRACCIO DI TORRENOVA;;;Scontro laterale fra veicoli in marcia;Incrocio;Una carreggiata a doppio senso;Asciutto;Asfaltata;Verticale ed orizzontale;Sereno;Normale;Sufficiente;Ore Diurne;0;0;0;2;12.6191;41.87341;-1;2;Autovettura privata;In marcia / fermata / arresto;Conducente;M;Illeso;0;;Non accertato;Inesploso
2651881;8;12/01/2016 16:55;Strada Urbana;VIA DEL FOSSO DI S. MAURA;all'intersezione con;VIALE DI TORRE MAURA;VIALE DI TORRE MAURA;;;Veicolo in marcia contro ostacolo accidentale;Incrocio;Due carreggiate;Asciutto;Asfaltata;Verticale ed orizzontale;Sereno;Normale;Buona;Ore Diurne;0;0;0;2;12.59469;41.85795;-1;1;Autovettura privata;In marcia / fermata / arresto;Conducente;M;Illeso;0;;Non utilizzato;Inesploso
2651881;8;12/01/2016 16:55;Strada Urbana;VIA DEL FOSSO DI S. MAURA;all'intersezione con;VIALE DI TORRE MAURA;VIALE DI TORRE MAURA;;;Veicolo in marcia contro ostacolo accidentale;Incrocio;Due carreggiate;Asciutto;Asfaltata;Verticale ed orizzontale;Sereno;Normale;Buona;Ore Diurne;0;0;0;2;12.59469;41.85795;-1;1;Autovettura privata;In marcia / fermata / arresto;Passeggero;M;Illeso;0;;Non accertato;Inesploso
2651883;8;12/01/2016 17:10;Strada Urbana;VIA SELLIA;in prossimità;;del civico n.;45;;Veicolo in marcia contro ostacolo accidentale;Rettilineo;Una carreggiata a doppio senso;Asciutto;Con buche;Orizzontale;Sereno;Normale;Buona;Ore Diurne;0;0;0;1;12.68709;41.87155;-1;1;Autovettura privata;In marcia / fermata / arresto;Conducente;M;Illeso;0;;Non utilizzato;Inesploso
2651887;8;12/01/2016 11:40;Strada Urbana;VIA ATTEONE;in prossimità;;del civico n.;111;;Veicolo in marcia contro ostacolo accidentale;Rettilineo;Una carreggiata a doppio senso;Asciutto;Asfaltata;Assente;Nuvoloso;Scarso;Sufficiente;Ore Diurne;0;0;0;3;12.62032;41.87871;-1;1;Autovettura privata;In marcia / fermata / arresto;Conducente;M;Illeso;0;;Non accertato;Inesploso
2651887;8;12/01/2016 11:40;Strada Urbana;VIA ATTEONE;in prossimità;;del civico n.;111;;Veicolo in marcia contro ostacolo accidentale;Rettilineo;Una carreggiata a doppio senso;Asciutto;Asfaltata;Assente;Nuvoloso;Scarso;Sufficiente;Ore Diurne;0;0;0;3;12.62032;41.87871;-1;1;Autovettura privata;In marcia / fermata / arresto;Passeggero;F;Illeso;0;;Non accertato;Inesploso
2651887;8;12/01/2016 11:40;Strada Urbana;VIA ATTEONE;in prossimità;;del civico n.;111;;Veicolo in marcia contro ostacolo accidentale;Rettilineo;Una carreggiata a doppio senso;Asciutto;Asfaltata;Assente;Nuvoloso;Scarso;Sufficiente;Ore Diurne;0;0;0;3;12.62032;41.87871;-1;1;Autovettura privata;In marcia / fermata / arresto;Passeggero;F;Illeso;0;;Non accertato;Inesploso
2651891;8;12/01/2016 09:00;Provinciale entro l'abitato;VIA PRENESTINA;in corrispondenza;;del civico n.;1157/A;;Veicolo in marcia contro ostacolo accidentale;Rettilineo;Una carreggiata a doppio senso;Asciutto;Asfaltata;Orizzontale;Sereno;Normale;Buona;Ore Diurne;0;0;0;1;12.62575;41.89279;-1;1;Autovettura privata;In marcia / fermata / arresto;Conducente;M;Illeso;0;;Non accertato;Inesploso
2651895;10;12/01/2016 14:30;Strada Urbana;VIA ANAGNINA;in prossimità;;del civico n.;169;;Veicolo in marcia contro ostacolo fisso;Rettilineo;Due carreggiate;Asciutto;Asfaltata;Verticale ed orizzontale;Sereno;Normale;Buona;Ore Diurne;0;0;0;1;12.60112;41.82741;-1;1;Autovettura privata;In marcia / fermata / arresto;Conducente;M;Illeso;0;;;
2651898;8;12/01/2016 14:30;Strada Urbana;VIA BORGHESIANA;in prossimità;;del civico n.;25;;Veicolo in marcia contro ostacolo accidentale;Rettilineo;Una carreggiata a doppio senso;Asciutto;Asfaltata;Orizzontale;Sereno;Normale;Sufficiente;Ore Diurne;0;0;0;1;12.66769;41.88925;-1;1;Autovettura privata;In marcia / fermata / arresto;Conducente;M;Illeso;0;;Non accertato;Inesploso
2651902;8;12/01/2016 09:00;Strada Urbana;VIALE DI TORRE MAURA;in prossimità;;del palo luce n.;25;;Veicolo in marcia contro ostacolo accidentale;Curva a visuale libera;Due carreggiate;Asciutto;Con buche;Verticale ed orizzontale;Sereno;Normale;Buona;Ore Diurne;0;0;0;1;12.59221;41.8602;-1;1;Autovettura privata;In marcia / fermata / arresto;Conducente;F;Illeso;0;;Non accertato;Inesploso
2651907;8;12/01/2016 17:00;Strada Urbana;VIA DEL FOSSO DI S. MAURA;in prossimità;;del palo luce n.;21;;Veicolo in marcia contro ostacolo accidentale;Rettilineo;Due carreggiate;Asciutto;Asfaltata;Orizzontale;Sereno;Normale;Sufficiente;Sufficiente;0;0;0;3;12.59469;41.85795;-1;1;Autovettura privata;In marcia / fermata / arresto;Conducente;F;Illeso;0;;Non accertato;Inesploso
2651907;8;12/01/2016 17:00;Strada Urbana;VIA DEL FOSSO DI S. MAURA;in prossimità;;del palo luce n.;21;;Veicolo in marcia contro ostacolo accidentale;Rettilineo;Due carreggiate;Asciutto;Asfaltata;Orizzontale;Sereno;Normale;Sufficiente;Sufficiente;0;0;0;3;12.59469;41.85795;-1;1;Autovettura privata;In marcia / fermata / arresto;Passeggero;M;Illeso;0;;Non accertato;Inesploso
2651907;8;12/01/2016 17:00;Strada Urbana;VIA DEL FOSSO DI S. MAURA;in prossimità;;del palo luce n.;21;;Veicolo in marcia contro ostacolo accidentale;Rettilineo;Due carreggiate;Asciutto;Asfaltata;Orizzontale;Sereno;Normale;Sufficiente;Sufficiente;0;0;0;3;12.59469;41.85795;-1;1;Autovettura privata;In marcia / fermata / arresto;Passeggero;F;Illeso;0;;Non accertato;Inesploso
2651908;20;12/01/2016 11:15;Strada Urbana;VIA VALCHETTA CARTONI;in corrispondenza;;del civico n.;74;;Scontro laterale fra veicoli in marcia;Rettilineo;Una carreggiata a senso unico di marcia;Asciutto;Asfaltata;Assente;Sereno;Scarso;Buona;Ore Diurne;0;0;0;3;12.49105;41.98515;-1;1;Autocarro inferiore 35 q.;In marcia / fermata / arresto;Conducente;M;Illeso;0;;;
2651908;20;12/01/2016 11:15;Strada Urbana;VIA VALCHETTA CARTONI;in corrispondenza;;del civico n.;74;;Scontro laterale fra veicoli in marcia;Rettilineo;Una carreggiata a senso unico di marcia;Asciutto;Asfaltata;Assente;Sereno;Scarso;Buona;Ore Diurne;0;0;0;3;12.49105;41.98515;-1;2;Autovettura privata;In marcia / fermata / arresto;Conducente;F;Illeso;0;;;
2651908;20;12/01/2016 11:15;Strada Urbana;VIA VALCHETTA CARTONI;in corrispondenza;;del civico n.;74;;Scontro laterale fra veicoli in marcia;Rettilineo;Una carreggiata a senso unico di marcia;Asciutto;Asfaltata;Assente;Sereno;Scarso;Buona;Ore Diurne;0;0;0;3;12.49105;41.98515;-1;2;Autovettura privata;In marcia / fermata / arresto;Passeggero;F;Illeso;0;;;
2651912;8;12/01/2016 15:20;Strada Urbana;VIALE DI TORRE MAURA;in prossimità;;del palo luce n.;20;;Veicolo in marcia contro ostacolo accidentale;Curva senza visuale libera;Due carreggiate;Asciutto;Asfaltata;Orizzontale;Sereno;Normale;Buona;Ore Diurne;0;0;0;1;12.59217;41.86022;-1;1;Autovettura privata;In marcia / fermata / arresto;Conducente;F;Illeso;0;;Non accertato;Inesploso
2651919;8;12/01/2016 15:30;Strada Urbana;VIALE DI TORRE MAURA;in prossimità;;del palo luce n.;20;;Veicolo in marcia contro ostacolo accidentale;Curva a visuale libera;Due carreggiate;Asciutto;Asfaltata;Verticale ed orizzontale;Sereno;Normale;Buona;Ore Diurne;0;0;0;1;12.59222;41.86023;-1;1;Autovettura privata;In marcia / fermata / arresto;Conducente;M;Illeso;0;;Non accertato;Inesploso
2651923;8;12/01/2016 17:30;Strada Urbana;VIALE DI TORRE MAURA;in prossimità;;del palo luce n.;32;;Veicolo in marcia contro ostacolo accidentale;Rettilineo;Due carreggiate;Asciutto;Asfaltata;Verticale ed orizzontale;Sereno;Normale;Buona;Ore Diurne;0;0;0;1;12.59222;41.86023;-1;1;Autovettura privata;In marcia / fermata / arresto;Conducente;M;Illeso;0;;Non accertato;Inesploso
2651925;11;12/01/2016 22:00;Strada Urbana;PIAZZA FEDERICO MARCELLO LANTE;all'intersezione con;VIA GIULIO ARISTIDE SARTORIO;VIA GIULIO ARISTIDE SARTORIO;;;Scontro frontale/laterale SX fra veicoli in marcia;Incrocio;Più di due carreggiate;Asciutto;Asfaltata;Verticale ed orizzontale;Sereno;Scarso;Sufficiente;Sufficiente;3;0;0;0;12.50325;41.85242;-1;1;Autovettura privata;In marcia / fermata / arresto;Conducente;M;Rimandato;0;NON DECEDUTO;;
2651925;11;12/01/2016 22:00;Strada Urbana;PIAZZA FEDERICO MARCELLO LANTE;all'intersezione con;VIA GIULIO ARISTIDE SARTORIO;VIA GIULIO ARISTIDE SARTORIO;;;Scontro frontale/laterale SX fra veicoli in marcia;Incrocio;Più di due carreggiate;Asciutto;Asfaltata;Verticale ed orizzontale;Sereno;Scarso;Sufficiente;Sufficiente;3;0;0;0;12.50325;41.85242;-1;2;Autovettura privata;In marcia / fermata / arresto;Conducente;M;Rifiuta cure immediate;0;NON DECEDUTO;;
2651925;11;12/01/2016 22:00;Strada Urbana;PIAZZA FEDERICO MARCELLO LANTE;all'intersezione con;VIA GIULIO ARISTIDE SARTORIO;VIA GIULIO ARISTIDE SARTORIO;;;Scontro frontale/laterale SX fra veicoli in marcia;Incrocio;Più di due carreggiate;Asciutto;Asfaltata;Verticale ed orizzontale;Sereno;Scarso;Sufficiente;Sufficiente;3;0;0;0;12.50325;41.85242;-1;2;Autovettura privata;In marcia / fermata / arresto;Passeggero;M;Rimandato;0;NON DECEDUTO;;
2651932;11;12/01/2016 17:30;Strada Urbana;VIALE ALDO BALLARIN;all'intersezione con;VIALE DEL TINTORETTO;VIALE DEL TINTORETTO;;;Scontro laterale fra veicoli in marcia;Intersezione stradale segnalata;Una carreggiata a doppio senso;Asciutto;Asfaltata;Verticale ed orizzontale;Sereno;Normale;Buona;Sufficiente;0;0;0;3;12.49594;41.83383;-1;1;Autovettura privata;In marcia / fermata / arresto;Conducente;F;Illeso;0;;Non accertato;
2651932;11;12/01/2016 17:30;Strada Urbana;VIALE ALDO BALLARIN;all'intersezione con;VIALE DEL TINTORETTO;VIALE DEL TINTORETTO;;;Scontro laterale fra veicoli in marcia;Intersezione stradale segnalata;Una carreggiata a doppio senso;Asciutto;Asfaltata;Verticale ed orizzontale;Sereno;Normale;Buona;Sufficiente;0;0;0;3;12.49594;41.83383;-1;2;Autovettura privata;In marcia / fermata / arresto;Conducente;F;Illeso;0;;Non accertato;