Protocollo;Gruppo;DataOraIncidente;Localizzazione1;STRADA1;Localizzazione2;STRADA2;Strada02;Chilometrica;DaSpecificare;NaturaIncidente;particolaritastrade;TipoStrada;FondoStradale;Pavimentazione;Segnaletica;CondizioneAtmosferica;Traffico;Visibilita;Illuminazione;NUM_FERITI;NUM_RISERVATA;NUM_MORTI;NUM_ILLESI;Longitudine;Latitudine;Confermato;Progressivo;TipoVeicolo;StatoVeicolo;TipoPersona;Sesso;Tipolesione;Deceduto;DecedutoDopo;CinturaCascoUtilizzato;Airbag
2656305;11;15/01/2016 09:30;Strada Urbana;VIA SILVIO D'AMICO;all'intersezione con;VIALE LEONARDO DA VINCI;VIALE LEONARDO DA VINCI;;;Scontro frontale/laterale DX fra veicoli in marcia;Incrocio;Due carreggiate;Bagnato (pioggia);Asfaltata;Verticale ed orizzontale;Nuvoloso;Normale;Buona;Ore Diurne;1;0;0;1;12.47997;41.85101;-1;1;Autovettura privata;In marcia / fermata / arresto;Conducente;M;Illeso;0;;Non accertato;Inesploso
2656305;11;15/01/2016 09:30;Strada Urbana;VIA SILVIO D'AMICO;all'intersezione con;VIALE LEONARDO DA VINCI;VIALE LEONARDO DA VINCI;;;Scontro frontale/laterale DX fra veicoli in marcia;Incrocio;Due carreggiate;Bagnato (pioggia);Asfaltata;Verticale ed orizzontale;Nuvoloso;Normale;Buona;Ore Diurne;1;0;0;1;12.47997;41.85101;-1;2;Motociclo con passeggero;In marcia / fermata / arresto;Conducente;M;Rimandato;0;NON DECEDUTO;Non accertato;
2656308;11;15/01/2016 12:00;Strada Urbana;VIA CRISTOFORO COLOMBO;in prossimità;;del palo luce n.;67;;Scontro laterale fra veicoli in marcia;Rettilineo;Più di due carreggiate;Asciutto;Asfaltata;Verticale ed orizzontale;Nuvoloso;Normale;Buona;Ore Diurne;0;0;0;4;12.48959;41.85371;-1;1;Motociclo a solo;In marcia / fermata / arresto;Conducente;M;Illeso;0;;Non accertato;
2656308;11;15/01/2016 12:00;Strada Urbana;VIA CRISTOFORO COLOMBO;in prossimità;;del palo luce n.;67;;Scontro laterale fra veicoli in marcia;Rettilineo;Più di due carreggiate;Asciutto;Asfaltata;Verticale ed orizzontale;Nuvoloso;Normale;Buona;Ore Diurne;0;0;0;4;12.48959;41.85371;-1;2;Autovettura di polizia;In marcia / fermata / arresto;Conducente;M;Illeso;0;;Non accertato;Inesploso
2656308;11;15/01/2016 12:00;Strada Urbana;VIA CRISTOFORO COLOMBO;in prossimità;;del palo luce n.;67;;Scontro laterale fra veicoli in marcia;Rettilineo;Più di due carreggiate;Asciutto;Asfaltata;Verticale ed orizzontale;Nuvoloso;Normale;Buona;Ore Diurne;0;0;0;4;12.48959;41.85371;-1;2;Autovettura di polizia;In marcia / fermata / arresto;Passeggero;M;Illeso;0;;Non accertato;Inesploso
2656308;11;15/01/2016 12:00;Strada Urbana;VIA CRISTOFORO COLOMBO;in prossimità;;del palo luce n.;67;;Scontro laterale fra veicoli in marcia;Rettilineo;Più di due carreggiate;Asciutto;Asfaltata;Verticale ed orizzontale;Nuvoloso;Normale;Buona;Ore Diurne;0;0;0;4;12.48959;41.85371;-1;2;Autovettura di polizia;In marcia / fermata / arresto;Passeggero;M;Illeso;0;;Non accertato;Inesploso
2656312;11;14/01/2016 18:30;Strada Urbana;VIA MEROPIA;all'intersezione con;VIA GIACINTO GIGANTE;VIA GIACINTO GIGANTE;;;Scontro frontale/laterale DX fra veicoli in marcia;Incrocio;Una carreggiata a doppio senso;Bagnato (pioggia);Asfaltata;Verticale ed orizzontale;Pioggia in atto;Normale;Sufficiente;Sufficiente;1;0;0;1;12.50895;41.85544;-1;1;Autovettura privata;In marcia / fermata / arresto;Conducente;F;Illeso;0;;;
2656312;11;14/01/2016 18:30;Strada Urbana;VIA MEROPIA;all'intersezione con;VIA GIACINTO GIGANTE;VIA GIACINTO GIGANTE;;;Scontro frontale/laterale DX fra veicoli in marcia;Incrocio;Una carreggiata a doppio senso;Bagnato (pioggia);Asfaltata;Verticale ed orizzontale;Pioggia in atto;Normale;Sufficiente;Sufficiente;1;0;0;1;12.50895;41.85544;-1;2;Motociclo a solo;In marcia / fermata / arresto;Conducente;M;Rifiuta cure immediate;0;NON DECEDUTO;;
2656318;13;15/01/2016 17:00;Strada Urbana;VIA DELLE CAROLINE;all'intersezione con;VIA ISOLE SALOMONE;VIA ISOLE SALOMONE;;;Scontro frontale/laterale DX fra veicoli in marcia;Incrocio;Una carreggiata a doppio senso;Asciutto;Asfaltata;Verticale ed orizzontale;Nuvoloso;Normale;Sufficiente;Sufficiente;0;0;0;2;12.27554;41.73995;-1;1;Autovettura privata;In marcia / fermata / arresto;Conducente;M;Illeso;0;;Non accertato;Inesploso
2656318;13;15/01/2016 17:00;Strada Urbana;VIA DELLE CAROLINE;all'intersezione con;VIA ISOLE SALOMONE;VIA ISOLE SALOMONE;;;Scontro frontale/laterale DX fra veicoli in marcia;Incrocio;Una carreggiata a doppio senso;Asciutto;Asfaltata;Verticale ed orizzontale;Nuvoloso;Normale;Sufficiente;Sufficiente;0;0;0;2;12.27554;41.73995;-1;2;Autovettura privata;In marcia / fermata / arresto;Conducente;M;Illeso;0;;Non accertato;Inesploso
2656354;13;15/01/2016 10:30;Strada Urbana;VIA MAIERATO;in corrispondenza;;del civico n.;68;;Veicolo in marcia contro veicoli in sosta;Rettilineo;Una carreggiata a doppio senso;Asciutto;Asfaltata;Verticale;Nuvoloso;Scarso;Buona;Ore Diurne;0;0;0;1;12.37721;41.79354;-1;1;Autovettura privata;In marcia / fermata / arresto;Conducente;F;Illeso;0;;Non accertato;
2656371;1;15/01/2016 07:05;Strada Urbana;PONTE CAVOUR;all'intersezione semaforizzata con;PIAZZA DEL PORTO DI RIPETTA;PIAZZA DEL PORTO DI RIPETTA;;;Scontro laterale fra veicoli in marcia;Intersezione semaforizzata;Una carreggiata a doppio senso;Bagnato (umidità in atto);In cubetti di porfido;Verticale ed orizzontale;Nuvoloso;Normale;Buona;Ore Diurne;1;0;0;6;12.4752;41.90489;-1;1;Autocarro inferiore 35 q.;In marcia / fermata / arresto;Conducente;M;Illeso;0;;Non accertato;Inesistente
2656371;1;15/01/2016 07:05;Strada Urbana;PONTE CAVOUR;all'intersezione semaforizzata con;PIAZZA DEL PORTO DI RIPETTA;PIAZZA DEL PORTO DI RIPETTA;;;Scontro laterale fra veicoli in marcia;Intersezione semaforizzata;Una carreggiata a doppio senso;Bagnato (umidità in atto);In cubetti di porfido;Verticale ed orizzontale;Nuvoloso;Normale;Buona;Ore Diurne;1;0;0;6;12.4752;41.90489;-1;1;Autocarro inferiore 35 q.;In marcia / fermata / arresto;Passeggero;M;Illeso;0;;Non accertato;Inesistente
2656371;1;15/01/2016 07:05;Strada Urbana;PONTE CAVOUR;all'intersezione semaforizzata con;PIAZZA DEL PORTO DI RIPETTA;PIAZZA DEL PORTO DI RIPETTA;;;Scontro laterale fra veicoli in marcia;Intersezione semaforizzata;Una carreggiata a doppio senso;Bagnato (umidità in atto);In cubetti di porfido;Verticale ed orizzontale;Nuvoloso;Normale;Buona;Ore Diurne;1;0;0;6;12.4752;41.90489;-1;1;Autocarro inferiore 35 q.;In marcia / fermata / arresto;Passeggero;M;Illeso;0;;Non accertato;Inesistente
2656371;1;15/01/2016 07:05;Strada Urbana;PONTE CAVOUR;all'intersezione semaforizzata con;PIAZZA DEL PORTO DI RIPETTA;PIAZZA DEL PORTO DI RIPETTA;;;Scontro laterale fra veicoli in marcia;Intersezione semaforizzata;Una carreggiata a doppio senso;Bagnato (umidità in atto);In cubetti di porfido;Verticale ed orizzontale;Nuvoloso;Normale;Buona;Ore Diurne;1;0;0;6;12.4752;41.90489;-1;1;Autocarro inferiore 35 q.;In marcia / fermata / arresto;Passeggero;M;Illeso;0;;Non accertato;Inesistente
2656371;1;15/01/2016 07:05;Strada Urbana;PONTE CAVOUR;all'intersezione semaforizzata con;PIAZZA DEL PORTO DI RIPETTA;PIAZZA DEL PORTO DI RIPETTA;;;Scontro laterale fra veicoli in marcia;Intersezione semaforizzata;Una carreggiata a doppio senso;Bagnato (umidità in atto);In cubetti di porfido;Verticale ed orizzontale;Nuvoloso;Normale;Buona;Ore Diurne;1;0;0;6;12.4752;41.90489;-1;1;Autocarro inferiore 35 q.;In marcia / fermata / arresto;Passeggero;M;Illeso;0;;Non accertato;
2656371;1;15/01/2016 07:05;Strada Urbana;PONTE CAVOUR;all'intersezione semaforizzata con;PIAZZA DEL PORTO DI RIPETTA;PIAZZA DEL PORTO DI RIPETTA;;;Scontro laterale fra veicoli in marcia;Intersezione semaforizzata;Una carreggiata a doppio senso;Bagnato (umidità in atto);In cubetti di porfido;Verticale ed orizzontale;Nuvoloso;Normale;Buona;Ore Diurne;1;0;0;6;12.4752;41.90489;-1;2;Motociclo a solo;In marcia / fermata / arresto;Conducente;M;Rimandato;0;NON DECEDUTO;Non accertato;
2656375;8;15/01/2016 07:30;Statale entro l'abitato;VIA CASILINA;in prossimità;;del civico n.;1966;;Veicolo in marcia contro ostacolo accidentale;Rettilineo;Una carreggiata a doppio senso;Bagnato (pioggia);Asfaltata;Orizzontale;Nuvoloso;Normale;Buona;Ore Diurne;0;0;0;1;12.70374;41.86546;-1;1;Autovettura privata;In marcia / fermata / arresto;Conducente;M;Illeso;0;;Non accertato;Inesploso
2656377;8;15/01/2016 08:30;Strada Urbana;VIA DI TORRE SPACCATA;in prossimità;;del civico n.;238a;;Investimento di pedone;Rettilineo;Una carreggiata a doppio senso;Bagnato (pioggia);Asfaltata;Verticale ed orizzontale;Nuvoloso;Normale;Buona;Ore Diurne;1;0;0;1;12.58687;41.8673;-1;;;;Pedone;M;Ricoverato;0;NON DECEDUTO;;
2656377;8;15/01/2016 08:30;Strada Urbana;VIA DI TORRE SPACCATA;in prossimità;;del civico n.;238a;;Investimento di pedone;Rettilineo;Una carreggiata a doppio senso;Bagnato (pioggia);Asfaltata;Verticale ed orizzontale;Nuvoloso;Normale;Buona;Ore Diurne;1;0;0;1;12.58687;41.8673;-1;1;Autovettura privata;In marcia / fermata / arresto;Conducente;F;Illeso;0;;Non accertato;Inesploso
2656379;8;15/01/2016 11:00;Strada Urbana;VIA DEL FOSSO DELL'OSA;in prossimità;;del palo luce n.;153;;Scontro laterale fra veicoli in marcia;Curva a visuale libera;Una carreggiata a doppio senso;Bagnato (pioggia);Asfaltata;Verticale ed orizzontale;Nuvoloso;Normale;Buona;Ore Diurne;0;0;0;4;12.68431;41.90552;-1;1;Autocarro inferiore 35 q.;In marcia / fermata / arresto;Conducente;M;Illeso;0;;Non accertato;Inesploso
2656379;8;15/01/2016 11:00;Strada Urbana;VIA DEL FOSSO DELL'OSA;in prossimità;;del palo luce n.;153;;Scontro laterale fra veicoli in marcia;Curva a visuale libera;Una carreggiata a doppio senso;Bagnato (pioggia);Asfaltata;Verticale ed orizzontale;Nuvoloso;Normale;Buona;Ore Diurne;0;0;0;4;12.68431;41.90552;-1;2;Autocarro inferiore 35 q.;In marcia / fermata / arresto;Conducente;M;Illeso;0;;Non accertato;Inesploso
2656379;8;15/01/2016 11:00;Strada Urbana;VIA DEL FOSSO DELL'OSA;in prossimità;;del palo luce n.;153;;Scontro laterale fra veicoli in marcia;Curva a visuale libera;Una carreggiata a doppio senso;Bagnato (pioggia);Asfaltata;Verticale ed orizzontale;Nuvoloso;Normale;Buona;Ore Diurne;0;0;0;4;12.68431;41.90552;-1;2;Autocarro inferiore 35 q.;In marcia / fermata / arresto;Passeggero;M;Illeso;0;;Non accertato;Inesploso
2656379;8;15/01/2016 11:00;Strada Urbana;VIA DEL FOSSO DELL'OSA;in prossimità;;del palo luce n.;153;;Scontro laterale fra veicoli in marcia;Curva a visuale libera;Una carreggiata a doppio senso;Bagnato (pioggia);Asfaltata;Verticale ed orizzontale;Nuvoloso;Normale;Buona;Ore Diurne;0;0;0;4;12.68431;41.90552;-1;2;Autocarro inferiore 35 q.;In marcia / fermata / arresto;Passeggero;M;Illeso;0;;Non accertato;Inesploso
2656382;8;15/01/2016 14:00;Strada Urbana;VIA GIUSEPPE GINANNI;all'intersezione con;VIA ENRICO GIGLIOLI;VIA ENRICO GIGLIOLI;;;Scontro frontale/laterale SX fra veicoli in marcia;Incrocio;Una carreggiata a doppio senso;Asciutto;Asfaltata;Verticale;Sereno;Normale;Buona;Ore Diurne;2;0;0;0;12.59926;41.87035;-1;1;Autocarro inferiore 35 q.;In marcia / fermata / arresto;Conducente;M;Rifiuta cure immediate;0;NON DECEDUTO;Non accertato;Esploso
2656382;8;15/01/2016 14:00;Strada Urbana;VIA GIUSEPPE GINANNI;all'intersezione con;VIA ENRICO GIGLIOLI;VIA ENRICO GIGLIOLI;;;Scontro frontale/laterale SX fra veicoli in marcia;Incrocio;Una carreggiata a doppio senso;Asciutto;Asfaltata;Verticale;Sereno;Normale;Buona;Ore Diurne;2;0;0;0;12.59926;41.87035;-1;2;Autovettura privata;In marcia / fermata / arresto;Conducente;F;Ricoverato;0;NON DECEDUTO;Non accertato;
2656384;8;15/01/2016 18:20;Strada Urbana;VIA GIONATA;in prossimità;;del civico n.;20;;Veicolo in marcia contro ostacolo accidentale;Dosso;Una carreggiata a doppio senso;Asciutto;Con buche;Assente;Sereno;Normale;Insufficiente;Inesistente;0;0;0;1;12.68243;41.85511;-1;1;Autovettura privata;In marcia / fermata / arresto;Conducente;F;Illeso;0;;Non accertato;Inesploso
2656387;8;15/01/2016 19:50;Strada Urbana;VIA DEI TUCANI;in prossimità;;del palo luce n.;5;;Scontro frontale/laterale DX fra veicoli in marcia;Rettilineo;Una carreggiata a senso unico di marcia;Asciutto;Asfaltata;Verticale ed orizzontale;Sereno;Scarso;Sufficiente;Sufficiente;1;0;0;1;12.59062;41.86978;-1;1;Ciclomotore;In marcia / fermata / arresto;Conducente;F;Rifiuta cure immediate;0;NON DECEDUTO;Non accertato;
2656387;8;15/01/2016 19:50;Strada Urbana;VIA DEI TUCANI;in prossimità;;del palo luce n.;5;;Scontro frontale/laterale DX fra veicoli in marcia;Rettilineo;Una carreggiata a senso unico di marcia;Asciutto;Asfaltata;Verticale ed orizzontale;Sereno;Scarso;Sufficiente;Sufficiente;1;0;0;1;12.59062;41.86978;-1;2;Autovettura privata;In marcia / fermata / arresto;Conducente;M;Illeso;0;;Non accertato;Inesploso
2656394;8;15/01/2016 20:00;Strada Urbana;VIA CASILINA;in prossimità;;del civico n.;1732;;Scontro laterale fra veicoli in marcia;Rettilineo;Una carreggiata a doppio senso;Asciutto;Asfaltata;Verticale ed orizzontale;Sereno;Normale;Sufficiente;Sufficiente;0;0;0;4;12.66222;41.8644;-1;1;Autovettura privata;In marcia / fermata / arresto;Conducente;M;Illeso;0;;Non accertato;Inesploso
2656394;8;15/01/2016 20:00;Strada Urbana;VIA CASILINA;in prossimità;;del civico n.;1732;;Scontro laterale fra veicoli in marcia;Rettilineo;Una carreggiata a doppio senso;Asciutto;Asfaltata;Verticale ed orizzontale;Sereno;Normale;Sufficiente;Sufficiente;0;0;0;4;12.66222;41.8644;-1;1;Autovettura privata;In marcia / fermata / arresto;Passeggero;F;Illeso;0;;Non accertato;Inesploso
2656394;8;15/01/2016 20:00;Strada Urbana;VIA CASILINA;in prossimità;;del civico n.;1732;;Scontro laterale fra veicoli in marcia;Rettilineo;Una carreggiata a doppio senso;Asciutto;Asfaltata;Verticale ed orizzontale;Sereno;Normale;Sufficiente;Sufficiente;0;0;0;4;12.66222;41.8644;-1;2;Autovettura privata;In marcia / fermata / arresto;Conducente;M;Illeso;0;;Non accertato;Inesploso
2656394;8;15/01/2016 20:00;Strada Urbana;VIA CASILINA;in prossimità;;del civico n.;1732;;Scontro laterale fra veicoli in marcia;Rettilineo;Una carreggiata a doppio senso;Asciutto;Asfaltata;Verticale ed orizzontale;Sereno;Normale;Sufficiente;Sufficiente;0;0;0;4;12.66222;41.8644;-1;2;Autovettura privata;In marcia / fermata / arresto;Passeggero;M;Illeso;0;;Non accertato;Inesploso
2656397;8;15/01/2016 20:30;Strada Urbana;VIALE DI TORRE MAURA;in prossimità;;del palo luce n.;32;;Veicolo in marcia contro ostacolo accidentale;Curva a visuale libera;Due carreggiate;Asciutto;Asfaltata;Verticale ed orizzontale;Sereno;Scarso;Sufficiente;Sufficiente;0;0;0;1;12.59217;41.86022;-1;1;Autovettura privata;In marcia / fermata / arresto;Conducente;M;Illeso;0;;Non accertato;Inesploso
2656398;2;15/01/2016 08:45;Strada Urbana;VIA TAGLIAMENTO;all'intersezione con;VIA ARNO;VIA ARNO;;;Ribaltamento senza urto contro ostacolo fisso;Intersezione stradale segnalata;Una carreggiata a doppio senso;Bagnato (pioggia);Asfaltata;Orizzontale;Nuvoloso;Intenso;Buona;Ore Diurne;1;0;0;1;12.50098;41.91865;-1;1;Autovettura privata;In marcia / fermata / arresto;Conducente;M;Illeso;0;;;
2656398;2;15/01/2016 08:45;Strada Urbana;VIA TAGLIAMENTO;all'intersezione con;VIA ARNO;VIA ARNO;;;Ribaltamento senza urto contro ostacolo fisso;Intersezione stradale segnalata;Una carreggiata a doppio senso;Bagnato (pioggia);Asfaltata;Orizzontale;Nuvoloso;Intenso;Buona;Ore Diurne;1;0;0;1;12.50098;41.91865;-1;2;Ciclomotore;In marcia / fermata / arresto;Conducente;F;Rimandato;0;NON DECEDUTO;;
2656414;8;15/01/2016 20:25;Strada Urbana;VIALE DI TORRE MAURA;in prossimità;;del palo luce n.;32;;Veicolo in marcia contro ostacolo accidentale;Curva a visuale libera;Due carreggiate;Asciutto;Asfaltata;Verticale ed orizzontale;Sereno;Scarso;Sufficiente;Sufficiente;0;0;0;3;12.59217;41.86022;-1;1;Autovettura privata;In marcia / fermata / arresto;Conducente;M;Illeso;0;;Non accertato;Inesploso
2656414;8;15/01/2016 20:25;Strada Urbana;VIALE DI TORRE MAURA;in prossimità;;del palo luce n.;32;;Veicolo in marcia contro ostacolo accidentale;Curva a visuale libera;Due carreggiate;Asciutto;Asfaltata;Verticale ed orizzontale;Sereno;Scarso;Sufficiente;Sufficiente;0;0;0;3;12.59217;41.86022;-1;1;Autovettura privata;In marcia / fermata / arresto;Passeggero;M;Illeso;0;;Non accertato;Inesploso
2656414;8;15/01/2016 20:25;Strada Urbana;VIALE DI TORRE MAURA;in prossimità;;del palo luce n.;32;;Veicolo in marcia contro ostacolo accidentale;Curva a visuale libera;Due carreggiate;Asciutto;Asfaltata;Verticale ed orizzontale;Sereno;Scarso;Sufficiente;Sufficiente;0;0;0;3;12.59217;41.86022;-1;1;Autovettura privata;In marcia / fermata / arresto;Passeggero;M;Illeso;0;;Non accertato;Inesploso
2656431;1;14/01/2016 18:45;Strada Urbana;VIALE MANZONI;all'intersezione semaforizzata con;VIA EMANUELE FILIBERTO;VIA EMANUELE FILIBERTO;;;Investimento di pedone;Incrocio;Una carreggiata a doppio senso;Bagnato (pioggia);Asfaltata;Verticale ed orizzontale;Pioggia in atto;Intenso;Sufficiente;Sufficiente;1;0;0;1;12.50772;41.89117;-1;;;;Pedone;M;Rifiuta cure immediate;0;NON DECEDUTO;;
2656431;1;14/01/2016 18:45;Strada Urbana;VIALE MANZONI;all'intersezione semaforizzata con;VIA EMANUELE FILIBERTO;VIA EMANUELE FILIBERTO;;;Investimento di pedone;Incrocio;Una carreggiata a doppio senso;Bagnato (pioggia);Asfaltata;Verticale ed orizzontale;Pioggia in atto;Intenso;Sufficiente;Sufficiente;1;0;0;1;12.50772;41.89117;-1;1;Ciclomotore;In marcia / fermata / arresto;Conducente;M;Illeso;0;;Non accertato;
2656445;2;15/01/2016 07:20;Strada Urbana;CIRCONVALLAZIONE SALARIA;da specificare;;;;ALTEZZA  SVINCOLO  PER VIA SALARIA;Tamponamento;Rettilineo;Due carreggiate;Bagnato (pioggia);Asfaltata;Orizzontale;Pioggia in atto;Intenso;Buona;Ore Diurne;0;0;0;2;12.51061;41.93839;-1;1;Autovettura di polizia;In marcia / fermata / arresto;Conducente;M;Illeso;0;;;
2656445;2;15/01/2016 07:20;Strada Urbana;CIRCONVALLAZIONE SALARIA;da specificare;;;;ALTEZZA  SVINCOLO  PER VIA SALARIA;Tamponamento;Rettilineo;Due carreggiate;Bagnato (pioggia);Asfaltata;Orizzontale;Pioggia in atto;Intenso;Buona;Ore Diurne;0;0;0;2;12.51061;41.93839;-1;2;Autovettura privata;In marcia / fermata / arresto;Conducente;M;Illeso;0;;Non accertato;
2656460;1;15/01/2016 15:40;Strada Urbana;PIAZZA DELL'INDIPENDENZA;all'intersezione semaforizzata con;VIA SAN MARTINO DELLA BATTAGLIA;VIA SAN MARTINO DELLA BATTAGLIA;;;Scontro frontale/laterale DX fra veicoli in marcia;Intersezione semaforizzata;Una carreggiata a senso unico di marcia;Asciutto;Asfaltata;Verticale ed orizzontale;Sereno;Normale;Buona;Ore Diurne;1;0;0;1;12.50248;41.90438;-1;1;Autovettura pubblica;In marcia / fermata / arresto;Conducente;M;Illeso;0;;Non accertato;
2656460;1;15/01/2016 15:40;Strada Urbana;PIAZZA DELL'INDIPENDENZA;all'intersezione semaforizzata con;VIA SAN MARTINO DELLA BATTAGLIA;VIA SAN MARTINO DELLA BATTAGLIA;;;Scontro frontale/laterale DX fra veicoli in marcia;Intersezione semaforizzata;Una carreggiata a senso unico di marcia;Asciutto;Asfaltata;Verticale ed orizzontale;Sereno;Normale;Buona;Ore Diurne;1;0;0;1;12.50248;41.90438;-1;2;Motociclo a solo;In marcia / fermata / arresto;Conducente;M;Rimandato;0;NON DECEDUTO;Non accertato;
2656461;13;15/01/2016 18:25;Strada Urbana;VIA DEL CANALE DELLA LINGUA;da specificare;;;;altezza Via Pelopida;Tamponamento;Rettilineo;Una carreggiata a doppio senso;Asciutto;Asfaltata;Assente;Sereno;Normale;Buona;Sufficiente;0;0;0;3;12.34033;41.74122;-1;1;Autovettura privata;In marcia / fermata / arresto;Conducente;M;Illeso;0;;Non accertato;
2656461;13;15/01/2016 18:25;Strada Urbana;VIA DEL CANALE DELLA LINGUA;da specificare;;;;altezza Via Pelopida;Tamponamento;Rettilineo;Una carreggiata a doppio senso;Asciutto;Asfaltata;Assente;Sereno;Normale;Buona;Sufficiente;0;0;0;3;12.34033;41.74122;-1;2;Autovettura privata;In marcia / fermata / arresto;Conducente;M;Illeso;0;;Non accertato;
2656461;13;15/01/2016 18:25;Strada Urbana;VIA DEL CANALE DELLA LINGUA;da specificare;;;;altezza Via Pelopida;Tamponamento;Rettilineo;Una carreggiata a doppio senso;Asciutto;Asfaltata;Assente;Sereno;Normale;Buona;Sufficiente;0;0;0;3;12.34033;41.74122;-1;2;Autovettura privata;In marcia / fermata / arresto;Passeggero;F;Illeso;0;;Non accertato;
2656473;1;15/01/2016 19:00;Strada Urbana;VIA DEL CIRCO MASSIMO;in prossimità;;del civico n.;9;;Investimento di pedone;Rettilineo;Una carreggiata a doppio senso;Asciutto;Asfaltata;Verticale ed orizzontale;Nuvoloso;Normale;Buona;Ore Diurne;1;0;0;1;12.48702;41.88368;-1;;;;Pedone;M;Illeso;0;;;
2656473;1;15/01/2016 19:00;Strada Urbana;VIA DEL CIRCO MASSIMO;in prossimità;;del civico n.;9;;Investimento di pedone;Rettilineo;Una carreggiata a doppio senso;Asciutto;Asfaltata;Verticale ed orizzontale;Nuvoloso;Normale;Buona;Ore Diurne;1;0;0;1;12.48702;41.88368;-1;1;Motociclo a solo;In marcia / fermata / arresto;Conducente;M;Rifiuta cure immediate;0;NON DECEDUTO;Non accertato;
2656475;23;14/01/2016 20:50;Strada Urbana;VIALE DELL'OCEANO INDIANO;da specificare;;;;50 m prima dell'int. semafor. con Via di Decima;Veicolo in marcia contro veicolo in sosta;Rettilineo;Una carreggiata a doppio senso;Bagnato (pioggia);Asfaltata;Verticale ed orizzontale;Pioggia in atto;Scarso;Sufficiente;Sufficiente;1;0;0;2;12.44435;41.82149;-1;1;Autovettura privata;In marcia / fermata / arresto;Conducente;F;Illeso;0;;Non accertato;Inesploso
2656475;23;14/01/2016 20:50;Strada Urbana;VIALE DELL'OCEANO INDIANO;da specificare;;;;50 m prima dell'int. semafor. con Via di Decima;Veicolo in marcia contro veicolo in sosta;Rettilineo;Una carreggiata a doppio senso;Bagnato (pioggia);Asfaltata;Verticale ed orizzontale;Pioggia in atto;Scarso;Sufficiente;Sufficiente;1;0;0;2;12.44435;41.82149;-1;2;Autovettura di polizia;In marcia / fermata / arresto;Conducente;M;Illeso;0;;Non accertato;Inesploso
2656475;23;14/01/2016 20:50;Strada Urbana;VIALE DELL'OCEANO INDIANO;da specificare;;;;50 m prima dell'int. semafor. con Via di Decima;Veicolo in marcia contro veicolo in sosta;Rettilineo;Una carreggiata a doppio senso;Bagnato (pioggia);Asfaltata;Verticale ed orizzontale;Pioggia in atto;Scarso;Sufficiente;Sufficiente;1;0;0;2;12.44435;41.82149;-1;2;Autovettura di polizia;In marcia / fermata / arresto;Passeggero;M;Ricoverato;0;NON DECEDUTO;Non accertato;Esploso
2656479;20;15/01/2016 06:55;Strada Urbana;VIA DEI DUE PONTI;in corrispondenza;;del palo luce n.;99;;Veicolo in marcia contro ostacolo accidentale;Curva a visuale libera;Una carreggiata a doppio senso;Bagnato (pioggia);Asfaltata;Orizzontale;Nuvoloso;Normale;Buona;Sufficiente;3;0;0;0;12.47201;41.96561;-1;1;Autovettura privata;In marcia / fermata / arresto;Conducente;M;Rimandato;0;NON DECEDUTO;Non accertato;Esploso
2656479;20;15/01/2016 06:55;Strada Urbana;VIA DEI DUE PONTI;in corrispondenza;;del palo luce n.;99;;Veicolo in marcia contro ostacolo accidentale;Curva a visuale libera;Una carreggiata a doppio senso;Bagnato (pioggia);Asfaltata;Orizzontale;Nuvoloso;Normale;Buona;Sufficiente;3;0;0;0;12.47201;41.96561;-1;1;Autovettura privata;In marcia / fermata / arresto;Passeggero;M;Rimandato;0;NON DECEDUTO;Non accertato;Esploso
2656479;20;15/01/2016 06:55;Strada Urbana;VIA DEI DUE PONTI;in corrispondenza;;del palo luce n.;99;;Veicolo in marcia contro ostacolo accidentale;Curva a visuale libera;Una carreggiata a doppio senso;Bagnato (pioggia);Asfaltata;Orizzontale;Nuvoloso;Normale;Buona;Sufficiente;3;0;0;0;12.47201;41.96561;-1;1;Autovettura privata;In marcia / fermata / arresto;Passeggero;F;Rimandato;0;NON DECEDUTO;Non accertato;Inesploso
2656482;1;15/01/2016 22:15;Strada Urbana;LUNGOTEVERE VATICANO;da specificare;;;;RAMPA DI SINISTRA;Scontro laterale fra veicoli in marcia;Curva a visuale libera;Una carreggiata a senso unico di marcia;Asciutto;Acciotolata;Verticale ed orizzontale;Sereno;Normale;Buona;Sufficiente;0;0;0;2;12.46428;41.90202;-1;1;Autovettura privata;In marcia / fermata / arresto;Conducente;F;Illeso;0;;Non accertato;
2656482;1;15/01/2016 22:15;Strada Urbana;LUNGOTEVERE VATICANO;da specificare;;;;RAMPA DI SINISTRA;Scontro laterale fra veicoli in marcia;Curva a visuale libera;Una carreggiata a senso unico di marcia;Asciutto;Acciotolata;Verticale ed orizzontale;Sereno;Normale;Buona;Sufficiente;0;0;0;2;12.46428;41.90202;-1;2;Autocarro superiore 35 q.;In marcia / fermata / arresto;Conducente;M;Illeso;0;;Non accertato;
2656499;20;15/01/2016 11:15;Strada Urbana;VIALE DI TOR DI QUINTO;in prossimità;;del civico n.;35;;Scontro frontale/laterale SX fra veicoli in marcia;Rettilineo;Una carreggiata a doppio senso;Asciutto;Asfaltata;Verticale ed orizzontale;Nuvoloso;Normale;Buona;Ore Diurne;0;0;0;2;12.46954;41.93737;-1;1;Autovettura privata;In marcia / fermata / arresto;Conducente;M;Illeso;0;;Non accertato;Inesistente