Protocollo;Gruppo;DataOraIncidente;Localizzazione1;STRADA1;Localizzazione2;STRADA2;Strada02;Chilometrica;DaSpecificare;NaturaIncidente;particolaritastrade;TipoStrada;FondoStradale;Pavimentazione;Segnaletica;CondizioneAtmosferica;Traffico;Visibilita;Illuminazione;NUM_FERITI;NUM_RISERVATA;NUM_MORTI;NUM_ILLESI;Longitudine;Latitudine;Confermato;Progressivo;TipoVeicolo;StatoVeicolo;TipoPersona;Sesso;Tipolesione;Deceduto;DecedutoDopo;CinturaCascoUtilizzato;Airbag
2658587;1;16/01/2016 17:20;Strada Urbana;CLIVO DEI PUBLICII;in corrispondenza;;del palo luce n.;1;;Tamponamento;Rettilineo;Una carreggiata a senso unico di marcia;Asciutto;Asfaltata;Verticale ed orizzontale;Sereno;Normale;Sufficiente;Sufficiente;0;0;0;3;12.48293;41.8858;-1;1;Autovettura privata;In marcia / fermata / arresto;Conducente;M;Illeso;0;;Non accertato;
2658587;1;16/01/2016 17:20;Strada Urbana;CLIVO DEI PUBLICII;in corrispondenza;;del palo luce n.;1;;Tamponamento;Rettilineo;Una carreggiata a senso unico di marcia;Asciutto;Asfaltata;Verticale ed orizzontale;Sereno;Normale;Sufficiente;Sufficiente;0;0;0;3;12.48293;41.8858;-1;1;Autovettura privata;In marcia / fermata / arresto;Passeggero;F;Illeso;0;;Non accertato;
2658587;1;16/01/2016 17:20;Strada Urbana;CLIVO DEI PUBLICII;in corrispondenza;;del palo luce n.;1;;Tamponamento;Rettilineo;Una carreggiata a senso unico di marcia;Asciutto;Asfaltata;Verticale ed orizzontale;Sereno;Normale;Sufficiente;Sufficiente;0;0;0;3;12.48293;41.8858;-1;2;Autovettura privata;In marcia / fermata / arresto;Conducente;M;Illeso;0;;Non accertato;
2658610;18;11/01/2016 05:50;Statale;VIA AURELIA;in corrispondenza;;della chilometrica;9.8;;Veicolo in marcia contro ostacolo fisso;Curva senza visuale libera;Due carreggiate;Bagnato (umidità in atto);Asfaltata;Verticale ed orizzontale;Nuvoloso;Scarso;Sufficiente;Sufficiente;1;0;0;0;12.4138;41.89218;-1;1;Autovettura privata;In marcia / fermata / arresto;Conducente;F;Rimandato;0;NON DECEDUTO;Non accertato;Inesploso
2658637;1;16/01/2016 11:25;Strada Urbana;VIA DI S. MARIA IN COSMEDIN;all'intersezione semaforizzata con;VIA DELLA GRECA;VIA DELLA GRECA;;;Scontro laterale fra veicoli in marcia;Intersezione semaforizzata;Una carreggiata a doppio senso;Asciutto;Asfaltata;Verticale ed orizzontale;Nuvoloso;Normale;Buona;Ore Diurne;0;0;0;3;12.48063;41.88714;-1;1;Autovettura privata;In marcia / fermata / arresto;Conducente;M;Illeso;0;;Non accertato;
2658637;1;16/01/2016 11:25;Strada Urbana;VIA DI S. MARIA IN COSMEDIN;all'intersezione semaforizzata con;VIA DELLA GRECA;VIA DELLA GRECA;;;Scontro laterale fra veicoli in marcia;Intersezione semaforizzata;Una carreggiata a doppio senso;Asciutto;Asfaltata;Verticale ed orizzontale;Nuvoloso;Normale;Buona;Ore Diurne;0;0;0;3;12.48063;41.88714;-1;1;Autovettura privata;In marcia / fermata / arresto;Passeggero;F;Illeso;0;;Non accertato;
2658637;1;16/01/2016 11:25;Strada Urbana;VIA DI S. MARIA IN COSMEDIN;all'intersezione semaforizzata con;VIA DELLA GRECA;VIA DELLA GRECA;;;Scontro laterale fra veicoli in marcia;Intersezione semaforizzata;Una carreggiata a doppio senso;Asciutto;Asfaltata;Verticale ed orizzontale;Nuvoloso;Normale;Buona;Ore Diurne;0;0;0;3;12.48063;41.88714;-1;2;Autovettura privata;In marcia / fermata / arresto;Conducente;F;Illeso;0;;;
2658650;7;18/01/2016 10:40;Strada Urbana;VIA DEI CASTANI;in prossimità;;del civico n.;225;;Investimento di pedone;Rettilineo;Una carreggiata a doppio senso;Asciutto;Asfaltata;Verticale ed orizzontale;Sereno;Normale;Buona;Ore Diurne;1;0;0;1;12.56594;41.88675;-1;;;;Pedone;F;Rimandato;0;NON DECEDUTO;;
2658650;7;18/01/2016 10:40;Strada Urbana;VIA DEI CASTANI;in prossimità;;del civico n.;225;;Investimento di pedone;Rettilineo;Una carreggiata a doppio senso;Asciutto;Asfaltata;Verticale ed orizzontale;Sereno;Normale;Buona;Ore Diurne;1;0;0;1;12.56594;41.88675;-1;1;Autovettura privata;In marcia / fermata / arresto;Conducente;M;Illeso;0;;Non accertato;Inesploso
2658660;4;16/01/2016 20:30;Strada Urbana;VIA GIOVANNI CONTI;da specificare;;;;altezza Via delle Vigne Nuove;Scontro laterale fra veicoli in marcia;Curva a visuale libera;Due carreggiate;Asciutto;Asfaltata;Orizzontale;Sereno;Scarso;Buona;Sufficiente;0;0;0;2;12.53109;41.95456;-1;1;Autovettura privata;In marcia / fermata / arresto;Conducente;F;Illeso;0;;Non accertato;
2658660;4;16/01/2016 20:30;Strada Urbana;VIA GIOVANNI CONTI;da specificare;;;;altezza Via delle Vigne Nuove;Scontro laterale fra veicoli in marcia;Curva a visuale libera;Due carreggiate;Asciutto;Asfaltata;Orizzontale;Sereno;Scarso;Buona;Sufficiente;0;0;0;2;12.53109;41.95456;-1;2;Autovettura privata;In marcia / fermata / arresto;Conducente;M;Illeso;0;;Non accertato;
2658673;1;16/01/2016 21:10;Strada Urbana;VIALE MARCO POLO;all'intersezione semaforizzata con;VIA ALVISE CADAMOSTO;VIA ALVISE CADAMOSTO;;;Scontro frontale/laterale SX fra veicoli in marcia;Incrocio;Una carreggiata a doppio senso;Asciutto;Asfaltata;Verticale ed orizzontale;Sereno;Normale;Sufficiente;Sufficiente;0;0;0;4;12.48929;41.87284;-1;1;Quadriciclo leggero;In marcia / fermata / arresto;Conducente;F;Illeso;0;;Non accertato;
2658673;1;16/01/2016 21:10;Strada Urbana;VIALE MARCO POLO;all'intersezione semaforizzata con;VIA ALVISE CADAMOSTO;VIA ALVISE CADAMOSTO;;;Scontro frontale/laterale SX fra veicoli in marcia;Incrocio;Una carreggiata a doppio senso;Asciutto;Asfaltata;Verticale ed orizzontale;Sereno;Normale;Sufficiente;Sufficiente;0;0;0;4;12.48929;41.87284;-1;1;Quadriciclo leggero;In marcia / fermata / arresto;Passeggero;M;Illeso;0;;Non accertato;
2658673;1;16/01/2016 21:10;Strada Urbana;VIALE MARCO POLO;all'intersezione semaforizzata con;VIA ALVISE CADAMOSTO;VIA ALVISE CADAMOSTO;;;Scontro frontale/laterale SX fra veicoli in marcia;Incrocio;Una carreggiata a doppio senso;Asciutto;Asfaltata;Verticale ed orizzontale;Sereno;Normale;Sufficiente;Sufficiente;0;0;0;4;12.48929;41.87284;-1;2;Autovettura privata;In marcia / fermata / arresto;Conducente;M;Illeso;0;;Non accertato;
2658673;1;16/01/2016 21:10;Strada Urbana;VIALE MARCO POLO;all'intersezione semaforizzata con;VIA ALVISE CADAMOSTO;VIA ALVISE CADAMOSTO;;;Scontro frontale/laterale SX fra veicoli in marcia;Incrocio;Una carreggiata a doppio senso;Asciutto;Asfaltata;Verticale ed orizzontale;Sereno;Normale;Sufficiente;Sufficiente;0;0;0;4;12.48929;41.87284;-1;2;Autovettura privata;In marcia / fermata / arresto;Passeggero;F;Illeso;0;;Non accertato;
2658679;4;17/01/2016 13:30;Strada Urbana;VIA MONTE ROCCHETTA;all'intersezione con;VIA MONTE CROCE;VIA MONTE CROCE;;;Veicolo in marcia contro ostacolo accidentale;Incrocio;Una carreggiata a doppio senso;Asciutto;Asfaltata;Verticale ed orizzontale;Sereno;Scarso;Buona;Ore Diurne;0;0;0;1;12.53174;41.94734;-1;1;Autovettura pubblica;In marcia / fermata / arresto;Conducente;M;Illeso;0;;Non accertato;Inesploso
2658693;18;11/01/2016 12:00;Strada Urbana;VIA DEL QUARTACCIO;all'intersezione con;VIA DEL PODERE DI S. GIUSTO;VIA DEL PODERE DI S. GIUSTO;;;Scontro frontale/laterale SX fra veicoli in marcia;Incrocio;Una carreggiata a doppio senso;Asciutto;Asfaltata;Orizzontale;Nuvoloso;Normale;Buona;Ore Diurne;2;0;0;2;12.391;41.9182;-1;1;Autovettura privata;In marcia / fermata / arresto;Conducente;M;Illeso;0;;Non accertato;Inesploso
2658693;18;11/01/2016 12:00;Strada Urbana;VIA DEL QUARTACCIO;all'intersezione con;VIA DEL PODERE DI S. GIUSTO;VIA DEL PODERE DI S. GIUSTO;;;Scontro frontale/laterale SX fra veicoli in marcia;Incrocio;Una carreggiata a doppio senso;Asciutto;Asfaltata;Orizzontale;Nuvoloso;Normale;Buona;Ore Diurne;2;0;0;2;12.391;41.9182;-1;1;Autovettura privata;In marcia / fermata / arresto;Passeggero;F;Illeso;0;;Non accertato;Inesploso
2658693;18;11/01/2016 12:00;Strada Urbana;VIA DEL QUARTACCIO;all'intersezione con;VIA DEL PODERE DI S. GIUSTO;VIA DEL PODERE DI S. GIUSTO;;;Scontro frontale/laterale SX fra veicoli in marcia;Incrocio;Una carreggiata a doppio senso;Asciutto;Asfaltata;Orizzontale;Nuvoloso;Normale;Buona;Ore Diurne;2;0;0;2;12.391;41.9182;-1;2;Motociclo con passeggero;In marcia / fermata / arresto;Conducente;M;Rimandato;0;NON DECEDUTO;Non accertato;
2658693;18;11/01/2016 12:00;Strada Urbana;VIA DEL QUARTACCIO;all'intersezione con;VIA DEL PODERE DI S. GIUSTO;VIA DEL PODERE DI S. GIUSTO;;;Scontro frontale/laterale SX fra veicoli in marcia;Incrocio;Una carreggiata a doppio senso;Asciutto;Asfaltata;Orizzontale;Nuvoloso;Normale;Buona;Ore Diurne;2;0;0;2;12.391;41.9182;-1;2;Motociclo con passeggero;In marcia / fermata / arresto;Passeggero;F;Rimandato;0;NON DECEDUTO;Non accertato;
2658695;4;17/01/2016 19:30;Statale entro l'abitato;VIA SALARIA;in prossimità;;del civico n.;1223;;Scontro laterale fra veicoli in marcia;Rettilineo;Due carreggiate;Asciutto;Asfaltata;Verticale ed orizzontale;Sereno;Normale;Buona;Insufficiente;0;0;0;3;12.51111;41.9877;-1;1;Autovettura privata;In marcia / fermata / arresto;Conducente;M;Illeso;0;;Non accertato;Inesploso
2658695;4;17/01/2016 19:30;Statale entro l'abitato;VIA SALARIA;in prossimità;;del civico n.;1223;;Scontro laterale fra veicoli in marcia;Rettilineo;Due carreggiate;Asciutto;Asfaltata;Verticale ed orizzontale;Sereno;Normale;Buona;Insufficiente;0;0;0;3;12.51111;41.9877;-1;1;Autovettura privata;In marcia / fermata / arresto;Passeggero;F;Illeso;0;;Non accertato;Inesploso
2658695;4;17/01/2016 19:30;Statale entro l'abitato;VIA SALARIA;in prossimità;;del civico n.;1223;;Scontro laterale fra veicoli in marcia;Rettilineo;Due carreggiate;Asciutto;Asfaltata;Verticale ed orizzontale;Sereno;Normale;Buona;Insufficiente;0;0;0;3;12.51111;41.9877;-1;2;Autobus di linea;In marcia / fermata / arresto;Conducente;M;Illeso;0;;Non accertato;Inesistente
2658699;12;16/01/2016 20:00;Strada Urbana;VIA ERSILIA MAINO BRONZINI;in corrispondenza;;del civico n.;51;;Veicolo in marcia contro ostacolo accidentale;Rettilineo;Una carreggiata a senso unico di marcia;Asciutto;Asfaltata;Verticale ed orizzontale;Sereno;Scarso;Sufficiente;Sufficiente;0;0;0;1;12.50758;41.81547;-1;2;Autovettura privata;In marcia / fermata / arresto;Conducente;M;Illeso;0;;Utilizzato;Inesploso
2658711;1;17/01/2016 12:00;Strada Urbana;VIALE AVENTINO;all'intersezione semaforizzata con;VIA DI S. PRISCA;VIA DI S. PRISCA;;;Scontro laterale fra veicoli in marcia;Incrocio;Più di due carreggiate;Asciutto;In cubetti di porfido;Verticale ed orizzontale;Sereno;Normale;Buona;Ore Diurne;0;0;0;4;12.48441;41.88082;-1;1;Autovettura privata;In marcia / fermata / arresto;Conducente;F;Illeso;0;;Non accertato;
2658711;1;17/01/2016 12:00;Strada Urbana;VIALE AVENTINO;all'intersezione semaforizzata con;VIA DI S. PRISCA;VIA DI S. PRISCA;;;Scontro laterale fra veicoli in marcia;Incrocio;Più di due carreggiate;Asciutto;In cubetti di porfido;Verticale ed orizzontale;Sereno;Normale;Buona;Ore Diurne;0;0;0;4;12.48441;41.88082;-1;1;Autovettura privata;In marcia / fermata / arresto;Passeggero;F;Illeso;0;;Non accertato;
2658711;1;17/01/2016 12:00;Strada Urbana;VIALE AVENTINO;all'intersezione semaforizzata con;VIA DI S. PRISCA;VIA DI S. PRISCA;;;Scontro laterale fra veicoli in marcia;Incrocio;Più di due carreggiate;Asciutto;In cubetti di porfido;Verticale ed orizzontale;Sereno;Normale;Buona;Ore Diurne;0;0;0;4;12.48441;41.88082;-1;2;Motociclo con passeggero;In marcia / fermata / arresto;Conducente;M;Illeso;0;;Non accertato;
2658711;1;17/01/2016 12:00;Strada Urbana;VIALE AVENTINO;all'intersezione semaforizzata con;VIA DI S. PRISCA;VIA DI S. PRISCA;;;Scontro laterale fra veicoli in marcia;Incrocio;Più di due carreggiate;Asciutto;In cubetti di porfido;Verticale ed orizzontale;Sereno;Normale;Buona;Ore Diurne;0;0;0;4;12.48441;41.88082;-1;2;Motociclo con passeggero;In marcia / fermata / arresto;Passeggero;M;Illeso;0;;Non accertato;
2658714;20;18/01/2016 11:20;Regionale entro l'abitato;VIA CASSIA;in corrispondenza;;del civico n.;876;;Tamponamento Multiplo;Rettilineo;Una carreggiata a doppio senso;Asciutto;Asfaltata;Verticale ed orizzontale;Sereno;Intenso;Buona;Ore Diurne;0;0;0;5;12.43671;41.96953;-1;1;Autovettura privata;In marcia / fermata / arresto;Conducente;M;Illeso;0;;Non accertato;Inesploso
2658714;20;18/01/2016 11:20;Regionale entro l'abitato;VIA CASSIA;in corrispondenza;;del civico n.;876;;Tamponamento Multiplo;Rettilineo;Una carreggiata a doppio senso;Asciutto;Asfaltata;Verticale ed orizzontale;Sereno;Intenso;Buona;Ore Diurne;0;0;0;5;12.43671;41.96953;-1;1;Autovettura privata;In marcia / fermata / arresto;Passeggero;F;Illeso;0;;Non accertato;Inesploso
2658714;20;18/01/2016 11:20;Regionale entro l'abitato;VIA CASSIA;in corrispondenza;;del civico n.;876;;Tamponamento Multiplo;Rettilineo;Una carreggiata a doppio senso;Asciutto;Asfaltata;Verticale ed orizzontale;Sereno;Intenso;Buona;Ore Diurne;0;0;0;5;12.43671;41.96953;-1;2;Autovettura privata;In marcia / fermata / arresto;Conducente;F;Illeso;0;;Non accertato;Inesistente
2658714;20;18/01/2016 11:20;Regionale entro l'abitato;VIA CASSIA;in corrispondenza;;del civico n.;876;;Tamponamento Multiplo;Rettilineo;Una carreggiata a doppio senso;Asciutto;Asfaltata;Verticale ed orizzontale;Sereno;Intenso;Buona;Ore Diurne;0;0;0;5;12.43671;41.96953;-1;2;Autovettura privata;In marcia / fermata / arresto;Passeggero;M;Illeso;0;;;
2658714;20;18/01/2016 11:20;Regionale entro l'abitato;VIA CASSIA;in corrispondenza;;del civico n.;876;;Tamponamento Multiplo;Rettilineo;Una carreggiata a doppio senso;Asciutto;Asfaltata;Verticale ed orizzontale;Sereno;Intenso;Buona;Ore Diurne;0;0;0;5;12.43671;41.96953;-1;3;Autovettura privata;In marcia / fermata / arresto;Conducente;F;Illeso;0;;Non accertato;Inesploso
2658751;17;17/01/2016 08:45;Strada Urbana;VIA S. TOMMASO D'AQUINO;in corrispondenza;;del civico n.;14;;Investimento di pedone;Rettilineo;Una carreggiata a senso unico di marcia;Asciutto;Asfaltata;Verticale ed orizzontale;Sereno;Scarso;Buona;Ore Diurne;1;0;0;1;12.44824;41.91131;-1;;;;Pedone;M;Rimandato;0;NON DECEDUTO;;
2658751;17;17/01/2016 08:45;Strada Urbana;VIA S. TOMMASO D'AQUINO;in corrispondenza;;del civico n.;14;;Investimento di pedone;Rettilineo;Una carreggiata a senso unico di marcia;Asciutto;Asfaltata;Verticale ed orizzontale;Sereno;Scarso;Buona;Ore Diurne;1;0;0;1;12.44824;41.91131;-1;1;Motociclo a solo;In marcia / fermata / arresto;Conducente;M;Illeso;0;;Non accertato;
2658752;6;18/01/2016 10:10;Strada Urbana;VIA DI ACQUA BULLICANTE;in prossimità;;del civico n.;72;;Investimento di pedone;Rettilineo;Una carreggiata a doppio senso;Asciutto;Asfaltata;Orizzontale;Sereno;Normale;Buona;Ore Diurne;1;0;0;1;12.54342;41.88383;-1;;;;Pedone;M;Rimandato;0;NON DECEDUTO;;
2658752;6;18/01/2016 10:10;Strada Urbana;VIA DI ACQUA BULLICANTE;in prossimità;;del civico n.;72;;Investimento di pedone;Rettilineo;Una carreggiata a doppio senso;Asciutto;Asfaltata;Orizzontale;Sereno;Normale;Buona;Ore Diurne;1;0;0;1;12.54342;41.88383;-1;1;Motociclo a solo;In marcia / fermata / arresto;Conducente;M;Illeso;0;;Non accertato;
2658814;2;18/01/2016 11:45;Strada Urbana;VIA GIOVANNI ANTONELLI;in prossimità;;del civico n.;28;;Scontro frontale/laterale SX fra veicoli in marcia;Pendenza;Una carreggiata a doppio senso;Asciutto;Asfaltata;Verticale ed orizzontale;Sereno;Normale;Buona;Ore Diurne;0;0;0;2;12.48467;41.92407;-1;1;Motociclo a solo;In marcia / fermata / arresto;Conducente;M;Illeso;0;;Non accertato;
2658814;2;18/01/2016 11:45;Strada Urbana;VIA GIOVANNI ANTONELLI;in prossimità;;del civico n.;28;;Scontro frontale/laterale SX fra veicoli in marcia;Pendenza;Una carreggiata a doppio senso;Asciutto;Asfaltata;Verticale ed orizzontale;Sereno;Normale;Buona;Ore Diurne;0;0;0;2;12.48467;41.92407;-1;2;Autovettura privata;In marcia / fermata / arresto;Conducente;F;Illeso;0;;Non accertato;Inesploso
2658815;1;17/01/2016 05:45;Strada Urbana;LUNGOTEVERE GIANICOLENSE;in prossimità;;del palo luce n.;9;;Veicolo in marcia contro veicolo in sosta;Rettilineo;Una carreggiata a senso unico di marcia;Asciutto;Asfaltata;Verticale ed orizzontale;Sereno;Scarso;Sufficiente;Sufficiente;0;0;0;5;12.46411;41.89718;-1;1;Autovettura privata;In marcia / fermata / arresto;Passeggero;M;Illeso;0;;Non accertato;
2658815;1;17/01/2016 05:45;Strada Urbana;LUNGOTEVERE GIANICOLENSE;in prossimità;;del palo luce n.;9;;Veicolo in marcia contro veicolo in sosta;Rettilineo;Una carreggiata a senso unico di marcia;Asciutto;Asfaltata;Verticale ed orizzontale;Sereno;Scarso;Sufficiente;Sufficiente;0;0;0;5;12.46411;41.89718;-1;1;Autovettura privata;In marcia / fermata / arresto;Passeggero;F;Illeso;0;;Non accertato;
2658815;1;17/01/2016 05:45;Strada Urbana;LUNGOTEVERE GIANICOLENSE;in prossimità;;del palo luce n.;9;;Veicolo in marcia contro veicolo in sosta;Rettilineo;Una carreggiata a senso unico di marcia;Asciutto;Asfaltata;Verticale ed orizzontale;Sereno;Scarso;Sufficiente;Sufficiente;0;0;0;5;12.46411;41.89718;-1;1;Autovettura privata;In marcia / fermata / arresto;Passeggero;F;Illeso;0;;Non accertato;
2658815;1;17/01/2016 05:45;Strada Urbana;LUNGOTEVERE GIANICOLENSE;in prossimità;;del palo luce n.;9;;Veicolo in marcia contro veicolo in sosta;Rettilineo;Una carreggiata a senso unico di marcia;Asciutto;Asfaltata;Verticale ed orizzontale;Sereno;Scarso;Sufficiente;Sufficiente;0;0;0;5;12.46411;41.89718;-1;1;Autovettura privata;In marcia / fermata / arresto;Conducente;M;Illeso;0;;Non accertato;
2658826;12;18/01/2016 09:40;Strada Urbana;VIA CRISTOFORO COLOMBO;da specificare;;;;altezza uscita viadotto della Magliana;Tamponamento;Rettilineo;Più di due carreggiate;Asciutto;Asfaltata;Verticale ed orizzontale;Sereno;Normale;Buona;Ore Diurne;0;0;0;2;12.4752;41.84186;-1;1;Autovettura privata;In marcia / fermata / arresto;Conducente;F;Illeso;0;;Non accertato;Inesploso
2658826;12;18/01/2016 09:40;Strada Urbana;VIA CRISTOFORO COLOMBO;da specificare;;;;altezza uscita viadotto della Magliana;Tamponamento;Rettilineo;Più di due carreggiate;Asciutto;Asfaltata;Verticale ed orizzontale;Sereno;Normale;Buona;Ore Diurne;0;0;0;2;12.4752;41.84186;-1;2;Autovettura privata;In marcia / fermata / arresto;Conducente;M;Illeso;0;;Non accertato;Esploso
2658897;26;02/01/2016 12:00;Strada Urbana;VIA DELLE TRE PILE;in prossimità;;del palo luce n.;2;;Veicolo in marcia contro veicolo in sosta;Pendenza;Una carreggiata a senso unico di marcia;Bagnato (pioggia);Acciotolata;Assente;Nuvoloso;Scarso;Buona;Ore Diurne;0;0;0;1;12.48222;41.8934;-1;1;Autovettura pubblica;In marcia / fermata / arresto;Conducente;M;Illeso;0;;;
2658922;18;07/01/2016 14:45;Strada Urbana;VIA GREGORIO VII;in prossimità;;del civico n.;63;;Scontro frontale/laterale DX fra veicoli in marcia;Rettilineo;Più di due carreggiate;Asciutto;Asfaltata;Verticale;Nuvoloso;Normale;Buona;Ore Diurne;0;0;0;3;12.45063;41.89789;-1;1;Autovettura privata;In marcia / fermata / arresto;Conducente;M;Illeso;0;;Non accertato;Inesploso
2658922;18;07/01/2016 14:45;Strada Urbana;VIA GREGORIO VII;in prossimità;;del civico n.;63;;Scontro frontale/laterale DX fra veicoli in marcia;Rettilineo;Più di due carreggiate;Asciutto;Asfaltata;Verticale;Nuvoloso;Normale;Buona;Ore Diurne;0;0;0;3;12.45063;41.89789;-1;1;Autovettura privata;In marcia / fermata / arresto;Passeggero;F;Illeso;0;;;
2658922;18;07/01/2016 14:45;Strada Urbana;VIA GREGORIO VII;in prossimità;;del civico n.;63;;Scontro frontale/laterale DX fra veicoli in marcia;Rettilineo;Più di due carreggiate;Asciutto;Asfaltata;Verticale;Nuvoloso;Normale;Buona;Ore Diurne;0;0;0;3;12.45063;41.89789;-1;2;Autovettura pubblica;In marcia / fermata / arresto;Conducente;M;Illeso;0;;Non accertato;Inesploso
2658933;10;18/01/2016 04:30;Strada Urbana;VIA ACAIA;in prossimità;;del civico n.;50;;Veicolo in marcia contro veicoli in sosta;Rettilineo;Una carreggiata a doppio senso;Asciutto;Asfaltata;Verticale ed orizzontale;Sereno;Scarso;Buona;Sufficiente;1;0;0;1;12.50779;41.87635;-1;1;Autocarro inferiore 35 q.;In marcia / fermata / arresto;Conducente;M;Illeso;0;;Non accertato;Inesploso
2658933;10;18/01/2016 04:30;Strada Urbana;VIA ACAIA;in prossimità;;del civico n.;50;;Veicolo in marcia contro veicoli in sosta;Rettilineo;Una carreggiata a doppio senso;Asciutto;Asfaltata;Verticale ed orizzontale;Sereno;Scarso;Buona;Sufficiente;1;0;0;1;12.50779;41.87635;-1;2;Autovettura pubblica;In marcia / fermata / arresto;Conducente;M;Rimandato;0;NON DECEDUTO;Non accertato;Inesploso
2658939;18;08/01/2016 17:30;Strada Urbana;VIA DI BOCCEA;in prossimità;;del civico n.;472;;Tamponamento;Rettilineo;Due carreggiate;Asciutto;Asfaltata;Verticale;Sereno;Intenso;Insufficiente;Inesistente;2;0;0;0;12.4018;41.90936;-1;1;Autovettura pubblica;In marcia / fermata / arresto;Conducente;M;Rifiuta cure immediate;0;NON DECEDUTO;Non accertato;Inesploso
2658939;18;08/01/2016 17:30;Strada Urbana;VIA DI BOCCEA;in prossimità;;del civico n.;472;;Tamponamento;Rettilineo;Due carreggiate;Asciutto;Asfaltata;Verticale;Sereno;Intenso;Insufficiente;Inesistente;2;0;0;0;12.4018;41.90936;-1;2;Autovettura privata;In marcia / fermata / arresto;Conducente;M;Rifiuta cure immediate;0;NON DECEDUTO;Non accertato;Inesploso
2658954;18;08/01/2016 18:50;Strada Urbana;VIA DI BOCCEA;in corrispondenza;;del civico n.;82;;Investimento di pedone;Rettilineo;Una carreggiata a doppio senso;Asciutto;Asfaltata;Verticale ed orizzontale;Nuvoloso;Normale;Sufficiente;Sufficiente;2;0;0;0;12.42797;41.90081;-1;;;;Pedone;F;Rifiuta cure immediate;0;NON DECEDUTO;;
2658954;18;08/01/2016 18:50;Strada Urbana;VIA DI BOCCEA;in corrispondenza;;del civico n.;82;;Investimento di pedone;Rettilineo;Una carreggiata a doppio senso;Asciutto;Asfaltata;Verticale ed orizzontale;Nuvoloso;Normale;Sufficiente;Sufficiente;2;0;0;0;12.42797;41.90081;-1;1;Motociclo a solo;In marcia / fermata / arresto;Conducente;M;Rifiuta cure immediate;0;NON DECEDUTO;;
2658957;12;15/01/2016 17:55;Strada Urbana;VIA DELLA SIERRA NEVADA;all'intersezione con;PIAZZALE MARCELLINO CHAMPAGNAT;PIAZZALE MARCELLINO CHAMPAGNAT;;;Scontro frontale/laterale SX fra veicoli in marcia;Incrocio;Una carreggiata a senso unico di marcia;Asciutto;Asfaltata;Verticale ed orizzontale;Nuvoloso;Scarso;Buona;Sufficiente;0;0;0;2;12.47579;41.82397;-1;1;Autovettura privata;In marcia / fermata / arresto;Conducente;M;Illeso;0;;Non accertato;Inesploso
2658957;12;15/01/2016 17:55;Strada Urbana;VIA DELLA SIERRA NEVADA;all'intersezione con;PIAZZALE MARCELLINO CHAMPAGNAT;PIAZZALE MARCELLINO CHAMPAGNAT;;;Scontro frontale/laterale SX fra veicoli in marcia;Incrocio;Una carreggiata a senso unico di marcia;Asciutto;Asfaltata;Verticale ed orizzontale;Nuvoloso;Scarso;Buona;Sufficiente;0;0;0;2;12.47579;41.82397;-1;2;Autovettura privata;In marcia / fermata / arresto;Conducente;M;Illeso;0;;Non accertato;Inesploso
2658960;18;09/01/2016 20:30;Strada Urbana;VIA DI PORTA CAVALLEGGERI;all'intersezione semaforizzata con;VIA BONIFACIO VIII;VIA BONIFACIO VIII;;;Tamponamento Multiplo;Intersezione semaforizzata;Due carreggiate;Asciutto;Asfaltata;Verticale ed orizzontale;Sereno;Scarso;Sufficiente;Sufficiente;4;0;0;1;12.45658;41.90018;-1;1;Autovettura privata;In marcia / fermata / arresto;Conducente;M;Rifiuta cure immediate;0;NON DECEDUTO;;
2658960;18;09/01/2016 20:30;Strada Urbana;VIA DI PORTA CAVALLEGGERI;all'intersezione semaforizzata con;VIA BONIFACIO VIII;VIA BONIFACIO VIII;;;Tamponamento Multiplo;Intersezione semaforizzata;Due carreggiate;Asciutto;Asfaltata;Verticale ed orizzontale;Sereno;Scarso;Sufficiente;Sufficiente;4;0;0;1;12.45658;41.90018;-1;1;Autovettura privata;In marcia / fermata / arresto;Passeggero;F;Rifiuta cure immediate;0;NON DECEDUTO;Non accertato;
2658960;18;09/01/2016 20:30;Strada Urbana;VIA DI PORTA CAVALLEGGERI;all'intersezione semaforizzata con;VIA BONIFACIO VIII;VIA BONIFACIO VIII;;;Tamponamento Multiplo;Intersezione semaforizzata;Due carreggiate;Asciutto;Asfaltata;Verticale ed orizzontale;Sereno;Scarso;Sufficiente;Sufficiente;4;0;0;1;12.45658;41.90018;-1;2;Autovettura privata;In marcia / fermata / arresto;Conducente;M;Rifiuta cure immediate;0;NON DECEDUTO;;
2658960;18;09/01/2016 20:30;Strada Urbana;VIA DI PORTA CAVALLEGGERI;all'intersezione semaforizzata con;VIA BONIFACIO VIII;VIA BONIFACIO VIII;;;Tamponamento Multiplo;Intersezione semaforizzata;Due carreggiate;Asciutto;Asfaltata;Verticale ed orizzontale;Sereno;Scarso;Sufficiente;Sufficiente;4;0;0;1;12.45658;41.90018;-1;2;Autovettura privata;In marcia / fermata / arresto;Passeggero;F;Rifiuta cure immediate;0;NON DECEDUTO;Non accertato;