Protocollo;Gruppo;DataOraIncidente;Localizzazione1;STRADA1;Localizzazione2;STRADA2;Strada02;Chilometrica;DaSpecificare;NaturaIncidente;particolaritastrade;TipoStrada;FondoStradale;Pavimentazione;Segnaletica;CondizioneAtmosferica;Traffico;Visibilita;Illuminazione;NUM_FERITI;NUM_RISERVATA;NUM_MORTI;NUM_ILLESI;Longitudine;Latitudine;Confermato;Progressivo;TipoVeicolo;StatoVeicolo;TipoPersona;Sesso;Tipolesione;Deceduto;DecedutoDopo;CinturaCascoUtilizzato;Airbag
2659270;3;16/01/2016 19:20;Strada Urbana;CIRCONVALLAZIONE TIBURTINA;da specificare;;;;DIR. S.GIOVANNI FRONTE LOCALI EASY BOX;Tamponamento;Rettilineo;Due carreggiate;Asciutto;Asfaltata;Verticale ed orizzontale;Nuvoloso;Normale;Sufficiente;Sufficiente;1;0;0;4;12.52804;41.89941;-1;2;Autovettura privata;In marcia / fermata / arresto;Passeggero;F;Rimandato;0;NON DECEDUTO;Non accertato;Inesploso
2659270;3;16/01/2016 19:20;Strada Urbana;CIRCONVALLAZIONE TIBURTINA;da specificare;;;;DIR. S.GIOVANNI FRONTE LOCALI EASY BOX;Tamponamento;Rettilineo;Due carreggiate;Asciutto;Asfaltata;Verticale ed orizzontale;Nuvoloso;Normale;Sufficiente;Sufficiente;1;0;0;4;12.52804;41.89941;-1;2;Autovettura privata;In marcia / fermata / arresto;Passeggero;F;Illeso;0;;Non accertato;Inesploso
2659282;3;17/01/2016 01:15;Strada Urbana;VIA VAL DI LANZO;all'intersezione con;VIA VAL DI SANGRO;VIA VAL DI SANGRO;;;Scontro frontale/laterale DX fra veicoli in marcia;Incrocio;Una carreggiata a doppio senso;Asciutto;Asfaltata;Orizzontale;Sereno;Scarso;Buona;Sufficiente;1;0;0;4;12.52222;41.94489;-1;1;Autovettura privata;In marcia / fermata / arresto;Conducente;F;Illeso;0;;Non accertato;Inesistente
2659282;3;17/01/2016 01:15;Strada Urbana;VIA VAL DI LANZO;all'intersezione con;VIA VAL DI SANGRO;VIA VAL DI SANGRO;;;Scontro frontale/laterale DX fra veicoli in marcia;Incrocio;Una carreggiata a doppio senso;Asciutto;Asfaltata;Orizzontale;Sereno;Scarso;Buona;Sufficiente;1;0;0;4;12.52222;41.94489;-1;1;Autovettura privata;In marcia / fermata / arresto;Passeggero;F;Rimandato;0;NON DECEDUTO;Non accertato;Inesploso
2659282;3;17/01/2016 01:15;Strada Urbana;VIA VAL DI LANZO;all'intersezione con;VIA VAL DI SANGRO;VIA VAL DI SANGRO;;;Scontro frontale/laterale DX fra veicoli in marcia;Incrocio;Una carreggiata a doppio senso;Asciutto;Asfaltata;Orizzontale;Sereno;Scarso;Buona;Sufficiente;1;0;0;4;12.52222;41.94489;-1;2;Autovettura privata;In marcia / fermata / arresto;Conducente;M;Illeso;0;;Non accertato;Inesploso
2659282;3;17/01/2016 01:15;Strada Urbana;VIA VAL DI LANZO;all'intersezione con;VIA VAL DI SANGRO;VIA VAL DI SANGRO;;;Scontro frontale/laterale DX fra veicoli in marcia;Incrocio;Una carreggiata a doppio senso;Asciutto;Asfaltata;Orizzontale;Sereno;Scarso;Buona;Sufficiente;1;0;0;4;12.52222;41.94489;-1;2;Autovettura privata;In marcia / fermata / arresto;Passeggero;F;Illeso;0;;Non accertato;Esploso
2659282;3;17/01/2016 01:15;Strada Urbana;VIA VAL DI LANZO;all'intersezione con;VIA VAL DI SANGRO;VIA VAL DI SANGRO;;;Scontro frontale/laterale DX fra veicoli in marcia;Incrocio;Una carreggiata a doppio senso;Asciutto;Asfaltata;Orizzontale;Sereno;Scarso;Buona;Sufficiente;1;0;0;4;12.52222;41.94489;-1;2;Autovettura privata;In marcia / fermata / arresto;Passeggero;M;Illeso;0;;Non accertato;Esploso
2659286;18;11/01/2016 09:20;Strada Urbana;PIAZZA DEI GIURECONSULTI;all'intersezione semaforizzata con;CIRCONVALLAZIONE CORNELIA;CIRCONVALLAZIONE CORNELIA;;;Ribaltamento senza urto contro ostacolo fisso;Intersezione semaforizzata;Più di due carreggiate;Asciutto;Asfaltata;Verticale ed orizzontale;Sereno;Normale;Buona;Ore Diurne;1;0;0;0;12.42274;41.91737;-1;1;Motociclo a solo;In marcia / fermata / arresto;Conducente;M;Rimandato;0;NON DECEDUTO;;
2659289;19;18/01/2016 08:45;Strada Urbana;VIA MONTIGLIO;da specificare;;;;(altezza ingresso pineto);Tamponamento;Rettilineo;Una carreggiata a doppio senso;Asciutto;Asfaltata;Verticale ed orizzontale;Sereno;Normale;Buona;Ore Diurne;0;0;0;2;12.42872;41.92407;-1;1;Autovettura privata;In marcia / fermata / arresto;Conducente;M;Illeso;0;;Non accertato;Inesploso
2659289;19;18/01/2016 08:45;Strada Urbana;VIA MONTIGLIO;da specificare;;;;(altezza ingresso pineto);Tamponamento;Rettilineo;Una carreggiata a doppio senso;Asciutto;Asfaltata;Verticale ed orizzontale;Sereno;Normale;Buona;Ore Diurne;0;0;0;2;12.42872;41.92407;-1;2;Autovettura privata;In marcia / fermata / arresto;Conducente;M;Illeso;0;;Non accertato;Inesploso
2659294;19;18/01/2016 08:25;Strada Urbana;VIA FRANCO MICHELINI TOCCI;all'intersezione con;VIA GUIDO ALESSI;VIA GUIDO ALESSI;;;Veicolo in marcia contro ostacolo fisso;Incrocio;Una carreggiata a senso unico di marcia;Ghiacciato;Asfaltata;Verticale;Sereno;Scarso;Buona;Ore Diurne;1;0;0;0;12.44665;41.9226;-1;1;Motociclo a solo;In marcia / fermata / arresto;Conducente;M;Rifiuta cure immediate;0;NON DECEDUTO;;
2659298;11;18/01/2016 12:15;Strada Urbana;VIALE GUGLIELMO MARCONI;all'intersezione semaforizzata con;PIAZZALE TOMMASO EDISON;PIAZZALE TOMMASO EDISON;;;Tamponamento;Intersezione semaforizzata;Due carreggiate;Asciutto;Asfaltata;Verticale ed orizzontale;Sereno;Normale;Buona;Ore Diurne;1;0;0;0;12.47091;41.85866;-1;1;Autovettura privata;In marcia / fermata / arresto;Conducente;F;Rimandato;0;NON DECEDUTO;Non accertato;Inesploso
2659299;3;17/01/2016 13:35;Strada Urbana;Tang Est dir San Giovanni;da specificare;;;;ALTEZZA SACRARIO MILITARE;Scontro laterale fra veicoli in marcia;Rettilineo;Una carreggiata a senso unico di marcia;Asciutto;Asfaltata;Verticale ed orizzontale;Sereno;Normale;Buona;Ore Diurne;0;0;0;3;12.53074;41.90804;-1;1;Autovettura privata;In marcia / fermata / arresto;Conducente;M;Illeso;0;;Non accertato;Inesploso
2659299;3;17/01/2016 13:35;Strada Urbana;Tang Est dir San Giovanni;da specificare;;;;ALTEZZA SACRARIO MILITARE;Scontro laterale fra veicoli in marcia;Rettilineo;Una carreggiata a senso unico di marcia;Asciutto;Asfaltata;Verticale ed orizzontale;Sereno;Normale;Buona;Ore Diurne;0;0;0;3;12.53074;41.90804;-1;1;Autovettura privata;In marcia / fermata / arresto;Passeggero;F;Illeso;0;;Non accertato;Inesploso
2659299;3;17/01/2016 13:35;Strada Urbana;Tang Est dir San Giovanni;da specificare;;;;ALTEZZA SACRARIO MILITARE;Scontro laterale fra veicoli in marcia;Rettilineo;Una carreggiata a senso unico di marcia;Asciutto;Asfaltata;Verticale ed orizzontale;Sereno;Normale;Buona;Ore Diurne;0;0;0;3;12.53074;41.90804;-1;2;Autovettura privata;In marcia / fermata / arresto;Conducente;M;Illeso;0;;Non accertato;Inesploso
2659301;11;18/01/2016 08:50;Strada Urbana;VIA CRISTOFORO COLOMBO;da specificare;;;;laterale altezza via Capitan Bavastro dir Eur;Tamponamento Multiplo;Rettilineo;Una carreggiata a senso unico di marcia;Asciutto;Asfaltata;Verticale ed orizzontale;Sereno;Normale;Buona;Ore Diurne;0;0;0;3;12.49602;41.86942;-1;1;Autovettura privata;In marcia / fermata / arresto;Conducente;M;Illeso;0;;Non accertato;Inesploso
2659301;11;18/01/2016 08:50;Strada Urbana;VIA CRISTOFORO COLOMBO;da specificare;;;;laterale altezza via Capitan Bavastro dir Eur;Tamponamento Multiplo;Rettilineo;Una carreggiata a senso unico di marcia;Asciutto;Asfaltata;Verticale ed orizzontale;Sereno;Normale;Buona;Ore Diurne;0;0;0;3;12.49602;41.86942;-1;2;Motociclo a solo;In marcia / fermata / arresto;Conducente;M;Illeso;0;;Non accertato;
2659301;11;18/01/2016 08:50;Strada Urbana;VIA CRISTOFORO COLOMBO;da specificare;;;;laterale altezza via Capitan Bavastro dir Eur;Tamponamento Multiplo;Rettilineo;Una carreggiata a senso unico di marcia;Asciutto;Asfaltata;Verticale ed orizzontale;Sereno;Normale;Buona;Ore Diurne;0;0;0;3;12.49602;41.86942;-1;3;Autovettura privata;In marcia / fermata / arresto;Conducente;M;Illeso;0;;Non accertato;Inesploso
2659307;19;18/01/2016 08:25;Strada Urbana;VIA FRANCO MICHELINI TOCCI;in prossimità;;del civico n.;3;;Veicolo in marcia contro ostacolo accidentale;Curva a visuale libera;Una carreggiata a doppio senso;Ghiacciato;Asfaltata;Orizzontale;Sereno;Scarso;Buona;Ore Diurne;0;0;0;1;12.44625;41.92245;-1;1;Motociclo a solo;In marcia / fermata / arresto;Conducente;M;Illeso;0;;;
2659310;3;17/01/2016 13:50;Strada Urbana;VIA RODOLFO LANCIANI;da specificare;;;;FRONTE CIVICO 7;Ribaltamento senza urto contro ostacolo fisso;Rettilineo;Una carreggiata a senso unico di marcia;Asciutto;Asfaltata;Verticale ed orizzontale;Sereno;Scarso;Buona;Ore Diurne;0;0;0;2;12.52127;41.92113;-1;1;Motociclo a solo;In marcia / fermata / arresto;Conducente;M;Illeso;0;;Non accertato;
2659310;3;17/01/2016 13:50;Strada Urbana;VIA RODOLFO LANCIANI;da specificare;;;;FRONTE CIVICO 7;Ribaltamento senza urto contro ostacolo fisso;Rettilineo;Una carreggiata a senso unico di marcia;Asciutto;Asfaltata;Verticale ed orizzontale;Sereno;Scarso;Buona;Ore Diurne;0;0;0;2;12.52127;41.92113;-1;2;Autovettura privata;In marcia / fermata / arresto;Conducente;M;Illeso;0;;Non accertato;Inesploso
2659311;7;18/01/2016 18:10;Strada Urbana;VIALE PALMIRO TOGLIATTI;all'intersezione semaforizzata con;VIA DEI PLATANI;VIA DEI PLATANI;;;Infortunio per caduta del veicolo;Intersezione semaforizzata;Due carreggiate;Asciutto;Asfaltata;Verticale ed orizzontale;Sereno;Intenso;Buona;Sufficiente;1;0;0;1;12.57288;41.88079;-1;1;Autovettura privata;In marcia / fermata / arresto;Conducente;M;Illeso;0;;Non accertato;Inesploso
2659311;7;18/01/2016 18:10;Strada Urbana;VIALE PALMIRO TOGLIATTI;all'intersezione semaforizzata con;VIA DEI PLATANI;VIA DEI PLATANI;;;Infortunio per caduta del veicolo;Intersezione semaforizzata;Due carreggiate;Asciutto;Asfaltata;Verticale ed orizzontale;Sereno;Intenso;Buona;Sufficiente;1;0;0;1;12.57288;41.88079;-1;2;Motociclo a solo;In marcia / fermata / arresto;Conducente;M;Ricoverato;0;NON DECEDUTO;Non accertato;
2659322;3;18/01/2016 01:50;Strada Urbana;PIAZZALE LABICANO;da specificare;;;;PROSSIMITA' VIA CASILINA;Tamponamento Multiplo;Rettilineo;Una carreggiata a senso unico di marcia;Asciutto;Asfaltata;Verticale ed orizzontale;Sereno;Normale;Buona;Sufficiente;0;0;0;4;12.51559;41.89125;-1;1;Autovettura privata;In marcia / fermata / arresto;Conducente;M;Illeso;0;;Non accertato;Inesploso
2659322;3;18/01/2016 01:50;Strada Urbana;PIAZZALE LABICANO;da specificare;;;;PROSSIMITA' VIA CASILINA;Tamponamento Multiplo;Rettilineo;Una carreggiata a senso unico di marcia;Asciutto;Asfaltata;Verticale ed orizzontale;Sereno;Normale;Buona;Sufficiente;0;0;0;4;12.51559;41.89125;-1;1;Autovettura privata;In marcia / fermata / arresto;Passeggero;F;Illeso;0;;Non accertato;Inesploso
2659322;3;18/01/2016 01:50;Strada Urbana;PIAZZALE LABICANO;da specificare;;;;PROSSIMITA' VIA CASILINA;Tamponamento Multiplo;Rettilineo;Una carreggiata a senso unico di marcia;Asciutto;Asfaltata;Verticale ed orizzontale;Sereno;Normale;Buona;Sufficiente;0;0;0;4;12.51559;41.89125;-1;2;Autovettura privata;In marcia / fermata / arresto;Conducente;M;Illeso;0;;Non accertato;Inesploso
2659322;3;18/01/2016 01:50;Strada Urbana;PIAZZALE LABICANO;da specificare;;;;PROSSIMITA' VIA CASILINA;Tamponamento Multiplo;Rettilineo;Una carreggiata a senso unico di marcia;Asciutto;Asfaltata;Verticale ed orizzontale;Sereno;Normale;Buona;Sufficiente;0;0;0;4;12.51559;41.89125;-1;3;Autovettura privata;In marcia / fermata / arresto;Conducente;M;Illeso;0;;Non accertato;Inesploso
2659324;18;11/01/2016 17:10;Strada Urbana;PIAZZA DI VILLA CARPEGNA;in prossimità;;del civico n.;52;;Scontro laterale fra veicoli in marcia;Curva a visuale libera;Una carreggiata a senso unico di marcia;Asciutto;Asfaltata;Verticale ed orizzontale;Nuvoloso;Normale;Buona;Ore Diurne;0;0;0;6;12.42975;41.89538;-1;1;Autovettura privata;In marcia / fermata / arresto;Conducente;M;Illeso;0;;;
2659324;18;11/01/2016 17:10;Strada Urbana;PIAZZA DI VILLA CARPEGNA;in prossimità;;del civico n.;52;;Scontro laterale fra veicoli in marcia;Curva a visuale libera;Una carreggiata a senso unico di marcia;Asciutto;Asfaltata;Verticale ed orizzontale;Nuvoloso;Normale;Buona;Ore Diurne;0;0;0;6;12.42975;41.89538;-1;1;Autovettura privata;In marcia / fermata / arresto;Passeggero;F;Illeso;0;;;
2659324;18;11/01/2016 17:10;Strada Urbana;PIAZZA DI VILLA CARPEGNA;in prossimità;;del civico n.;52;;Scontro laterale fra veicoli in marcia;Curva a visuale libera;Una carreggiata a senso unico di marcia;Asciutto;Asfaltata;Verticale ed orizzontale;Nuvoloso;Normale;Buona;Ore Diurne;0;0;0;6;12.42975;41.89538;-1;1;Autovettura privata;In marcia / fermata / arresto;Passeggero;F;Illeso;0;;;
2659324;18;11/01/2016 17:10;Strada Urbana;PIAZZA DI VILLA CARPEGNA;in prossimità;;del civico n.;52;;Scontro laterale fra veicoli in marcia;Curva a visuale libera;Una carreggiata a senso unico di marcia;Asciutto;Asfaltata;Verticale ed orizzontale;Nuvoloso;Normale;Buona;Ore Diurne;0;0;0;6;12.42975;41.89538;-1;2;Autovettura pubblica;In marcia / fermata / arresto;Conducente;M;Illeso;0;;;
2659324;18;11/01/2016 17:10;Strada Urbana;PIAZZA DI VILLA CARPEGNA;in prossimità;;del civico n.;52;;Scontro laterale fra veicoli in marcia;Curva a visuale libera;Una carreggiata a senso unico di marcia;Asciutto;Asfaltata;Verticale ed orizzontale;Nuvoloso;Normale;Buona;Ore Diurne;0;0;0;6;12.42975;41.89538;-1;2;Autovettura pubblica;In marcia / fermata / arresto;Passeggero;M;Illeso;0;;;
2659324;18;11/01/2016 17:10;Strada Urbana;PIAZZA DI VILLA CARPEGNA;in prossimità;;del civico n.;52;;Scontro laterale fra veicoli in marcia;Curva a visuale libera;Una carreggiata a senso unico di marcia;Asciutto;Asfaltata;Verticale ed orizzontale;Nuvoloso;Normale;Buona;Ore Diurne;0;0;0;6;12.42975;41.89538;-1;2;Autovettura pubblica;In marcia / fermata / arresto;Passeggero;F;Illeso;0;;;
2659326;18;18/01/2016 18:20;Strada Urbana;VIA DI BOCCEA;in prossimità;;del civico n.;262;;Investimento di pedone;Rettilineo;Una carreggiata a doppio senso;Asciutto;Asfaltata;Verticale ed orizzontale;Sereno;Intenso;Sufficiente;Sufficiente;1;0;0;1;12.41905;41.90368;-1;;;;Pedone;M;Rimandato;0;NON DECEDUTO;;
2659326;18;18/01/2016 18:20;Strada Urbana;VIA DI BOCCEA;in prossimità;;del civico n.;262;;Investimento di pedone;Rettilineo;Una carreggiata a doppio senso;Asciutto;Asfaltata;Verticale ed orizzontale;Sereno;Intenso;Sufficiente;Sufficiente;1;0;0;1;12.41905;41.90368;-1;1;Autovettura privata;In marcia / fermata / arresto;Conducente;F;Illeso;0;;Non accertato;Inesploso
2659332;18;11/01/2016 08:30;Strada Urbana;PIAZZA IRNERIO;in prossimità;;del civico n.;67;;Veicolo in marcia contro ostacolo accidentale;Rettilineo;Una carreggiata a senso unico di marcia;Bagnato (umidità in atto);Asfaltata;Assente;Nuvoloso;Intenso;Buona;Ore Diurne;0;0;0;1;12.43008;41.89855;-1;1;Motociclo a solo;In marcia / fermata / arresto;Conducente;M;Illeso;0;;;
2659342;19;07/01/2016 09:45;Strada Urbana;VIA DEL QUARTACCIO;da specificare;;;;alt. depuratore;Veicolo in marcia contro ostacolo accidentale;Curva a visuale libera;Una carreggiata a doppio senso;Asciutto;Asfaltata;Orizzontale;Sereno;Normale;Buona;Ore Diurne;0;0;0;1;12.39426;41.91874;-1;1;Autovettura privata;In marcia / fermata / arresto;Conducente;M;Illeso;0;;Non accertato;Inesploso
2659357;9;18/01/2016 18:00;Strada Urbana;VIA MONTEFALCO;in corrispondenza;;del civico n.;15;;Veicolo in marcia contro veicolo in sosta;Rettilineo;Una carreggiata a senso unico di marcia;Asciutto;Asfaltata;Verticale;Sereno;Scarso;Buona;Sufficiente;0;0;0;1;12.52831;41.88054;-1;1;Autovettura privata;In marcia / fermata / arresto;Conducente;M;Illeso;0;;Non accertato;Inesploso
2659369;20;17/01/2016 22:15;Regionale;VIA CASSIA;da specificare;;;;alt.zza Cappelleta della Giustiniana - Palo Acea  ;Veicolo in marcia contro ostacolo fisso;Rettilineo;Una carreggiata a doppio senso;Asciutto;Asfaltata;Verticale ed orizzontale;Sereno;Normale;Sufficiente;Sufficiente;0;0;0;1;12.4021;41.98716;-1;1;Autovettura privata;In marcia / fermata / arresto;Conducente;M;Illeso;0;;Non accertato;
2659380;18;11/01/2016 14:30;Strada Urbana;VIA DELLA MAGLIANELLA;in prossimità;;del civico n.;28;;Veicolo in marcia contro ostacolo accidentale;Rettilineo;Una carreggiata a doppio senso;Asciutto;Con buche;Verticale ed orizzontale;Nuvoloso;Scarso;Buona;Ore Diurne;0;0;0;1;12.38261;41.88875;-1;1;Autovettura privata;In marcia / fermata / arresto;Conducente;F;Illeso;0;;Non accertato;Inesploso
2659570;11;18/01/2016 20:10;Strada Urbana;VIA DELLA MAGLIANA;in corrispondenza;;del civico n.;313;;Tamponamento Multiplo;Rettilineo;Una carreggiata a senso unico di marcia;Asciutto;Asfaltata;Verticale ed orizzontale;Sereno;Normale;Sufficiente;Sufficiente;2;0;0;2;12.45504;41.84211;-1;1;Autovettura privata;In marcia / fermata / arresto;Conducente;M;Illeso;0;;Non accertato;Inesploso
2659570;11;18/01/2016 20:10;Strada Urbana;VIA DELLA MAGLIANA;in corrispondenza;;del civico n.;313;;Tamponamento Multiplo;Rettilineo;Una carreggiata a senso unico di marcia;Asciutto;Asfaltata;Verticale ed orizzontale;Sereno;Normale;Sufficiente;Sufficiente;2;0;0;2;12.45504;41.84211;-1;2;Autovettura privata;In marcia / fermata / arresto;Conducente;F;Rimandato;0;NON DECEDUTO;Non accertato;Inesploso
2659570;11;18/01/2016 20:10;Strada Urbana;VIA DELLA MAGLIANA;in corrispondenza;;del civico n.;313;;Tamponamento Multiplo;Rettilineo;Una carreggiata a senso unico di marcia;Asciutto;Asfaltata;Verticale ed orizzontale;Sereno;Normale;Sufficiente;Sufficiente;2;0;0;2;12.45504;41.84211;-1;2;Autovettura privata;In marcia / fermata / arresto;Passeggero;F;Rimandato;0;NON DECEDUTO;Non accertato;Inesploso
2659570;11;18/01/2016 20:10;Strada Urbana;VIA DELLA MAGLIANA;in corrispondenza;;del civico n.;313;;Tamponamento Multiplo;Rettilineo;Una carreggiata a senso unico di marcia;Asciutto;Asfaltata;Verticale ed orizzontale;Sereno;Normale;Sufficiente;Sufficiente;2;0;0;2;12.45504;41.84211;-1;3;Autovettura privata;In marcia / fermata / arresto;Conducente;F;Illeso;0;;Non accertato;Inesploso
2659577;8;18/01/2016 15:30;Strada Urbana;VIA NATALE BALBIANI;all'intersezione con;VIA FERNANDO CONTI;VIA FERNANDO CONTI;;;Scontro frontale/laterale SX fra veicoli in marcia;Intersezione non regolata/non segnalata;Una carreggiata a senso unico di marcia;Asciutto;Asfaltata;Verticale ed orizzontale;Sereno;Normale;Buona;Ore Diurne;0;0;0;2;12.63337;41.8689;-1;1;Autovettura privata;In marcia / fermata / arresto;Conducente;M;Illeso;0;;Non accertato;Inesploso
2659577;8;18/01/2016 15:30;Strada Urbana;VIA NATALE BALBIANI;all'intersezione con;VIA FERNANDO CONTI;VIA FERNANDO CONTI;;;Scontro frontale/laterale SX fra veicoli in marcia;Intersezione non regolata/non segnalata;Una carreggiata a senso unico di marcia;Asciutto;Asfaltata;Verticale ed orizzontale;Sereno;Normale;Buona;Ore Diurne;0;0;0;2;12.63337;41.8689;-1;2;Autovettura privata;In marcia / fermata / arresto;Conducente;M;Illeso;0;;Non accertato;Inesploso
2659585;10;19/01/2016 06:45;Strada Urbana;VIA FLAVIO STILICONE;all'intersezione con;VIA CALPURNIO FIAMMA;VIA CALPURNIO FIAMMA;;;Scontro frontale/laterale SX fra veicoli in marcia;Incrocio;Una carreggiata a senso unico di marcia;Asciutto;Asfaltata;Verticale ed orizzontale;Sereno;Scarso;Buona;Ore Diurne;0;0;0;2;12.55993;41.85968;-1;1;Autocarro inferiore 35 q.;In marcia / fermata / arresto;Conducente;M;Illeso;0;;Non accertato;Inesploso
2659585;10;19/01/2016 06:45;Strada Urbana;VIA FLAVIO STILICONE;all'intersezione con;VIA CALPURNIO FIAMMA;VIA CALPURNIO FIAMMA;;;Scontro frontale/laterale SX fra veicoli in marcia;Incrocio;Una carreggiata a senso unico di marcia;Asciutto;Asfaltata;Verticale ed orizzontale;Sereno;Scarso;Buona;Ore Diurne;0;0;0;2;12.55993;41.85968;-1;2;Autovettura privata;In marcia / fermata / arresto;Conducente;M;Illeso;0;;Non accertato;Inesploso
2659587;8;18/01/2016 18:20;Strada Urbana;VIA COLLATINA;in prossimità;;del palo luce n.;588;;Scontro laterale fra veicoli in marcia;Rettilineo;Una carreggiata a doppio senso;Asciutto;Asfaltata;Verticale ed orizzontale;Sereno;Normale;Sufficiente;Sufficiente;0;0;0;2;12.61053;41.90604;-1;1;Motociclo a solo;In marcia / fermata / arresto;Conducente;M;Illeso;0;;Non accertato;
2659587;8;18/01/2016 18:20;Strada Urbana;VIA COLLATINA;in prossimità;;del palo luce n.;588;;Scontro laterale fra veicoli in marcia;Rettilineo;Una carreggiata a doppio senso;Asciutto;Asfaltata;Verticale ed orizzontale;Sereno;Normale;Sufficiente;Sufficiente;0;0;0;2;12.61053;41.90604;-1;2;Autovettura privata;In marcia / fermata / arresto;Conducente;M;Illeso;0;;Non accertato;Inesploso
2659593;7;18/01/2016 20:00;Strada Urbana;VIA AMEDEO CRIVELLUCCI;in prossimità;;del civico n.;8;;Investimento di pedone;Rettilineo;Una carreggiata a senso unico di marcia;Asciutto;Asfaltata;Verticale ed orizzontale;Sereno;Normale;Buona;Sufficiente;2;0;0;1;12.52635;41.86798;-1;;;;Pedone;M;Rimandato;0;NON DECEDUTO;;
2659593;7;18/01/2016 20:00;Strada Urbana;VIA AMEDEO CRIVELLUCCI;in prossimità;;del civico n.;8;;Investimento di pedone;Rettilineo;Una carreggiata a senso unico di marcia;Asciutto;Asfaltata;Verticale ed orizzontale;Sereno;Normale;Buona;Sufficiente;2;0;0;1;12.52635;41.86798;-1;;;;Pedone;F;Rimandato;0;NON DECEDUTO;;
2659593;7;18/01/2016 20:00;Strada Urbana;VIA AMEDEO CRIVELLUCCI;in prossimità;;del civico n.;8;;Investimento di pedone;Rettilineo;Una carreggiata a senso unico di marcia;Asciutto;Asfaltata;Verticale ed orizzontale;Sereno;Normale;Buona;Sufficiente;2;0;0;1;12.52635;41.86798;-1;1;Autovettura privata;In marcia / fermata / arresto;Conducente;F;Illeso;0;;Non accertato;Inesploso
2659597;1;18/01/2016 14:30;Strada Urbana;VIA DELLE QUATTRO FONTANE;all'intersezione semaforizzata con;VIA VENTI SETTEMBRE;VIA VENTI SETTEMBRE;;;Investimento di pedone;Intersezione semaforizzata;Una carreggiata a doppio senso;Asciutto;Asfaltata;Verticale ed orizzontale;Sereno;Normale;Buona;Ore Diurne;2;0;0;0;9.644;45.397;-1;;;;Pedone;F;Rimandato;0;NON DECEDUTO;;
2659597;1;18/01/2016 14:30;Strada Urbana;VIA DELLE QUATTRO FONTANE;all'intersezione semaforizzata con;VIA VENTI SETTEMBRE;VIA VENTI SETTEMBRE;;;Investimento di pedone;Intersezione semaforizzata;Una carreggiata a doppio senso;Asciutto;Asfaltata;Verticale ed orizzontale;Sereno;Normale;Buona;Ore Diurne;2;0;0;0;9.644;45.397;-1;1;Autovettura privata;In marcia / fermata / arresto;Conducente;F;Rimandato;0;NON DECEDUTO;Non accertato;
2659601;5;18/01/2016 07:50;Strada Urbana;VIA IGINO GIORDANI;in prossimità;;del civico n.;96;;Scontro frontale/laterale DX fra veicoli in marcia;Rettilineo;Una carreggiata a doppio senso;Asciutto;Asfaltata;Orizzontale;Sereno;Intenso;Buona;Ore Diurne;0;0;0;3;12.56376;41.90691;-1;1;Autovettura privata;In marcia / fermata / arresto;Conducente;F;Illeso;0;;Non accertato;Inesploso
2659601;5;18/01/2016 07:50;Strada Urbana;VIA IGINO GIORDANI;in prossimità;;del civico n.;96;;Scontro frontale/laterale DX fra veicoli in marcia;Rettilineo;Una carreggiata a doppio senso;Asciutto;Asfaltata;Orizzontale;Sereno;Intenso;Buona;Ore Diurne;0;0;0;3;12.56376;41.90691;-1;1;Autovettura privata;In marcia / fermata / arresto;Passeggero;F;Illeso;0;;Non accertato;Esploso
2659601;5;18/01/2016 07:50;Strada Urbana;VIA IGINO GIORDANI;in prossimità;;del civico n.;96;;Scontro frontale/laterale DX fra veicoli in marcia;Rettilineo;Una carreggiata a doppio senso;Asciutto;Asfaltata;Orizzontale;Sereno;Intenso;Buona;Ore Diurne;0;0;0;3;12.56376;41.90691;-1;2;Autovettura privata;In marcia / fermata / arresto;Conducente;F;Illeso;0;;Non accertato;Inesploso
2659613;5;18/01/2016 08:20;Strada Urbana;Tangenziale Est direzione S. Giovanni;da specificare;;;;TRATTO SOPRAELEVATO FERROVIA;Veicolo in marcia contro ostacolo accidentale;Rettilineo;Due carreggiate;Ghiacciato;Asfaltata;Verticale ed orizzontale;Nebbia;Intenso;Buona;Ore Diurne;2;0;0;0;12.53085;41.90157;-1;1;Motociclo a solo;In marcia / fermata / arresto;Conducente;M;Rimandato;0;NON DECEDUTO;Non accertato;
2659613;5;18/01/2016 08:20;Strada Urbana;Tangenziale Est direzione S. Giovanni;da specificare;;;;TRATTO SOPRAELEVATO FERROVIA;Veicolo in marcia contro ostacolo accidentale;Rettilineo;Due carreggiate;Ghiacciato;Asfaltata;Verticale ed orizzontale;Nebbia;Intenso;Buona;Ore Diurne;2;0;0;0;12.53085;41.90157;-1;2;Motociclo a solo;In marcia / fermata / arresto;Conducente;M;Rimandato;0;NON DECEDUTO;Non accertato;
2659617;13;18/01/2016 08:45;Strada Urbana;VIA DOBBIACO;all'intersezione con;VIA VALFLORIANA;VIA VALFLORIANA;;;Scontro frontale/laterale DX fra veicoli in marcia;Incrocio;Una carreggiata a doppio senso;Asciutto;Asfaltata;Assente;Sereno;Normale;Sufficiente;Ore Diurne;2;0;0;2;12.37953;41.73009;-1;1;Autocarro inferiore 35 q.;In marcia / fermata / arresto;Conducente;M;Illeso;0;;Non accertato;Inesploso