Protocollo;Gruppo;DataOraIncidente;Localizzazione1;STRADA1;Localizzazione2;STRADA2;Strada02;Chilometrica;DaSpecificare;NaturaIncidente;particolaritastrade;TipoStrada;FondoStradale;Pavimentazione;Segnaletica;CondizioneAtmosferica;Traffico;Visibilita;Illuminazione;NUM_FERITI;NUM_RISERVATA;NUM_MORTI;NUM_ILLESI;Longitudine;Latitudine;Confermato;Progressivo;TipoVeicolo;StatoVeicolo;TipoPersona;Sesso;Tipolesione;Deceduto;DecedutoDopo;CinturaCascoUtilizzato;Airbag
2662947;17;20/01/2016 15:45;Strada Urbana;VIA MONTE ZEBIO;all'intersezione con;VIA ACHILLE PAPA;VIA ACHILLE PAPA;;;Veicolo in marcia contro veicolo in sosta;Incrocio;Due carreggiate;Asciutto;Asfaltata;Verticale ed orizzontale;Sereno;Normale;Buona;Ore Diurne;0;0;0;2;12.46581;41.91936;-1;1;Autovettura privata;In marcia / fermata / arresto;Passeggero;F;Illeso;0;;Non accertato;Inesploso
2662954;4;19/01/2016 16:10;Provinciale entro l'abitato;VIA NOMENTANA;da specificare;;;;fronte civico 1125;Tamponamento;Rettilineo;Una carreggiata a doppio senso;Asciutto;Asfaltata;Orizzontale;Sereno;Intenso;Buona;Ore Diurne;0;0;0;4;12.57041;41.94916;-1;1;Autovettura privata;In marcia / fermata / arresto;Conducente;M;Illeso;0;;Non accertato;Inesploso
2662954;4;19/01/2016 16:10;Provinciale entro l'abitato;VIA NOMENTANA;da specificare;;;;fronte civico 1125;Tamponamento;Rettilineo;Una carreggiata a doppio senso;Asciutto;Asfaltata;Orizzontale;Sereno;Intenso;Buona;Ore Diurne;0;0;0;4;12.57041;41.94916;-1;1;Autovettura privata;In marcia / fermata / arresto;Passeggero;F;Illeso;0;;Non accertato;Inesploso
2662954;4;19/01/2016 16:10;Provinciale entro l'abitato;VIA NOMENTANA;da specificare;;;;fronte civico 1125;Tamponamento;Rettilineo;Una carreggiata a doppio senso;Asciutto;Asfaltata;Orizzontale;Sereno;Intenso;Buona;Ore Diurne;0;0;0;4;12.57041;41.94916;-1;1;Autovettura privata;In marcia / fermata / arresto;Passeggero;F;Illeso;0;;Non accertato;Inesploso
2662954;4;19/01/2016 16:10;Provinciale entro l'abitato;VIA NOMENTANA;da specificare;;;;fronte civico 1125;Tamponamento;Rettilineo;Una carreggiata a doppio senso;Asciutto;Asfaltata;Orizzontale;Sereno;Intenso;Buona;Ore Diurne;0;0;0;4;12.57041;41.94916;-1;2;Motociclo a solo;In marcia / fermata / arresto;Conducente;M;Illeso;0;;Non accertato;
2662968;13;21/01/2016 05:45;Strada Urbana;VIA OSTIENSE;in prossimità;;del civico n.;2193;;Fuoriuscita dalla sede stradale;Rettilineo;Una carreggiata a doppio senso;Bagnato (pioggia);Asfaltata;Orizzontale;Sereno;Scarso;Sufficiente;Inesistente;1;0;0;1;12.32199;41.76875;-1;1;Autovettura privata;In marcia / fermata / arresto;Conducente;M;Rimandato;0;NON DECEDUTO;Utilizzato;Esploso
2662968;13;21/01/2016 05:45;Strada Urbana;VIA OSTIENSE;in prossimità;;del civico n.;2193;;Fuoriuscita dalla sede stradale;Rettilineo;Una carreggiata a doppio senso;Bagnato (pioggia);Asfaltata;Orizzontale;Sereno;Scarso;Sufficiente;Inesistente;1;0;0;1;12.32199;41.76875;-1;1;Autovettura privata;In marcia / fermata / arresto;Passeggero;F;Illeso;0;;Utilizzato;Esploso
2662973;3;20/01/2016 12:20;Strada Urbana;VIALE IPPOCRATE;all'intersezione con;LARGO ETTORE MARCHIAFAVA;LARGO ETTORE MARCHIAFAVA;;;Scontro frontale/laterale DX fra veicoli in marcia;Intersezione stradale segnalata;Due carreggiate;Asciutto;Asfaltata;Verticale ed orizzontale;Nuvoloso;Normale;Buona;Ore Diurne;0;0;0;4;12.51748;41.907;-1;1;Autovettura privata;In marcia / fermata / arresto;Conducente;F;Illeso;0;;Non accertato;Inesploso
2662973;3;20/01/2016 12:20;Strada Urbana;VIALE IPPOCRATE;all'intersezione con;LARGO ETTORE MARCHIAFAVA;LARGO ETTORE MARCHIAFAVA;;;Scontro frontale/laterale DX fra veicoli in marcia;Intersezione stradale segnalata;Due carreggiate;Asciutto;Asfaltata;Verticale ed orizzontale;Nuvoloso;Normale;Buona;Ore Diurne;0;0;0;4;12.51748;41.907;-1;1;Autovettura privata;In marcia / fermata / arresto;Passeggero;F;Illeso;0;;Non accertato;Inesploso
2662973;3;20/01/2016 12:20;Strada Urbana;VIALE IPPOCRATE;all'intersezione con;LARGO ETTORE MARCHIAFAVA;LARGO ETTORE MARCHIAFAVA;;;Scontro frontale/laterale DX fra veicoli in marcia;Intersezione stradale segnalata;Due carreggiate;Asciutto;Asfaltata;Verticale ed orizzontale;Nuvoloso;Normale;Buona;Ore Diurne;0;0;0;4;12.51748;41.907;-1;1;Autovettura privata;In marcia / fermata / arresto;Passeggero;M;Illeso;0;;Non accertato;Inesploso
2662973;3;20/01/2016 12:20;Strada Urbana;VIALE IPPOCRATE;all'intersezione con;LARGO ETTORE MARCHIAFAVA;LARGO ETTORE MARCHIAFAVA;;;Scontro frontale/laterale DX fra veicoli in marcia;Intersezione stradale segnalata;Due carreggiate;Asciutto;Asfaltata;Verticale ed orizzontale;Nuvoloso;Normale;Buona;Ore Diurne;0;0;0;4;12.51748;41.907;-1;2;Motociclo a solo;In marcia / fermata / arresto;Conducente;M;Illeso;0;;Non accertato;
2662980;18;19/01/2016 15:00;Strada Urbana;VIA AURELIA;da specificare;;;;prossimità fronte civico 493;Tamponamento;Rettilineo;Una carreggiata a doppio senso;Asciutto;Asfaltata;Verticale ed orizzontale;Sereno;Normale;Buona;Ore Diurne;0;0;0;3;12.4138;41.89218;-1;1;Autovettura privata;In marcia / fermata / arresto;Conducente;F;Illeso;0;;;
2662980;18;19/01/2016 15:00;Strada Urbana;VIA AURELIA;da specificare;;;;prossimità fronte civico 493;Tamponamento;Rettilineo;Una carreggiata a doppio senso;Asciutto;Asfaltata;Verticale ed orizzontale;Sereno;Normale;Buona;Ore Diurne;0;0;0;3;12.4138;41.89218;-1;2;Autovettura privata;In marcia / fermata / arresto;Conducente;F;Illeso;0;;;
2662980;18;19/01/2016 15:00;Strada Urbana;VIA AURELIA;da specificare;;;;prossimità fronte civico 493;Tamponamento;Rettilineo;Una carreggiata a doppio senso;Asciutto;Asfaltata;Verticale ed orizzontale;Sereno;Normale;Buona;Ore Diurne;0;0;0;3;12.4138;41.89218;-1;2;Autovettura privata;In marcia / fermata / arresto;Passeggero;F;Illeso;0;;Non accertato;Inesploso
2662982;3;20/01/2016 18:40;Strada Urbana;VIA RODOLFO LANCIANI;in prossimità;;del civico n.;78;;Scontro laterale fra veicoli in marcia;Rettilineo;Una carreggiata a senso unico di marcia;Asciutto;Asfaltata;Assente;Nuvoloso;Normale;Buona;Sufficiente;0;0;0;2;12.52495;41.92103;-1;1;Autovettura privata;In marcia / fermata / arresto;Conducente;M;Illeso;0;;Non accertato;Inesploso
2662982;3;20/01/2016 18:40;Strada Urbana;VIA RODOLFO LANCIANI;in prossimità;;del civico n.;78;;Scontro laterale fra veicoli in marcia;Rettilineo;Una carreggiata a senso unico di marcia;Asciutto;Asfaltata;Assente;Nuvoloso;Normale;Buona;Sufficiente;0;0;0;2;12.52495;41.92103;-1;2;Motociclo a solo;In marcia / fermata / arresto;Conducente;M;Illeso;0;;Non accertato;
2662986;1;19/01/2016 20:30;Strada Urbana;VIA LEONIDA BISSOLATI;in prossimità;;del civico n.;2;;Scontro laterale fra veicoli in marcia;Rettilineo;Una carreggiata a doppio senso;Asciutto;Asfaltata;Verticale ed orizzontale;Sereno;Normale;Sufficiente;Sufficiente;1;0;0;1;12.49062;41.90603;-1;1;Motociclo a solo;In marcia / fermata / arresto;Conducente;F;Rimandato;0;NON DECEDUTO;Non accertato;
2662986;1;19/01/2016 20:30;Strada Urbana;VIA LEONIDA BISSOLATI;in prossimità;;del civico n.;2;;Scontro laterale fra veicoli in marcia;Rettilineo;Una carreggiata a doppio senso;Asciutto;Asfaltata;Verticale ed orizzontale;Sereno;Normale;Sufficiente;Sufficiente;1;0;0;1;12.49062;41.90603;-1;2;Autovettura privata;In marcia / fermata / arresto;Conducente;F;Illeso;0;;Non accertato;
2662988;17;20/01/2016 20:30;Strada Urbana;VIALE VATICANO;in corrispondenza;;del civico n.;68;;Veicolo in marcia contro ostacolo accidentale;Rettilineo;Una carreggiata a senso unico alternato;Bagnato (pioggia);Asfaltata;Verticale ed orizzontale;Pioggia in atto;Normale;Sufficiente;Sufficiente;1;0;0;0;12.44909;41.90537;-1;1;Motociclo a solo;In marcia / fermata / arresto;Conducente;M;Rimandato;0;NON DECEDUTO;;
2663006;18;15/01/2016 12:10;Strada Urbana;VIA DELLE FORNACI;in corrispondenza;;del civico n.;175;;Scontro frontale fra veicoli in marcia;Pendenza;Una carreggiata a doppio senso;Bagnato (umidità in atto);Asfaltata;Orizzontale;Nuvoloso;Normale;Buona;Ore Diurne;1;0;0;1;12.45732;41.89542;-1;1;Autovettura privata;In marcia / fermata / arresto;Conducente;M;Illeso;0;;Non accertato;Inesploso
2663006;18;15/01/2016 12:10;Strada Urbana;VIA DELLE FORNACI;in corrispondenza;;del civico n.;175;;Scontro frontale fra veicoli in marcia;Pendenza;Una carreggiata a doppio senso;Bagnato (umidità in atto);Asfaltata;Orizzontale;Nuvoloso;Normale;Buona;Ore Diurne;1;0;0;1;12.45732;41.89542;-1;2;Motociclo a solo;In marcia / fermata / arresto;Conducente;M;Rimandato;0;NON DECEDUTO;;
2663016;12;20/01/2016 12:20;Strada Urbana;VIA PONTINA;all'intersezione con;VIALE DEGLI EROI DI RODI;VIALE DEGLI EROI DI RODI;;;Tamponamento;Incrocio;Una carreggiata a senso unico di marcia;Asciutto;Asfaltata;Verticale ed orizzontale;Sereno;Scarso;Buona;Ore Diurne;2;0;0;1;12.44396;41.77581;-1;1;Autovettura privata;In marcia / fermata / arresto;Conducente;M;Illeso;0;;Utilizzato;Inesploso
2663016;12;20/01/2016 12:20;Strada Urbana;VIA PONTINA;all'intersezione con;VIALE DEGLI EROI DI RODI;VIALE DEGLI EROI DI RODI;;;Tamponamento;Incrocio;Una carreggiata a senso unico di marcia;Asciutto;Asfaltata;Verticale ed orizzontale;Sereno;Scarso;Buona;Ore Diurne;2;0;0;1;12.44396;41.77581;-1;2;Autovettura privata;In marcia / fermata / arresto;Conducente;F;Rimandato;0;NON DECEDUTO;Utilizzato;Inesploso
2663016;12;20/01/2016 12:20;Strada Urbana;VIA PONTINA;all'intersezione con;VIALE DEGLI EROI DI RODI;VIALE DEGLI EROI DI RODI;;;Tamponamento;Incrocio;Una carreggiata a senso unico di marcia;Asciutto;Asfaltata;Verticale ed orizzontale;Sereno;Scarso;Buona;Ore Diurne;2;0;0;1;12.44396;41.77581;-1;2;Autovettura privata;In marcia / fermata / arresto;Passeggero;F;Rimandato;0;NON DECEDUTO;Utilizzato;Esploso
2663021;1;19/01/2016 20:10;Strada Urbana;VIA DOMENICO FONTANA;in prossimità;;del civico n.;44;;Tamponamento;Rettilineo;Una carreggiata a senso unico di marcia;Asciutto;Asfaltata;Verticale ed orizzontale;Sereno;Intenso;Sufficiente;Sufficiente;0;0;0;2;12.50754;41.88803;-1;1;Autocarro inferiore 35 q.;In marcia / fermata / arresto;Conducente;M;Illeso;0;;Non accertato;Esploso
2663021;1;19/01/2016 20:10;Strada Urbana;VIA DOMENICO FONTANA;in prossimità;;del civico n.;44;;Tamponamento;Rettilineo;Una carreggiata a senso unico di marcia;Asciutto;Asfaltata;Verticale ed orizzontale;Sereno;Intenso;Sufficiente;Sufficiente;0;0;0;2;12.50754;41.88803;-1;2;Autovettura privata;In marcia / fermata / arresto;Conducente;M;Illeso;0;;Non accertato;Inesploso
2663023;10;21/01/2016 10:00;Strada Urbana;VIA TUSCOLANA;all'intersezione semaforizzata con;VIA DEI FULVI;VIA DEI FULVI;;;Scontro laterale fra veicoli in marcia;Intersezione semaforizzata;Due carreggiate;Bagnato (umidità in atto);Asfaltata;Verticale ed orizzontale;Sereno;Normale;Buona;Ore Diurne;0;0;0;3;12.54802;41.86379;-1;1;Motociclo a solo;In marcia / fermata / arresto;Conducente;M;Illeso;0;;Non accertato;
2663023;10;21/01/2016 10:00;Strada Urbana;VIA TUSCOLANA;all'intersezione semaforizzata con;VIA DEI FULVI;VIA DEI FULVI;;;Scontro laterale fra veicoli in marcia;Intersezione semaforizzata;Due carreggiate;Bagnato (umidità in atto);Asfaltata;Verticale ed orizzontale;Sereno;Normale;Buona;Ore Diurne;0;0;0;3;12.54802;41.86379;-1;2;Autovettura privata;In marcia / fermata / arresto;Conducente;M;Illeso;0;;Non accertato;Inesploso
2663023;10;21/01/2016 10:00;Strada Urbana;VIA TUSCOLANA;all'intersezione semaforizzata con;VIA DEI FULVI;VIA DEI FULVI;;;Scontro laterale fra veicoli in marcia;Intersezione semaforizzata;Due carreggiate;Bagnato (umidità in atto);Asfaltata;Verticale ed orizzontale;Sereno;Normale;Buona;Ore Diurne;0;0;0;3;12.54802;41.86379;-1;2;Autovettura privata;In marcia / fermata / arresto;Passeggero;F;Illeso;0;;Non accertato;Inesploso
2663033;17;20/01/2016 22:30;Strada Urbana;VIA COLA DI RIENZO;in corrispondenza;;del civico n.;295;;Infortunio per sola frenata improvvisa;Rettilineo;Una carreggiata a doppio senso;Bagnato (umidità in atto);In cubetti di porfido;Verticale ed orizzontale;Pioggia in atto;Scarso;Sufficiente;Sufficiente;0;0;0;1;12.45976;41.90664;-1;1;Motociclo a solo;In marcia / fermata / arresto;Conducente;M;Illeso;0;;;
2663040;4;19/01/2016 18:15;Strada Urbana;VIA PIAN DI SCO;da specificare;;;;via S.M. della Speranza;Veicolo in marcia contro ostacolo fisso;Rettilineo;Una carreggiata a doppio senso;Asciutto;Asfaltata;Orizzontale;Sereno;Normale;Sufficiente;Sufficiente;0;0;0;1;12.51853;41.96104;-1;1;Autovettura privata;In marcia / fermata / arresto;Conducente;M;Illeso;0;;Non accertato;Inesploso
2663044;16;19/01/2016 11:20;Strada Urbana;VIALE DI TRASTEVERE;all'intersezione con;PIAZZA IPPOLITO NIEVO;PIAZZA IPPOLITO NIEVO;;;Infortunio per sola frenata improvvisa;Intersezione stradale segnalata;Più di due carreggiate;Asciutto;Asfaltata;Verticale ed orizzontale;Sereno;Normale;Buona;Ore Diurne;1;0;0;1;12.46737;41.88126;-1;1;Autovettura privata;In marcia / fermata / arresto;Conducente;M;Illeso;0;;Non accertato;
2663044;16;19/01/2016 11:20;Strada Urbana;VIALE DI TRASTEVERE;all'intersezione con;PIAZZA IPPOLITO NIEVO;PIAZZA IPPOLITO NIEVO;;;Infortunio per sola frenata improvvisa;Intersezione stradale segnalata;Più di due carreggiate;Asciutto;Asfaltata;Verticale ed orizzontale;Sereno;Normale;Buona;Ore Diurne;1;0;0;1;12.46737;41.88126;-1;2;Motociclo a solo;In marcia / fermata / arresto;Conducente;M;Rimandato;0;NON DECEDUTO;Non accertato;
2663046;4;19/01/2016 07:45;Statale;VIA SALARIA;in prossimità;;della chilometrica;15.65;;Scontro frontale/laterale DX fra veicoli in marcia;Rettilineo;Due carreggiate;Asciutto;Asfaltata;Verticale ed orizzontale;Sereno;Normale;Buona;Ore Diurne;0;0;0;2;12.53243;42.01665;-1;1;Autovettura privata;In marcia / fermata / arresto;Conducente;M;Illeso;0;;Non accertato;Inesploso
2663046;4;19/01/2016 07:45;Statale;VIA SALARIA;in prossimità;;della chilometrica;15.65;;Scontro frontale/laterale DX fra veicoli in marcia;Rettilineo;Due carreggiate;Asciutto;Asfaltata;Verticale ed orizzontale;Sereno;Normale;Buona;Ore Diurne;0;0;0;2;12.53243;42.01665;-1;2;Autovettura privata;In marcia / fermata / arresto;Conducente;M;Illeso;0;;Non accertato;Inesploso
2663047;16;20/01/2016 14:30;Strada Urbana;VIALE DEI COLLI PORTUENSI;da specificare;;;;FRONTE VIA CRIVELLI;Scontro laterale fra veicoli in marcia;Rettilineo;Due carreggiate;Asciutto;Asfaltata;Verticale ed orizzontale;Nuvoloso;Normale;Buona;Ore Diurne;0;0;0;5;12.44365;41.8682;-1;1;Autocarro inferiore 35 q.;In marcia / fermata / arresto;Conducente;M;Illeso;0;;Non accertato;Inesploso
2663047;16;20/01/2016 14:30;Strada Urbana;VIALE DEI COLLI PORTUENSI;da specificare;;;;FRONTE VIA CRIVELLI;Scontro laterale fra veicoli in marcia;Rettilineo;Due carreggiate;Asciutto;Asfaltata;Verticale ed orizzontale;Nuvoloso;Normale;Buona;Ore Diurne;0;0;0;5;12.44365;41.8682;-1;1;Autocarro inferiore 35 q.;In marcia / fermata / arresto;Passeggero;M;Illeso;0;;Non accertato;Inesploso
2663047;16;20/01/2016 14:30;Strada Urbana;VIALE DEI COLLI PORTUENSI;da specificare;;;;FRONTE VIA CRIVELLI;Scontro laterale fra veicoli in marcia;Rettilineo;Due carreggiate;Asciutto;Asfaltata;Verticale ed orizzontale;Nuvoloso;Normale;Buona;Ore Diurne;0;0;0;5;12.44365;41.8682;-1;1;Autocarro inferiore 35 q.;In marcia / fermata / arresto;Passeggero;M;Illeso;0;;Non accertato;Inesploso
2663047;16;20/01/2016 14:30;Strada Urbana;VIALE DEI COLLI PORTUENSI;da specificare;;;;FRONTE VIA CRIVELLI;Scontro laterale fra veicoli in marcia;Rettilineo;Due carreggiate;Asciutto;Asfaltata;Verticale ed orizzontale;Nuvoloso;Normale;Buona;Ore Diurne;0;0;0;5;12.44365;41.8682;-1;2;Autovettura privata;In marcia / fermata / arresto;Conducente;F;Illeso;0;;Non accertato;Inesploso
2663047;16;20/01/2016 14:30;Strada Urbana;VIALE DEI COLLI PORTUENSI;da specificare;;;;FRONTE VIA CRIVELLI;Scontro laterale fra veicoli in marcia;Rettilineo;Due carreggiate;Asciutto;Asfaltata;Verticale ed orizzontale;Nuvoloso;Normale;Buona;Ore Diurne;0;0;0;5;12.44365;41.8682;-1;2;Autovettura privata;In marcia / fermata / arresto;Passeggero;M;Illeso;0;;Non accertato;Inesploso
2663086;18;14/01/2016 16:30;Strada Urbana;CIRCONVALLAZIONE CORNELIA;in corrispondenza;;del civico n.;23;;Scontro laterale fra veicoli in marcia;Rettilineo;Due carreggiate;Bagnato (pioggia);Asfaltata;Verticale ed orizzontale;Pioggia in atto;Normale;Sufficiente;Sufficiente;0;0;0;2;12.42671;41.89985;-1;1;Autovettura privata;In marcia / fermata / arresto;Conducente;F;Illeso;0;;;
2663086;18;14/01/2016 16:30;Strada Urbana;CIRCONVALLAZIONE CORNELIA;in corrispondenza;;del civico n.;23;;Scontro laterale fra veicoli in marcia;Rettilineo;Due carreggiate;Bagnato (pioggia);Asfaltata;Verticale ed orizzontale;Pioggia in atto;Normale;Sufficiente;Sufficiente;0;0;0;2;12.42671;41.89985;-1;2;Autovettura privata;In marcia / fermata / arresto;Conducente;M;Illeso;0;;;
2663087;16;19/01/2016 11:30;Strada Urbana;VIALE DELLE MURA GIANICOLENSI;all'intersezione con;VIALE AURELIO SAFFI;VIALE AURELIO SAFFI;;;Scontro frontale/laterale SX fra veicoli in marcia;Intersezione non regolata/non segnalata;Una carreggiata a senso unico di marcia;Asciutto;Asfaltata;Assente;Sereno;Normale;Sufficiente;Ore Diurne;0;0;0;2;12.4659;41.8822;-1;1;Autovettura privata;In marcia / fermata / arresto;Conducente;M;Illeso;0;;Non accertato;Inesploso
2663087;16;19/01/2016 11:30;Strada Urbana;VIALE DELLE MURA GIANICOLENSI;all'intersezione con;VIALE AURELIO SAFFI;VIALE AURELIO SAFFI;;;Scontro frontale/laterale SX fra veicoli in marcia;Intersezione non regolata/non segnalata;Una carreggiata a senso unico di marcia;Asciutto;Asfaltata;Assente;Sereno;Normale;Sufficiente;Ore Diurne;0;0;0;2;12.4659;41.8822;-1;2;Autovettura privata;In marcia / fermata / arresto;Conducente;M;Illeso;0;;Non accertato;Inesploso
2663102;4;20/01/2016 19:20;Strada Urbana;VIA NOMENTANA;all'intersezione semaforizzata con;VIA VAL BREMBANA;VIA VAL BREMBANA;;;Scontro frontale/laterale DX fra veicoli in marcia;Incrocio;Più di due carreggiate;Asciutto;Asfaltata;Verticale ed orizzontale;Nuvoloso;Intenso;Sufficiente;Sufficiente;1;0;0;1;12.52714;41.9306;-1;1;Autocarro inferiore 35 q.;In marcia / fermata / arresto;Conducente;M;Illeso;0;;Non accertato;
2663102;4;20/01/2016 19:20;Strada Urbana;VIA NOMENTANA;all'intersezione semaforizzata con;VIA VAL BREMBANA;VIA VAL BREMBANA;;;Scontro frontale/laterale DX fra veicoli in marcia;Incrocio;Più di due carreggiate;Asciutto;Asfaltata;Verticale ed orizzontale;Nuvoloso;Intenso;Sufficiente;Sufficiente;1;0;0;1;12.52714;41.9306;-1;2;Motociclo a solo;In marcia / fermata / arresto;Conducente;M;Rimandato;0;NON DECEDUTO;;
2663114;16;20/01/2016 07:00;Strada Urbana;VIA DI BRAVA;in corrispondenza;;del civico n.;99;;Scontro frontale/laterale SX fra veicoli in marcia;Rettilineo;Una carreggiata a doppio senso;Asciutto;Asfaltata;Assente;Sereno;Normale;Buona;Ore Diurne;0;0;0;2;12.37953;41.87656;-1;1;Autocarro inferiore 35 q.;In marcia / fermata / arresto;Conducente;M;Illeso;0;;Non accertato;Inesploso
2663114;16;20/01/2016 07:00;Strada Urbana;VIA DI BRAVA;in corrispondenza;;del civico n.;99;;Scontro frontale/laterale SX fra veicoli in marcia;Rettilineo;Una carreggiata a doppio senso;Asciutto;Asfaltata;Assente;Sereno;Normale;Buona;Ore Diurne;0;0;0;2;12.37953;41.87656;-1;2;Autovettura privata;In marcia / fermata / arresto;Conducente;F;Illeso;0;;Non accertato;Inesploso
2663123;1;20/01/2016 16:10;Strada Urbana;VIA PRINCIPE EUGENIO;in prossimità;;del civico n.;106;;Infortunio per sola frenata improvvisa;Rettilineo;Una carreggiata a doppio senso;Bagnato (umidità in atto);Asfaltata;Verticale ed orizzontale;Nuvoloso;Normale;Buona;Ore Diurne;1;0;0;0;12.5094;41.89344;-1;1;Motociclo a solo;In marcia / fermata / arresto;Conducente;F;Rimandato;0;NON DECEDUTO;Non accertato;
2663159;1;20/01/2016 17:40;Strada Urbana;LARGO DI S. SUSANNA;in corrispondenza;;del civico n.;94;;Scontro laterale fra veicoli in marcia;Rettilineo;Una carreggiata a senso unico di marcia;Asciutto;Asfaltata;Verticale ed orizzontale;Nuvoloso;Normale;Buona;Sufficiente;0;0;0;2;12.49358;41.90473;-1;1;Autovettura pubblica;In marcia / fermata / arresto;Conducente;M;Illeso;0;;Non accertato;
2663159;1;20/01/2016 17:40;Strada Urbana;LARGO DI S. SUSANNA;in corrispondenza;;del civico n.;94;;Scontro laterale fra veicoli in marcia;Rettilineo;Una carreggiata a senso unico di marcia;Asciutto;Asfaltata;Verticale ed orizzontale;Nuvoloso;Normale;Buona;Sufficiente;0;0;0;2;12.49358;41.90473;-1;2;Autovettura privata;In marcia / fermata / arresto;Conducente;M;Illeso;0;;Non accertato;
2663185;1;20/01/2016 14:10;Strada Urbana;LUNGOTEVERE DEI PIERLEONI;in prossimità;;del palo luce n.;5;;Tamponamento;Rettilineo;Una carreggiata a senso unico di marcia;Asciutto;Asfaltata;Verticale ed orizzontale;Sereno;Normale;Buona;Ore Diurne;1;0;0;2;12.47955;41.89059;-1;1;Autovettura privata;In marcia / fermata / arresto;Conducente;M;Illeso;0;;Non accertato;Inesploso
2663185;1;20/01/2016 14:10;Strada Urbana;LUNGOTEVERE DEI PIERLEONI;in prossimità;;del palo luce n.;5;;Tamponamento;Rettilineo;Una carreggiata a senso unico di marcia;Asciutto;Asfaltata;Verticale ed orizzontale;Sereno;Normale;Buona;Ore Diurne;1;0;0;2;12.47955;41.89059;-1;1;Autovettura privata;In marcia / fermata / arresto;Passeggero;F;Illeso;0;;Non accertato;Inesploso
2663185;1;20/01/2016 14:10;Strada Urbana;LUNGOTEVERE DEI PIERLEONI;in prossimità;;del palo luce n.;5;;Tamponamento;Rettilineo;Una carreggiata a senso unico di marcia;Asciutto;Asfaltata;Verticale ed orizzontale;Sereno;Normale;Buona;Ore Diurne;1;0;0;2;12.47955;41.89059;-1;2;Motociclo a solo;In marcia / fermata / arresto;Conducente;M;Rimandato;0;NON DECEDUTO;Non accertato;
2663213;18;15/01/2016 08:45;Strada Urbana;VIA GREGORIO XI;in prossimità;;del civico n.;102;;Veicolo in marcia contro ostacolo accidentale;Curva a visuale libera;Una carreggiata a doppio senso;Viscido da liquidi oleosi;Asfaltata;Verticale ed orizzontale;Nuvoloso;Intenso;Buona;Ore Diurne;0;0;0;2;12.42034;41.90083;-1;1;Motociclo a solo;In marcia / fermata / arresto;Conducente;M;Illeso;0;;;
2663213;18;15/01/2016 08:45;Strada Urbana;VIA GREGORIO XI;in prossimità;;del civico n.;102;;Veicolo in marcia contro ostacolo accidentale;Curva a visuale libera;Una carreggiata a doppio senso;Viscido da liquidi oleosi;Asfaltata;Verticale ed orizzontale;Nuvoloso;Intenso;Buona;Ore Diurne;0;0;0;2;12.42034;41.90083;-1;2;Autovettura privata;In marcia / fermata / arresto;Conducente;M;Illeso;0;;;
2663215;16;20/01/2016 18:30;Strada Urbana;VIA DEGLI ALDOBRANDESCHI;all'intersezione con;VIA DEI BEVILACQUA;VIA DEI BEVILACQUA;;;Veicolo in marcia contro ostacolo fisso;Incrocio;Una carreggiata a doppio senso;Asciutto;Asfaltata;Orizzontale;Sereno;Normale;Sufficiente;Insufficiente;0;0;0;2;12.39919;41.87942;-1;1;Autovettura privata;In marcia / fermata / arresto;Conducente;M;Illeso;0;;Non accertato;Inesploso
2663215;16;20/01/2016 18:30;Strada Urbana;VIA DEGLI ALDOBRANDESCHI;all'intersezione con;VIA DEI BEVILACQUA;VIA DEI BEVILACQUA;;;Veicolo in marcia contro ostacolo fisso;Incrocio;Una carreggiata a doppio senso;Asciutto;Asfaltata;Orizzontale;Sereno;Normale;Sufficiente;Insufficiente;0;0;0;2;12.39919;41.87942;-1;1;Autovettura privata;In marcia / fermata / arresto;Passeggero;F;Illeso;0;;Non accertato;Inesploso
2663222;6;21/01/2016 10:50;Strada Urbana;VIA TOR DE' SCHIAVI;all'intersezione con;VIA PRENESTINA;VIA PRENESTINA;;;Tamponamento;Intersezione semaforizzata;Due carreggiate;Asciutto;Asfaltata;Verticale ed orizzontale;Sereno;Normale;Buona;Ore Diurne;1;0;0;1;12.5589;41.89468;-1;1;Autovettura privata;In marcia / fermata / arresto;Conducente;F;Rimandato;0;NON DECEDUTO;Non accertato;Inesploso
2663222;6;21/01/2016 10:50;Strada Urbana;VIA TOR DE' SCHIAVI;all'intersezione con;VIA PRENESTINA;VIA PRENESTINA;;;Tamponamento;Intersezione semaforizzata;Due carreggiate;Asciutto;Asfaltata;Verticale ed orizzontale;Sereno;Normale;Buona;Ore Diurne;1;0;0;1;12.5589;41.89468;-1;2;Autovettura privata;In marcia / fermata / arresto;Conducente;M;Illeso;0;;;
2663223;18;21/01/2016 12:00;Strada Urbana;VIA DI BOCCEA;da specificare;;;;in prossimità via Pasquale II;Tamponamento;Rettilineo;Una carreggiata a senso unico di marcia;Asciutto;Asfaltata;Verticale ed orizzontale;Sereno;Normale;Buona;Ore Diurne;0;0;0;3;12.39188;41.91186;-1;1;Autobus di linea;In marcia / fermata / arresto;Conducente;M;Illeso;0;;Non accertato;Inesploso