Protocollo;Gruppo;DataOraIncidente;Localizzazione1;STRADA1;Localizzazione2;STRADA2;Strada02;Chilometrica;DaSpecificare;NaturaIncidente;particolaritastrade;TipoStrada;FondoStradale;Pavimentazione;Segnaletica;CondizioneAtmosferica;Traffico;Visibilita;Illuminazione;NUM_FERITI;NUM_RISERVATA;NUM_MORTI;NUM_ILLESI;Longitudine;Latitudine;Confermato;Progressivo;TipoVeicolo;StatoVeicolo;TipoPersona;Sesso;Tipolesione;Deceduto;DecedutoDopo;CinturaCascoUtilizzato;Airbag
2667335;8;24/01/2016 19:30;Strada Urbana;VIA CONTESSA ENTELLINA;in prossimità;;del palo luce n.;8;;Veicolo in marcia contro ostacolo accidentale;Rettilineo;Due carreggiate;Asciutto;Con buche;Assente;Sereno;Scarso;Buona;Sufficiente;0;0;0;1;12.67136;41.86824;-1;1;Autovettura privata;In marcia / fermata / arresto;Conducente;M;Illeso;0;;Non accertato;Inesploso
2667336;9;24/01/2016 23:30;Strada Urbana;VIALE FILARETE;all'intersezione con;VIA GALEAZZO ALESSI;VIA GALEAZZO ALESSI;;;Scontro frontale/laterale DX fra veicoli in marcia;Intersezione stradale segnalata;Due carreggiate;Asciutto;Asfaltata;Verticale ed orizzontale;Sereno;Scarso;Buona;Sufficiente;0;0;0;3;12.53851;41.87941;-1;1;Autovettura privata;In marcia / fermata / arresto;Conducente;M;Illeso;0;;;
2667336;9;24/01/2016 23:30;Strada Urbana;VIALE FILARETE;all'intersezione con;VIA GALEAZZO ALESSI;VIA GALEAZZO ALESSI;;;Scontro frontale/laterale DX fra veicoli in marcia;Intersezione stradale segnalata;Due carreggiate;Asciutto;Asfaltata;Verticale ed orizzontale;Sereno;Scarso;Buona;Sufficiente;0;0;0;3;12.53851;41.87941;-1;2;Autovettura privata;In marcia / fermata / arresto;Conducente;M;Illeso;0;;;
2667336;9;24/01/2016 23:30;Strada Urbana;VIALE FILARETE;all'intersezione con;VIA GALEAZZO ALESSI;VIA GALEAZZO ALESSI;;;Scontro frontale/laterale DX fra veicoli in marcia;Intersezione stradale segnalata;Due carreggiate;Asciutto;Asfaltata;Verticale ed orizzontale;Sereno;Scarso;Buona;Sufficiente;0;0;0;3;12.53851;41.87941;-1;2;Autovettura privata;In marcia / fermata / arresto;Passeggero;F;Illeso;0;;;
2667339;8;24/01/2016 13:10;Strada Urbana;VIA DI TORRENOVA;in prossimità;;del civico n.;155;;Scontro frontale/laterale SX fra veicoli in marcia;Rettilineo;Una carreggiata a doppio senso;Asciutto;Asfaltata;Verticale;Sereno;Normale;Buona;Ore Diurne;1;0;0;4;12.61937;41.87459;-1;1;Autovettura privata;In marcia / fermata / arresto;Conducente;M;Rimandato;0;NON DECEDUTO;Non accertato;Inesploso
2667339;8;24/01/2016 13:10;Strada Urbana;VIA DI TORRENOVA;in prossimità;;del civico n.;155;;Scontro frontale/laterale SX fra veicoli in marcia;Rettilineo;Una carreggiata a doppio senso;Asciutto;Asfaltata;Verticale;Sereno;Normale;Buona;Ore Diurne;1;0;0;4;12.61937;41.87459;-1;1;Autovettura privata;In marcia / fermata / arresto;Passeggero;F;Illeso;0;;Non accertato;Inesploso
2667339;8;24/01/2016 13:10;Strada Urbana;VIA DI TORRENOVA;in prossimità;;del civico n.;155;;Scontro frontale/laterale SX fra veicoli in marcia;Rettilineo;Una carreggiata a doppio senso;Asciutto;Asfaltata;Verticale;Sereno;Normale;Buona;Ore Diurne;1;0;0;4;12.61937;41.87459;-1;2;Autovettura privata;In marcia / fermata / arresto;Conducente;F;Illeso;0;;Non accertato;Inesploso
2667339;8;24/01/2016 13:10;Strada Urbana;VIA DI TORRENOVA;in prossimità;;del civico n.;155;;Scontro frontale/laterale SX fra veicoli in marcia;Rettilineo;Una carreggiata a doppio senso;Asciutto;Asfaltata;Verticale;Sereno;Normale;Buona;Ore Diurne;1;0;0;4;12.61937;41.87459;-1;2;Autovettura privata;In marcia / fermata / arresto;Passeggero;F;Illeso;0;;Non accertato;Inesploso
2667339;8;24/01/2016 13:10;Strada Urbana;VIA DI TORRENOVA;in prossimità;;del civico n.;155;;Scontro frontale/laterale SX fra veicoli in marcia;Rettilineo;Una carreggiata a doppio senso;Asciutto;Asfaltata;Verticale;Sereno;Normale;Buona;Ore Diurne;1;0;0;4;12.61937;41.87459;-1;2;Autovettura privata;In marcia / fermata / arresto;Passeggero;M;Illeso;0;;Non accertato;Inesploso
2667340;10;24/01/2016 13:10;Strada Urbana;VIA ANTONIO SARGENTI;all'intersezione con;VIA GIUSEPPE DEVERS;VIA GIUSEPPE DEVERS;;;Scontro frontale fra veicoli in marcia;Incrocio;Una carreggiata a doppio senso;Asciutto;Asfaltata;Assente;Sereno;Scarso;Buona;Ore Diurne;1;0;0;3;12.60381;41.84005;-1;1;Autovettura privata;In marcia / fermata / arresto;Conducente;M;Illeso;0;;Non accertato;Esploso
2667340;10;24/01/2016 13:10;Strada Urbana;VIA ANTONIO SARGENTI;all'intersezione con;VIA GIUSEPPE DEVERS;VIA GIUSEPPE DEVERS;;;Scontro frontale fra veicoli in marcia;Incrocio;Una carreggiata a doppio senso;Asciutto;Asfaltata;Assente;Sereno;Scarso;Buona;Ore Diurne;1;0;0;3;12.60381;41.84005;-1;1;Autovettura privata;In marcia / fermata / arresto;Passeggero;F;Illeso;0;;Non accertato;Esploso
2667340;10;24/01/2016 13:10;Strada Urbana;VIA ANTONIO SARGENTI;all'intersezione con;VIA GIUSEPPE DEVERS;VIA GIUSEPPE DEVERS;;;Scontro frontale fra veicoli in marcia;Incrocio;Una carreggiata a doppio senso;Asciutto;Asfaltata;Assente;Sereno;Scarso;Buona;Ore Diurne;1;0;0;3;12.60381;41.84005;-1;1;Autovettura privata;In marcia / fermata / arresto;Passeggero;M;Illeso;0;;Non accertato;Inesploso
2667340;10;24/01/2016 13:10;Strada Urbana;VIA ANTONIO SARGENTI;all'intersezione con;VIA GIUSEPPE DEVERS;VIA GIUSEPPE DEVERS;;;Scontro frontale fra veicoli in marcia;Incrocio;Una carreggiata a doppio senso;Asciutto;Asfaltata;Assente;Sereno;Scarso;Buona;Ore Diurne;1;0;0;3;12.60381;41.84005;-1;2;Autovettura privata;In marcia / fermata / arresto;Conducente;M;Rimandato;0;NON DECEDUTO;Non accertato;Esploso
2667345;10;24/01/2016 05:45;Strada Urbana;VIA TIBURTINA;all'intersezione semaforizzata con;VIA DI CASAL BRUCIATO;VIA DI CASAL BRUCIATO;;;Scontro frontale/laterale SX fra veicoli in marcia;Incrocio;Due carreggiate;Asciutto;Asfaltata;Verticale ed orizzontale;Sereno;Scarso;Buona;Sufficiente;3;0;1;2;12.54547;41.90876;-1;1;Autobus di linea;In marcia / fermata / arresto;Conducente;M;Rifiuta cure immediate;0;NON DECEDUTO;;
2667345;10;24/01/2016 05:45;Strada Urbana;VIA TIBURTINA;all'intersezione semaforizzata con;VIA DI CASAL BRUCIATO;VIA DI CASAL BRUCIATO;;;Scontro frontale/laterale SX fra veicoli in marcia;Incrocio;Due carreggiate;Asciutto;Asfaltata;Verticale ed orizzontale;Sereno;Scarso;Buona;Sufficiente;3;0;1;2;12.54547;41.90876;-1;1;Autobus di linea;In marcia / fermata / arresto;Passeggero;F;Illeso;0;;;
2667345;10;24/01/2016 05:45;Strada Urbana;VIA TIBURTINA;all'intersezione semaforizzata con;VIA DI CASAL BRUCIATO;VIA DI CASAL BRUCIATO;;;Scontro frontale/laterale SX fra veicoli in marcia;Incrocio;Due carreggiate;Asciutto;Asfaltata;Verticale ed orizzontale;Sereno;Scarso;Buona;Sufficiente;3;0;1;2;12.54547;41.90876;-1;1;Autobus di linea;In marcia / fermata / arresto;Passeggero;M;Illeso;0;;;
2667345;10;24/01/2016 05:45;Strada Urbana;VIA TIBURTINA;all'intersezione semaforizzata con;VIA DI CASAL BRUCIATO;VIA DI CASAL BRUCIATO;;;Scontro frontale/laterale SX fra veicoli in marcia;Incrocio;Due carreggiate;Asciutto;Asfaltata;Verticale ed orizzontale;Sereno;Scarso;Buona;Sufficiente;3;0;1;2;12.54547;41.90876;-1;1;Autobus di linea;In marcia / fermata / arresto;Passeggero;F;Rifiuta cure immediate;0;NON DECEDUTO;;
2667345;10;24/01/2016 05:45;Strada Urbana;VIA TIBURTINA;all'intersezione semaforizzata con;VIA DI CASAL BRUCIATO;VIA DI CASAL BRUCIATO;;;Scontro frontale/laterale SX fra veicoli in marcia;Incrocio;Due carreggiate;Asciutto;Asfaltata;Verticale ed orizzontale;Sereno;Scarso;Buona;Sufficiente;3;0;1;2;12.54547;41.90876;-1;2;Motociclo con passeggero;In marcia / fermata / arresto;Conducente;M;Prognosi riservata;0;DECEDUTO ENTRO 3 MESI;;
2667345;10;24/01/2016 05:45;Strada Urbana;VIA TIBURTINA;all'intersezione semaforizzata con;VIA DI CASAL BRUCIATO;VIA DI CASAL BRUCIATO;;;Scontro frontale/laterale SX fra veicoli in marcia;Incrocio;Due carreggiate;Asciutto;Asfaltata;Verticale ed orizzontale;Sereno;Scarso;Buona;Sufficiente;3;0;1;2;12.54547;41.90876;-1;2;Motociclo con passeggero;In marcia / fermata / arresto;Passeggero;M;Ricoverato;0;NON DECEDUTO;;
2667347;10;24/01/2016 18:30;Strada Urbana;VIA TUSCOLANA;da specificare;;;;svincolo inversione di marcia alt. GRA;Scontro frontale/laterale SX fra veicoli in marcia;Rettilineo;Una carreggiata a senso unico di marcia;Asciutto;Asfaltata;Assente;Sereno;Normale;Buona;Sufficiente;0;0;0;3;12.58746;41.84126;-1;1;Autovettura privata;In marcia / fermata / arresto;Conducente;M;Illeso;0;;Non accertato;Inesploso
2667347;10;24/01/2016 18:30;Strada Urbana;VIA TUSCOLANA;da specificare;;;;svincolo inversione di marcia alt. GRA;Scontro frontale/laterale SX fra veicoli in marcia;Rettilineo;Una carreggiata a senso unico di marcia;Asciutto;Asfaltata;Assente;Sereno;Normale;Buona;Sufficiente;0;0;0;3;12.58746;41.84126;-1;1;Autovettura privata;In marcia / fermata / arresto;Passeggero;M;Illeso;0;;Non accertato;Inesploso
2667347;10;24/01/2016 18:30;Strada Urbana;VIA TUSCOLANA;da specificare;;;;svincolo inversione di marcia alt. GRA;Scontro frontale/laterale SX fra veicoli in marcia;Rettilineo;Una carreggiata a senso unico di marcia;Asciutto;Asfaltata;Assente;Sereno;Normale;Buona;Sufficiente;0;0;0;3;12.58746;41.84126;-1;2;Autovettura privata;In marcia / fermata / arresto;Conducente;F;Illeso;0;;Non accertato;Inesploso
2667354;11;24/01/2016 04:00;Strada Urbana;VIA PORTUENSE;in corrispondenza;;del civico n.;226;;Scontro frontale fra veicoli in marcia;Sottopasso non illuminato;Una carreggiata a doppio senso;Asciutto;Asfaltata;Verticale ed orizzontale;Sereno;Scarso;Buona;Insufficiente;3;0;0;0;12.46079;41.86604;-1;1;Autovettura privata;In marcia / fermata / arresto;Conducente;M;Rimandato;0;NON DECEDUTO;;
2667354;11;24/01/2016 04:00;Strada Urbana;VIA PORTUENSE;in corrispondenza;;del civico n.;226;;Scontro frontale fra veicoli in marcia;Sottopasso non illuminato;Una carreggiata a doppio senso;Asciutto;Asfaltata;Verticale ed orizzontale;Sereno;Scarso;Buona;Insufficiente;3;0;0;0;12.46079;41.86604;-1;1;Autovettura privata;In marcia / fermata / arresto;Passeggero;F;Rimandato;0;NON DECEDUTO;;
2667354;11;24/01/2016 04:00;Strada Urbana;VIA PORTUENSE;in corrispondenza;;del civico n.;226;;Scontro frontale fra veicoli in marcia;Sottopasso non illuminato;Una carreggiata a doppio senso;Asciutto;Asfaltata;Verticale ed orizzontale;Sereno;Scarso;Buona;Insufficiente;3;0;0;0;12.46079;41.86604;-1;2;Autovettura privata;In marcia / fermata / arresto;Conducente;M;Rimandato;0;NON DECEDUTO;Non accertato;
2667358;8;24/01/2016 12:45;Provinciale entro l'abitato;VIA PRENESTINA;da specificare;;;;IN PROSSIMTA' VIA OLLOLAI;Veicolo in marcia contro ostacolo accidentale;Rettilineo;Una carreggiata a doppio senso;Asciutto;Asfaltata;Verticale ed orizzontale;Sereno;Normale;Buona;Ore Diurne;0;0;0;2;12.61059;41.89346;-1;1;Autovettura privata;In marcia / fermata / arresto;Conducente;M;Illeso;0;;Non accertato;Inesploso
2667358;8;24/01/2016 12:45;Provinciale entro l'abitato;VIA PRENESTINA;da specificare;;;;IN PROSSIMTA' VIA OLLOLAI;Veicolo in marcia contro ostacolo accidentale;Rettilineo;Una carreggiata a doppio senso;Asciutto;Asfaltata;Verticale ed orizzontale;Sereno;Normale;Buona;Ore Diurne;0;0;0;2;12.61059;41.89346;-1;1;Autovettura privata;In marcia / fermata / arresto;Passeggero;F;Illeso;0;;Non accertato;Inesploso
2667360;8;24/01/2016 18:00;Strada Urbana;VIALE DI TORRE MAURA;in prossimità;;del civico n.;40;;Veicolo in marcia contro ostacolo accidentale;Rettilineo;Due carreggiate;Asciutto;Asfaltata;Verticale ed orizzontale;Sereno;Normale;Buona;Sufficiente;0;0;0;2;12.58769;41.86501;-1;1;Autovettura privata;In marcia / fermata / arresto;Conducente;M;Illeso;0;;Non accertato;Inesploso
2667360;8;24/01/2016 18:00;Strada Urbana;VIALE DI TORRE MAURA;in prossimità;;del civico n.;40;;Veicolo in marcia contro ostacolo accidentale;Rettilineo;Due carreggiate;Asciutto;Asfaltata;Verticale ed orizzontale;Sereno;Normale;Buona;Sufficiente;0;0;0;2;12.58769;41.86501;-1;1;Autovettura privata;In marcia / fermata / arresto;Passeggero;F;Illeso;0;;Non accertato;Inesploso
2667365;20;24/01/2016 13:10;Regionale;VIA FLAMINIA;da specificare;;;;pross. Grottarossa zona industriale dir. centro;Tamponamento;Rettilineo;Due carreggiate;Asciutto;Asfaltata;Verticale ed orizzontale;Sereno;Normale;Buona;Ore Diurne;0;0;0;2;12.49274;41.97366;-1;1;Autovettura privata;In marcia / fermata / arresto;Conducente;M;Illeso;0;;Utilizzato;Inesploso
2667365;20;24/01/2016 13:10;Regionale;VIA FLAMINIA;da specificare;;;;pross. Grottarossa zona industriale dir. centro;Tamponamento;Rettilineo;Due carreggiate;Asciutto;Asfaltata;Verticale ed orizzontale;Sereno;Normale;Buona;Ore Diurne;0;0;0;2;12.49274;41.97366;-1;2;Autovettura privata;In marcia / fermata / arresto;Conducente;M;Illeso;0;;Utilizzato;Inesploso
2667366;18;25/01/2016 07:30;Strada Urbana;LARGO S. PIO V;all'intersezione con;VIA DELLA MADONNA DEL RIPOSO;VIA DELLA MADONNA DEL RIPOSO;;;Scontro laterale fra veicoli in marcia;Intersezione stradale segnalata;Una carreggiata a senso unico di marcia;Asciutto;Asfaltata;Verticale ed orizzontale;Sereno;Normale;Buona;Ore Diurne;1;0;0;1;12.432;41.89643;-1;1;Motociclo a solo;In marcia / fermata / arresto;Conducente;M;Rimandato;0;NON DECEDUTO;Non accertato;
2667366;18;25/01/2016 07:30;Strada Urbana;LARGO S. PIO V;all'intersezione con;VIA DELLA MADONNA DEL RIPOSO;VIA DELLA MADONNA DEL RIPOSO;;;Scontro laterale fra veicoli in marcia;Intersezione stradale segnalata;Una carreggiata a senso unico di marcia;Asciutto;Asfaltata;Verticale ed orizzontale;Sereno;Normale;Buona;Ore Diurne;1;0;0;1;12.432;41.89643;-1;2;Autovettura privata;In marcia / fermata / arresto;Conducente;M;Illeso;0;;Non accertato;Inesploso
2667368;11;23/01/2016 06:45;Strada Urbana;VIA DELL'ACCADEMIA ALDINA;in prossimità;;del civico n.;18;;Veicolo in marcia contro veicoli in sosta;Rettilineo;Una carreggiata a doppio senso;Asciutto;Asfaltata;Assente;Sereno;Scarso;Buona;Sufficiente;0;0;0;1;12.48824;41.85077;-1;1;Autovettura privata;In marcia / fermata / arresto;Conducente;M;Illeso;0;;Non accertato;
2667370;12;21/01/2016 12:00;Strada Urbana;VIALE IGNAZIO SILONE;da specificare;;;;pros. via lipparini;Investimento di pedone;Rettilineo;Due carreggiate;Asciutto;Asfaltata;Verticale ed orizzontale;Sereno;Normale;Buona;Ore Diurne;1;0;0;1;12.4813;41.81453;-1;;;;Pedone;F;Ricoverato;0;NON DECEDUTO;;
2667370;12;21/01/2016 12:00;Strada Urbana;VIALE IGNAZIO SILONE;da specificare;;;;pros. via lipparini;Investimento di pedone;Rettilineo;Due carreggiate;Asciutto;Asfaltata;Verticale ed orizzontale;Sereno;Normale;Buona;Ore Diurne;1;0;0;1;12.4813;41.81453;-1;1;Autovettura privata;In marcia / fermata / arresto;Conducente;M;Illeso;0;;Utilizzato;Inesploso
2667378;2;25/01/2016 07:05;Strada Urbana;VIA SALARIA;in corrispondenza;;del civico n.;403;;Veicolo in marcia contro ostacolo accidentale;Rettilineo;Due carreggiate;Asciutto;Asfaltata;Verticale ed orizzontale;Sereno;Normale;Buona;Ore Diurne;0;0;0;1;12.50743;41.9286;-1;1;Motociclo a solo;In marcia / fermata / arresto;Conducente;M;Illeso;0;;Non accertato;
2667389;12;21/01/2016 15:25;Strada Urbana;PIAZZALE ELSA MORANTE;all'intersezione con;VIALE IGNAZIO SILONE;VIALE IGNAZIO SILONE;;;Tamponamento;Incrocio;Una carreggiata a doppio senso;Asciutto;Asfaltata;Verticale ed orizzontale;Sereno;Normale;Buona;Ore Diurne;1;0;0;1;12.4673;41.81338;-1;1;Autovettura privata;In marcia / fermata / arresto;Conducente;F;Illeso;0;;Non accertato;Inesistente
2667389;12;21/01/2016 15:25;Strada Urbana;PIAZZALE ELSA MORANTE;all'intersezione con;VIALE IGNAZIO SILONE;VIALE IGNAZIO SILONE;;;Tamponamento;Incrocio;Una carreggiata a doppio senso;Asciutto;Asfaltata;Verticale ed orizzontale;Sereno;Normale;Buona;Ore Diurne;1;0;0;1;12.4673;41.81338;-1;2;Motociclo a solo;In marcia / fermata / arresto;Conducente;M;Rimandato;0;NON DECEDUTO;Utilizzato;
2667390;1;25/01/2016 01:30;Strada Urbana;VIA FLAVIA;all'intersezione con;VIA QUINTINO SELLA;VIA QUINTINO SELLA;;;Scontro frontale/laterale DX fra veicoli in marcia;Incrocio;Una carreggiata a senso unico di marcia;Asciutto;Asfaltata;Verticale ed orizzontale;Sereno;Scarso;Buona;Sufficiente;0;0;0;3;12.49712;41.90708;-1;1;Autovettura pubblica;In marcia / fermata / arresto;Conducente;M;Illeso;0;;Non accertato;
2667390;1;25/01/2016 01:30;Strada Urbana;VIA FLAVIA;all'intersezione con;VIA QUINTINO SELLA;VIA QUINTINO SELLA;;;Scontro frontale/laterale DX fra veicoli in marcia;Incrocio;Una carreggiata a senso unico di marcia;Asciutto;Asfaltata;Verticale ed orizzontale;Sereno;Scarso;Buona;Sufficiente;0;0;0;3;12.49712;41.90708;-1;2;Autovettura privata;In marcia / fermata / arresto;Conducente;M;Illeso;0;;Non accertato;Esploso
2667390;1;25/01/2016 01:30;Strada Urbana;VIA FLAVIA;all'intersezione con;VIA QUINTINO SELLA;VIA QUINTINO SELLA;;;Scontro frontale/laterale DX fra veicoli in marcia;Incrocio;Una carreggiata a senso unico di marcia;Asciutto;Asfaltata;Verticale ed orizzontale;Sereno;Scarso;Buona;Sufficiente;0;0;0;3;12.49712;41.90708;-1;2;Autovettura privata;In marcia / fermata / arresto;Passeggero;M;Illeso;0;;Non accertato;
2667396;15;23/01/2016 18:25;Strada Urbana;VIA DELLA MAGLIANA;in corrispondenza;;del civico n.;254;;Investimento di pedone;Rettilineo;Una carreggiata a doppio senso;Bagnato (pioggia);Asfaltata;Verticale ed orizzontale;Nuvoloso;Normale;Buona;Sufficiente;1;0;0;1;12.45721;41.84716;-1;;;;Pedone;F;Rimandato;0;NON DECEDUTO;;
2667396;15;23/01/2016 18:25;Strada Urbana;VIA DELLA MAGLIANA;in corrispondenza;;del civico n.;254;;Investimento di pedone;Rettilineo;Una carreggiata a doppio senso;Bagnato (pioggia);Asfaltata;Verticale ed orizzontale;Nuvoloso;Normale;Buona;Sufficiente;1;0;0;1;12.45721;41.84716;-1;1;Autovettura privata;In marcia / fermata / arresto;Conducente;F;Illeso;0;;Utilizzato;
2667398;12;21/01/2016 13:20;Strada Urbana;VIA DELLA DIVISIONE TORINO;all'intersezione con;VIA MATTEO BARTOLI;VIA MATTEO BARTOLI;;;Scontro frontale/laterale DX fra veicoli in marcia;Intersezione stradale segnalata;Due carreggiate;Asciutto;Asfaltata;Verticale ed orizzontale;Sereno;Normale;Buona;Ore Diurne;0;0;0;2;12.48639;41.82147;-1;1;Autovettura privata;In marcia / fermata / arresto;Conducente;F;Illeso;0;;Utilizzato;Inesploso
2667398;12;21/01/2016 13:20;Strada Urbana;VIA DELLA DIVISIONE TORINO;all'intersezione con;VIA MATTEO BARTOLI;VIA MATTEO BARTOLI;;;Scontro frontale/laterale DX fra veicoli in marcia;Intersezione stradale segnalata;Due carreggiate;Asciutto;Asfaltata;Verticale ed orizzontale;Sereno;Normale;Buona;Ore Diurne;0;0;0;2;12.48639;41.82147;-1;2;Autovettura privata;In marcia / fermata / arresto;Conducente;F;Illeso;0;;Utilizzato;Inesploso
2667399;7;23/01/2016 17:50;Strada Urbana;VIA DEI PLATANI;in corrispondenza;;del civico n.;167;;Scontro laterale fra veicoli in marcia;Rettilineo;Una carreggiata a doppio senso;Bagnato (pioggia);Asfaltata;Assente;Nuvoloso;Normale;Buona;Ore Diurne;0;0;0;3;12.5689;41.88117;-1;1;Autovettura privata;In marcia / fermata / arresto;Conducente;F;Illeso;0;;Non accertato;Inesploso
2667399;7;23/01/2016 17:50;Strada Urbana;VIA DEI PLATANI;in corrispondenza;;del civico n.;167;;Scontro laterale fra veicoli in marcia;Rettilineo;Una carreggiata a doppio senso;Bagnato (pioggia);Asfaltata;Assente;Nuvoloso;Normale;Buona;Ore Diurne;0;0;0;3;12.5689;41.88117;-1;2;Autovettura privata;In marcia / fermata / arresto;Conducente;F;Illeso;0;;Non accertato;Inesploso
2667399;7;23/01/2016 17:50;Strada Urbana;VIA DEI PLATANI;in corrispondenza;;del civico n.;167;;Scontro laterale fra veicoli in marcia;Rettilineo;Una carreggiata a doppio senso;Bagnato (pioggia);Asfaltata;Assente;Nuvoloso;Normale;Buona;Ore Diurne;0;0;0;3;12.5689;41.88117;-1;2;Autovettura privata;In marcia / fermata / arresto;Passeggero;M;Illeso;0;;Non accertato;Inesploso
2667400;19;22/01/2016 23:00;Strada Urbana;VIA DI CASAL DEL MARMO;in prossimità;;del civico n.;63;;Investimento di pedone;Curva a visuale libera;Una carreggiata a doppio senso;Asciutto;Asfaltata;Orizzontale;Nuvoloso;Scarso;Buona;Sufficiente;2;0;0;1;12.41011;41.96006;-1;;;;Pedone;M;Rimandato;0;NON DECEDUTO;;
2667400;19;22/01/2016 23:00;Strada Urbana;VIA DI CASAL DEL MARMO;in prossimità;;del civico n.;63;;Investimento di pedone;Curva a visuale libera;Una carreggiata a doppio senso;Asciutto;Asfaltata;Orizzontale;Nuvoloso;Scarso;Buona;Sufficiente;2;0;0;1;12.41011;41.96006;-1;;;;Pedone;M;Rimandato;0;NON DECEDUTO;;
2667400;19;22/01/2016 23:00;Strada Urbana;VIA DI CASAL DEL MARMO;in prossimità;;del civico n.;63;;Investimento di pedone;Curva a visuale libera;Una carreggiata a doppio senso;Asciutto;Asfaltata;Orizzontale;Nuvoloso;Scarso;Buona;Sufficiente;2;0;0;1;12.41011;41.96006;-1;1;Autovettura privata;In marcia / fermata / arresto;Conducente;M;Illeso;0;;;
2667401;5;23/01/2016 02:20;Strada Urbana;VIA TIBURTINA;in corrispondenza;;del civico n.;1135;;Tamponamento;Rettilineo;Due carreggiate;Asciutto;Asfaltata;Verticale ed orizzontale;Sereno;Normale;Sufficiente;Sufficiente;1;0;0;3;12.59344;41.93292;-1;1;Autovettura privata;In marcia / fermata / arresto;Conducente;M;Rimandato;0;NON DECEDUTO;Non accertato;
2667401;5;23/01/2016 02:20;Strada Urbana;VIA TIBURTINA;in corrispondenza;;del civico n.;1135;;Tamponamento;Rettilineo;Due carreggiate;Asciutto;Asfaltata;Verticale ed orizzontale;Sereno;Normale;Sufficiente;Sufficiente;1;0;0;3;12.59344;41.93292;-1;1;Autovettura privata;In marcia / fermata / arresto;Passeggero;F;Illeso;0;;Non accertato;
2667401;5;23/01/2016 02:20;Strada Urbana;VIA TIBURTINA;in corrispondenza;;del civico n.;1135;;Tamponamento;Rettilineo;Due carreggiate;Asciutto;Asfaltata;Verticale ed orizzontale;Sereno;Normale;Sufficiente;Sufficiente;1;0;0;3;12.59344;41.93292;-1;2;Autovettura privata;In marcia / fermata / arresto;Conducente;M;Illeso;0;;Utilizzato;
2667401;5;23/01/2016 02:20;Strada Urbana;VIA TIBURTINA;in corrispondenza;;del civico n.;1135;;Tamponamento;Rettilineo;Due carreggiate;Asciutto;Asfaltata;Verticale ed orizzontale;Sereno;Normale;Sufficiente;Sufficiente;1;0;0;3;12.59344;41.93292;-1;2;Autovettura privata;In marcia / fermata / arresto;Passeggero;M;Illeso;0;;Non accertato;
2667405;15;23/01/2016 09:35;Strada Urbana;VIA DELLA MAGLIANA;da specificare;;;;FRONTE CIVICO 231/A;Investimento di pedone;Rettilineo;Una carreggiata a doppio senso;Asciutto;Asfaltata;Verticale;Nuvoloso;Intenso;Buona;Ore Diurne;1;0;0;1;12.42401;41.83394;-1;;;;Pedone;F;Rimandato;0;NON DECEDUTO;;
2667405;15;23/01/2016 09:35;Strada Urbana;VIA DELLA MAGLIANA;da specificare;;;;FRONTE CIVICO 231/A;Investimento di pedone;Rettilineo;Una carreggiata a doppio senso;Asciutto;Asfaltata;Verticale;Nuvoloso;Intenso;Buona;Ore Diurne;1;0;0;1;12.42401;41.83394;-1;1;Autovettura privata;In marcia / fermata / arresto;Conducente;M;Illeso;0;;Utilizzato;
2667406;5;22/01/2016 05:35;Strada Urbana;VIA DELLE CASE ROSSE;da specificare;;;;PROSSIMITA' VIA DI SALONE;Scontro frontale/laterale SX fra veicoli in marcia;Rettilineo;Una carreggiata a doppio senso;Asciutto;Asfaltata;Verticale ed orizzontale;Sereno;Normale;Buona;Sufficiente;1;0;0;1;12.63027;41.92577;-1;1;Autovettura privata;In marcia / fermata / arresto;Conducente;M;Illeso;0;;Non accertato;
2667406;5;22/01/2016 05:35;Strada Urbana;VIA DELLE CASE ROSSE;da specificare;;;;PROSSIMITA' VIA DI SALONE;Scontro frontale/laterale SX fra veicoli in marcia;Rettilineo;Una carreggiata a doppio senso;Asciutto;Asfaltata;Verticale ed orizzontale;Sereno;Normale;Buona;Sufficiente;1;0;0;1;12.63027;41.92577;-1;2;Autovettura privata;In marcia / fermata / arresto;Conducente;M;Rimandato;0;NON DECEDUTO;Non accertato;
2667413;15;24/01/2016 15:10;Strada Urbana;VIALE GUGLIELMO MARCONI;da specificare;;;;prossimità civico 106;Tamponamento;Rettilineo;Due carreggiate;Asciutto;Asfaltata;Orizzontale;Sereno;Normale;Buona;Ore Diurne;0;0;0;5;12.47124;41.85748;-1;1;Autocarro inferiore 35 q.;In marcia / fermata / arresto;Passeggero;F;Illeso;0;;Utilizzato;
2667413;15;24/01/2016 15:10;Strada Urbana;VIALE GUGLIELMO MARCONI;da specificare;;;;prossimità civico 106;Tamponamento;Rettilineo;Due carreggiate;Asciutto;Asfaltata;Orizzontale;Sereno;Normale;Buona;Ore Diurne;0;0;0;5;12.47124;41.85748;-1;1;Autocarro inferiore 35 q.;In marcia / fermata / arresto;Conducente;M;Illeso;0;;Utilizzato;
2667413;15;24/01/2016 15:10;Strada Urbana;VIALE GUGLIELMO MARCONI;da specificare;;;;prossimità civico 106;Tamponamento;Rettilineo;Due carreggiate;Asciutto;Asfaltata;Orizzontale;Sereno;Normale;Buona;Ore Diurne;0;0;0;5;12.47124;41.85748;-1;2;Autovettura privata;In marcia / fermata / arresto;Conducente;F;Illeso;0;;Utilizzato;