Protocollo;Gruppo;DataOraIncidente;Localizzazione1;STRADA1;Localizzazione2;STRADA2;Strada02;Chilometrica;DaSpecificare;NaturaIncidente;particolaritastrade;TipoStrada;FondoStradale;Pavimentazione;Segnaletica;CondizioneAtmosferica;Traffico;Visibilita;Illuminazione;NUM_FERITI;NUM_RISERVATA;NUM_MORTI;NUM_ILLESI;Longitudine;Latitudine;Confermato;Progressivo;TipoVeicolo;StatoVeicolo;TipoPersona;Sesso;Tipolesione;Deceduto;DecedutoDopo;CinturaCascoUtilizzato;Airbag
2667634;19;23/01/2016 12:20;Strada Urbana;VIA DEL PODERE TRIESTE;in prossimità;;del civico n.;20;;Investimento di pedone;Rettilineo;Una carreggiata a doppio senso;Asciutto;Asfaltata;Orizzontale;Sereno;Scarso;Buona;Ore Diurne;1;0;0;1;12.40118;41.92414;-1;1;Autovettura privata;In marcia / fermata / arresto;Conducente;M;Illeso;0;;;
2667641;4;24/01/2016 07:10;Statale;RACCORDO SALARIO SETTEBAGNI;da specificare;;;;VIA SALARIA KM 15,100;Veicolo in marcia contro ostacolo accidentale;Curva a visuale libera;Due carreggiate;Bagnato (umidità in atto);Asfaltata;Verticale ed orizzontale;Sereno;Scarso;Sufficiente;Sufficiente;1;0;0;0;12.51737;42.00904;-1;1;Autovettura privata;In marcia / fermata / arresto;Conducente;M;Rimandato;0;NON DECEDUTO;Non accertato;Inesploso
2667647;12;22/01/2016 20:15;Strada Urbana;VIA RHODESIA;in prossimità;;del civico n.;10;;Veicolo in marcia contro veicolo in sosta;Rettilineo;Una carreggiata a doppio senso;Asciutto;Asfaltata;Verticale ed orizzontale;Sereno;Scarso;Buona;Sufficiente;1;0;0;0;12.47055;41.82169;-1;2;Autovettura privata;In marcia / fermata / arresto;Conducente;M;Rimandato;0;NON DECEDUTO;;
2667648;18;21/01/2016 08:40;Strada Urbana;LARGO S. PIO V;all'intersezione con;VIA DELLA MADONNA DEL RIPOSO;VIA DELLA MADONNA DEL RIPOSO;;;Investimento di pedone;Incrocio;Una carreggiata a senso unico di marcia;Asciutto;Asfaltata;Verticale ed orizzontale;Sereno;Normale;Buona;Ore Diurne;1;0;0;1;12.4319;41.89662;-1;;;;Pedone;M;Rifiuta cure immediate;0;NON DECEDUTO;;
2667648;18;21/01/2016 08:40;Strada Urbana;LARGO S. PIO V;all'intersezione con;VIA DELLA MADONNA DEL RIPOSO;VIA DELLA MADONNA DEL RIPOSO;;;Investimento di pedone;Incrocio;Una carreggiata a senso unico di marcia;Asciutto;Asfaltata;Verticale ed orizzontale;Sereno;Normale;Buona;Ore Diurne;1;0;0;1;12.4319;41.89662;-1;1;Autovettura privata;In marcia / fermata / arresto;Conducente;M;Illeso;0;;;
2667650;19;24/01/2016 18:40;Strada Urbana;VIA DELLA BALDUINA;da specificare;;;;altezza via Giorgio Morpurgo;Tamponamento;Rettilineo;Una carreggiata a doppio senso;Asciutto;Asfaltata;Verticale ed orizzontale;Sereno;Normale;Buona;Sufficiente;0;0;0;2;12.44041;41.92067;-1;1;Autovettura privata;In marcia / fermata / arresto;Conducente;F;Illeso;0;;;
2667650;19;24/01/2016 18:40;Strada Urbana;VIA DELLA BALDUINA;da specificare;;;;altezza via Giorgio Morpurgo;Tamponamento;Rettilineo;Una carreggiata a doppio senso;Asciutto;Asfaltata;Verticale ed orizzontale;Sereno;Normale;Buona;Sufficiente;0;0;0;2;12.44041;41.92067;-1;2;Autovettura privata;In marcia / fermata / arresto;Conducente;M;Illeso;0;;;
2667651;19;24/01/2016 11:30;Strada Urbana;VIA DELLA STORTA;in prossimità;;del palo luce n.;156;;Veicolo in marcia contro ostacolo accidentale;Rettilineo;Una carreggiata a doppio senso;Asciutto;Asfaltata;Orizzontale;Sereno;Scarso;Buona;Ore Diurne;0;0;0;1;12.35659;41.95127;-1;1;Autovettura privata;In marcia / fermata / arresto;Conducente;M;Illeso;0;;Non accertato;Inesploso
2667652;1;23/01/2016 18:20;Strada Urbana;VIA MERULANA;in corrispondenza;;del civico n.;91;;Scontro laterale fra veicoli in marcia;Rettilineo;Una carreggiata a doppio senso;Bagnato (umidità in atto);Asfaltata;Verticale ed orizzontale;Nuvoloso;Normale;Buona;Sufficiente;1;0;0;0;12.50226;41.8915;-1;1;Motociclo a solo;In marcia / fermata / arresto;Conducente;M;Rimandato;0;NON DECEDUTO;Non accertato;
2667657;18;21/01/2016 14:30;Statale;VIA AURELIA;da specificare;;;;in prossimità del civ. 12,500 direzione centro;Tamponamento;Curva a visuale libera;Una carreggiata a senso unico di marcia;Asciutto;Asfaltata;Verticale ed orizzontale;Sereno;Normale;Buona;Ore Diurne;1;0;0;2;12.36281;41.88605;-1;1;Autovettura privata;In marcia / fermata / arresto;Conducente;F;Rimandato;0;NON DECEDUTO;Non accertato;Inesploso
2667657;18;21/01/2016 14:30;Statale;VIA AURELIA;da specificare;;;;in prossimità del civ. 12,500 direzione centro;Tamponamento;Curva a visuale libera;Una carreggiata a senso unico di marcia;Asciutto;Asfaltata;Verticale ed orizzontale;Sereno;Normale;Buona;Ore Diurne;1;0;0;2;12.36281;41.88605;-1;2;Autovettura privata;In marcia / fermata / arresto;Conducente;M;Illeso;0;;Non accertato;Inesploso
2667657;18;21/01/2016 14:30;Statale;VIA AURELIA;da specificare;;;;in prossimità del civ. 12,500 direzione centro;Tamponamento;Curva a visuale libera;Una carreggiata a senso unico di marcia;Asciutto;Asfaltata;Verticale ed orizzontale;Sereno;Normale;Buona;Ore Diurne;1;0;0;2;12.36281;41.88605;-1;2;Autovettura privata;In marcia / fermata / arresto;Passeggero;M;Illeso;0;;Non accertato;Inesploso
2667659;4;24/01/2016 16:50;Strada Urbana;VIALE ADRIATICO;in corrispondenza;;del civico n.;11;;Scontro laterale fra veicoli in marcia;Rettilineo;Una carreggiata a senso unico di marcia;Asciutto;Asfaltata;Orizzontale;Sereno;Normale;Buona;Sufficiente;0;0;0;3;12.53494;41.93787;-1;1;Autovettura privata;In marcia / fermata / arresto;Conducente;F;Illeso;0;;Non accertato;Inesploso
2667659;4;24/01/2016 16:50;Strada Urbana;VIALE ADRIATICO;in corrispondenza;;del civico n.;11;;Scontro laterale fra veicoli in marcia;Rettilineo;Una carreggiata a senso unico di marcia;Asciutto;Asfaltata;Orizzontale;Sereno;Normale;Buona;Sufficiente;0;0;0;3;12.53494;41.93787;-1;1;Autovettura privata;In marcia / fermata / arresto;Passeggero;M;Illeso;0;;Non accertato;Inesploso
2667659;4;24/01/2016 16:50;Strada Urbana;VIALE ADRIATICO;in corrispondenza;;del civico n.;11;;Scontro laterale fra veicoli in marcia;Rettilineo;Una carreggiata a senso unico di marcia;Asciutto;Asfaltata;Orizzontale;Sereno;Normale;Buona;Sufficiente;0;0;0;3;12.53494;41.93787;-1;2;Autovettura privata;In marcia / fermata / arresto;Conducente;M;Illeso;0;;Non accertato;Inesploso
2667669;19;24/01/2016 13:00;Strada Urbana;VIA PIETRO MAFFI;in prossimità;;del civico n.;151;;Investimento di pedone;Rettilineo;Una carreggiata a doppio senso;Asciutto;Asfaltata;Orizzontale;Sereno;Normale;Buona;Ore Diurne;0;0;0;3;12.42022;41.92652;-1;;;;Pedone;F;Illeso;0;;;
2667669;19;24/01/2016 13:00;Strada Urbana;VIA PIETRO MAFFI;in prossimità;;del civico n.;151;;Investimento di pedone;Rettilineo;Una carreggiata a doppio senso;Asciutto;Asfaltata;Orizzontale;Sereno;Normale;Buona;Ore Diurne;0;0;0;3;12.42022;41.92652;-1;1;Autovettura privata;In marcia / fermata / arresto;Conducente;F;Illeso;0;;;
2667669;19;24/01/2016 13:00;Strada Urbana;VIA PIETRO MAFFI;in prossimità;;del civico n.;151;;Investimento di pedone;Rettilineo;Una carreggiata a doppio senso;Asciutto;Asfaltata;Orizzontale;Sereno;Normale;Buona;Ore Diurne;0;0;0;3;12.42022;41.92652;-1;1;Autovettura privata;In marcia / fermata / arresto;Passeggero;F;Illeso;0;;;
2667670;1;23/01/2016 16:10;Strada Urbana;VIA NAPOLEONE III;all'intersezione con;VIA CARLO CATTANEO;VIA CARLO CATTANEO;;;Scontro laterale fra veicoli in marcia;Incrocio;Una carreggiata a doppio senso;Asciutto;Asfaltata;Verticale ed orizzontale;Nuvoloso;Normale;Buona;Ore Diurne;0;0;0;3;12.50126;41.89734;-1;1;Autovettura privata;In marcia / fermata / arresto;Conducente;M;Illeso;0;;Non accertato;Inesploso
2667670;1;23/01/2016 16:10;Strada Urbana;VIA NAPOLEONE III;all'intersezione con;VIA CARLO CATTANEO;VIA CARLO CATTANEO;;;Scontro laterale fra veicoli in marcia;Incrocio;Una carreggiata a doppio senso;Asciutto;Asfaltata;Verticale ed orizzontale;Nuvoloso;Normale;Buona;Ore Diurne;0;0;0;3;12.50126;41.89734;-1;1;Autovettura privata;In marcia / fermata / arresto;Passeggero;M;Illeso;0;;;
2667670;1;23/01/2016 16:10;Strada Urbana;VIA NAPOLEONE III;all'intersezione con;VIA CARLO CATTANEO;VIA CARLO CATTANEO;;;Scontro laterale fra veicoli in marcia;Incrocio;Una carreggiata a doppio senso;Asciutto;Asfaltata;Verticale ed orizzontale;Nuvoloso;Normale;Buona;Ore Diurne;0;0;0;3;12.50126;41.89734;-1;2;Autocarro inferiore 35 q.;In marcia / fermata / arresto;Conducente;M;Illeso;0;;Non accertato;Inesistente
2667671;12;23/01/2016 11:00;Strada Urbana;VIA DELLE MONTAGNE ROCCIOSE;all'intersezione con;VIALE DELL'AERONAUTICA;VIALE DELL'AERONAUTICA;;;Scontro laterale fra veicoli in marcia;Incrocio;Due carreggiate;Asciutto;Asfaltata;Verticale ed orizzontale;Nuvoloso;Scarso;Buona;Ore Diurne;0;0;0;3;12.47555;41.82598;-1;1;Autovettura privata;In marcia / fermata / arresto;Conducente;M;Illeso;0;;Utilizzato;Inesploso
2667671;12;23/01/2016 11:00;Strada Urbana;VIA DELLE MONTAGNE ROCCIOSE;all'intersezione con;VIALE DELL'AERONAUTICA;VIALE DELL'AERONAUTICA;;;Scontro laterale fra veicoli in marcia;Incrocio;Due carreggiate;Asciutto;Asfaltata;Verticale ed orizzontale;Nuvoloso;Scarso;Buona;Ore Diurne;0;0;0;3;12.47555;41.82598;-1;1;Autovettura privata;In marcia / fermata / arresto;Passeggero;M;Illeso;0;;Utilizzato;Inesploso
2667671;12;23/01/2016 11:00;Strada Urbana;VIA DELLE MONTAGNE ROCCIOSE;all'intersezione con;VIALE DELL'AERONAUTICA;VIALE DELL'AERONAUTICA;;;Scontro laterale fra veicoli in marcia;Incrocio;Due carreggiate;Asciutto;Asfaltata;Verticale ed orizzontale;Nuvoloso;Scarso;Buona;Ore Diurne;0;0;0;3;12.47555;41.82598;-1;2;Autovettura privata;In marcia / fermata / arresto;Conducente;F;Illeso;0;;Utilizzato;Inesploso
2667677;4;24/01/2016 12:05;Statale entro l'abitato;VIA SALARIA;all'intersezione semaforizzata con;VIA DI CASTEL GIUBILEO;VIA DI CASTEL GIUBILEO;;;Scontro laterale fra veicoli in marcia;Intersezione semaforizzata;Due carreggiate;Asciutto;Asfaltata;Verticale ed orizzontale;Sereno;Normale;Buona;Ore Diurne;1;0;0;3;12.50445;41.9554;-1;1;Autovettura privata;In marcia / fermata / arresto;Conducente;M;Illeso;0;;Non accertato;Inesploso
2667677;4;24/01/2016 12:05;Statale entro l'abitato;VIA SALARIA;all'intersezione semaforizzata con;VIA DI CASTEL GIUBILEO;VIA DI CASTEL GIUBILEO;;;Scontro laterale fra veicoli in marcia;Intersezione semaforizzata;Due carreggiate;Asciutto;Asfaltata;Verticale ed orizzontale;Sereno;Normale;Buona;Ore Diurne;1;0;0;3;12.50445;41.9554;-1;1;Autovettura privata;In marcia / fermata / arresto;Passeggero;F;Rimandato;0;NON DECEDUTO;Non accertato;Inesploso
2667677;4;24/01/2016 12:05;Statale entro l'abitato;VIA SALARIA;all'intersezione semaforizzata con;VIA DI CASTEL GIUBILEO;VIA DI CASTEL GIUBILEO;;;Scontro laterale fra veicoli in marcia;Intersezione semaforizzata;Due carreggiate;Asciutto;Asfaltata;Verticale ed orizzontale;Sereno;Normale;Buona;Ore Diurne;1;0;0;3;12.50445;41.9554;-1;2;Autovettura privata;In marcia / fermata / arresto;Conducente;M;Illeso;0;;Non accertato;Inesploso
2667677;4;24/01/2016 12:05;Statale entro l'abitato;VIA SALARIA;all'intersezione semaforizzata con;VIA DI CASTEL GIUBILEO;VIA DI CASTEL GIUBILEO;;;Scontro laterale fra veicoli in marcia;Intersezione semaforizzata;Due carreggiate;Asciutto;Asfaltata;Verticale ed orizzontale;Sereno;Normale;Buona;Ore Diurne;1;0;0;3;12.50445;41.9554;-1;2;Autovettura privata;In marcia / fermata / arresto;Passeggero;F;Illeso;0;;Non accertato;Inesploso
2667678;2;25/01/2016 09:40;Strada Urbana;VIA TRIPOLI;all'intersezione con;VIA TRIPOLITANIA;VIA TRIPOLITANIA;;;Scontro frontale/laterale DX fra veicoli in marcia;Incrocio;Una carreggiata a doppio senso;Asciutto;Asfaltata;Verticale ed orizzontale;Sereno;Normale;Buona;Ore Diurne;0;0;0;2;12.51754;41.92888;-1;1;Autovettura privata;In marcia / fermata / arresto;Conducente;M;Illeso;0;;Non accertato;Inesploso
2667678;2;25/01/2016 09:40;Strada Urbana;VIA TRIPOLI;all'intersezione con;VIA TRIPOLITANIA;VIA TRIPOLITANIA;;;Scontro frontale/laterale DX fra veicoli in marcia;Incrocio;Una carreggiata a doppio senso;Asciutto;Asfaltata;Verticale ed orizzontale;Sereno;Normale;Buona;Ore Diurne;0;0;0;2;12.51754;41.92888;-1;2;Autovettura privata;In marcia / fermata / arresto;Conducente;M;Illeso;0;;Non accertato;Inesploso
2667689;1;23/01/2016 23:50;Strada Urbana;VIA ANASTASIO II;all'intersezione con;VIA GIUSEPPE DI BARTOLO;VIA GIUSEPPE DI BARTOLO;;;Veicolo in marcia contro ostacolo accidentale;Incrocio;Due carreggiate;Asciutto;Asfaltata;Verticale ed orizzontale;Sereno;Scarso;Buona;Sufficiente;0;0;0;2;12.44247;41.89998;-1;1;Autovettura privata;In marcia / fermata / arresto;Conducente;M;Illeso;0;;;
2667689;1;23/01/2016 23:50;Strada Urbana;VIA ANASTASIO II;all'intersezione con;VIA GIUSEPPE DI BARTOLO;VIA GIUSEPPE DI BARTOLO;;;Veicolo in marcia contro ostacolo accidentale;Incrocio;Due carreggiate;Asciutto;Asfaltata;Verticale ed orizzontale;Sereno;Scarso;Buona;Sufficiente;0;0;0;2;12.44247;41.89998;-1;1;Autovettura privata;In marcia / fermata / arresto;Passeggero;F;Illeso;0;;;
2667690;12;23/01/2016 15:35;Strada Urbana;VIA CINA;in prossimità;;del civico n.;201;;Veicolo in marcia contro ostacolo accidentale;Rettilineo;Una carreggiata a doppio senso;Asciutto;Asfaltata;Verticale ed orizzontale;Nuvoloso;Normale;Buona;Ore Diurne;0;0;0;1;12.43394;41.81251;-1;1;Autovettura di polizia;In marcia / fermata / arresto;Conducente;M;Illeso;0;;Esente;Inesploso
2667695;4;24/01/2016 13:20;Strada Urbana;VIA DELLA BUFALOTTA;all'intersezione con;VIA VILLA DI FAONTE;VIA VILLA DI FAONTE;;;Scontro laterale fra veicoli in marcia;Intersezione stradale segnalata;Una carreggiata a doppio senso;Asciutto;Asfaltata;Verticale ed orizzontale;Sereno;Scarso;Buona;Ore Diurne;1;0;0;1;12.54217;41.95093;-1;1;Autovettura privata;In marcia / fermata / arresto;Conducente;M;Illeso;0;;Non accertato;Inesistente
2667695;4;24/01/2016 13:20;Strada Urbana;VIA DELLA BUFALOTTA;all'intersezione con;VIA VILLA DI FAONTE;VIA VILLA DI FAONTE;;;Scontro laterale fra veicoli in marcia;Intersezione stradale segnalata;Una carreggiata a doppio senso;Asciutto;Asfaltata;Verticale ed orizzontale;Sereno;Scarso;Buona;Ore Diurne;1;0;0;1;12.54217;41.95093;-1;2;Motociclo con passeggero;In marcia / fermata / arresto;Conducente;M;Rimandato;0;NON DECEDUTO;Non accertato;
2667699;1;23/01/2016 09:55;Strada Urbana;VIA MARIA ADELAIDE;all'intersezione con;VIA LUISA DI SAVOIA;VIA LUISA DI SAVOIA;;;Scontro laterale fra veicoli in marcia;Incrocio;Una carreggiata a senso unico di marcia;Asciutto;Asfaltata;Verticale ed orizzontale;Nuvoloso;Normale;Buona;Ore Diurne;0;0;0;2;12.47425;41.91022;-1;1;Autovettura privata;In marcia / fermata / arresto;Conducente;F;Illeso;0;;Non accertato;
2667699;1;23/01/2016 09:55;Strada Urbana;VIA MARIA ADELAIDE;all'intersezione con;VIA LUISA DI SAVOIA;VIA LUISA DI SAVOIA;;;Scontro laterale fra veicoli in marcia;Incrocio;Una carreggiata a senso unico di marcia;Asciutto;Asfaltata;Verticale ed orizzontale;Nuvoloso;Normale;Buona;Ore Diurne;0;0;0;2;12.47425;41.91022;-1;2;Autovettura privata;In marcia / fermata / arresto;Conducente;M;Illeso;0;;Non accertato;
2667712;12;23/01/2016 15:45;Strada Urbana;VIA CRISTOFORO COLOMBO;all'intersezione semaforizzata con;VIALE DELL'UMANESIMO;VIALE DELL'UMANESIMO;;;Tamponamento;Intersezione semaforizzata;Due carreggiate;Asciutto;Asfaltata;Verticale ed orizzontale;Nuvoloso;Normale;Buona;Ore Diurne;0;0;0;4;12.44704;41.80373;-1;1;Autovettura pubblica;In marcia / fermata / arresto;Conducente;M;Illeso;0;;Utilizzato;Inesploso
2667712;12;23/01/2016 15:45;Strada Urbana;VIA CRISTOFORO COLOMBO;all'intersezione semaforizzata con;VIALE DELL'UMANESIMO;VIALE DELL'UMANESIMO;;;Tamponamento;Intersezione semaforizzata;Due carreggiate;Asciutto;Asfaltata;Verticale ed orizzontale;Nuvoloso;Normale;Buona;Ore Diurne;0;0;0;4;12.44704;41.80373;-1;2;Autovettura privata;In marcia / fermata / arresto;Conducente;M;Illeso;0;;Utilizzato;Inesploso
2667712;12;23/01/2016 15:45;Strada Urbana;VIA CRISTOFORO COLOMBO;all'intersezione semaforizzata con;VIALE DELL'UMANESIMO;VIALE DELL'UMANESIMO;;;Tamponamento;Intersezione semaforizzata;Due carreggiate;Asciutto;Asfaltata;Verticale ed orizzontale;Nuvoloso;Normale;Buona;Ore Diurne;0;0;0;4;12.44704;41.80373;-1;2;Autovettura privata;In marcia / fermata / arresto;Passeggero;F;Illeso;0;;Utilizzato;Inesploso
2667712;12;23/01/2016 15:45;Strada Urbana;VIA CRISTOFORO COLOMBO;all'intersezione semaforizzata con;VIALE DELL'UMANESIMO;VIALE DELL'UMANESIMO;;;Tamponamento;Intersezione semaforizzata;Due carreggiate;Asciutto;Asfaltata;Verticale ed orizzontale;Nuvoloso;Normale;Buona;Ore Diurne;0;0;0;4;12.44704;41.80373;-1;2;Autovettura privata;In marcia / fermata / arresto;Passeggero;F;Illeso;0;;Utilizzato;Inesploso
2667750;13;24/01/2016 13:30;Strada Urbana;LUNGOMARE AMERIGO VESPUCCI;da specificare;;;;"fronte stabilimento ""Venezia""";Scontro frontale/laterale SX fra veicoli in marcia;Rettilineo;Due carreggiate;Asciutto;Asfaltata;Orizzontale;Sereno;Normale;Buona;Ore Diurne;0;0;0;2;12.33402;41.70723;-1;1;Autovettura privata;In marcia / fermata / arresto;Conducente;M;Illeso;0;;Non accertato;Inesploso
2667750;13;24/01/2016 13:30;Strada Urbana;LUNGOMARE AMERIGO VESPUCCI;da specificare;;;;"fronte stabilimento ""Venezia""";Scontro frontale/laterale SX fra veicoli in marcia;Rettilineo;Due carreggiate;Asciutto;Asfaltata;Orizzontale;Sereno;Normale;Buona;Ore Diurne;0;0;0;2;12.33402;41.70723;-1;2;Autovettura privata;In marcia / fermata / arresto;Conducente;M;Illeso;0;;Non accertato;Inesploso
2667752;4;24/01/2016 13:30;Strada Urbana;VIA DELLE ISOLE CURZOLANE;all'intersezione con;VIA MONTE PETRELLA;VIA MONTE PETRELLA;;;Scontro frontale/laterale DX fra veicoli in marcia;Incrocio;Due carreggiate;Asciutto;Asfaltata;Verticale ed orizzontale;Sereno;Scarso;Buona;Ore Diurne;1;0;0;1;12.53194;41.94885;-1;1;Autovettura privata;In marcia / fermata / arresto;Conducente;M;Illeso;0;;Non accertato;Inesploso
2667752;4;24/01/2016 13:30;Strada Urbana;VIA DELLE ISOLE CURZOLANE;all'intersezione con;VIA MONTE PETRELLA;VIA MONTE PETRELLA;;;Scontro frontale/laterale DX fra veicoli in marcia;Incrocio;Due carreggiate;Asciutto;Asfaltata;Verticale ed orizzontale;Sereno;Scarso;Buona;Ore Diurne;1;0;0;1;12.53194;41.94885;-1;2;Autovettura privata;In marcia / fermata / arresto;Conducente;M;Rimandato;0;NON DECEDUTO;Non accertato;Inesploso
2667758;12;23/01/2016 05:30;Provinciale entro l'abitato;VIA OSTIENSE;in prossimità;;del civico n.;611;;Veicolo in marcia contro ostacolo fisso;Rettilineo;Una carreggiata a doppio senso;Asciutto;Asfaltata;Verticale ed orizzontale;Nuvoloso;Scarso;Sufficiente;Ore Diurne;0;0;0;1;12.46797;41.84259;-1;1;Autovettura privata;In marcia / fermata / arresto;Conducente;F;Illeso;0;;Utilizzato;Esploso
2667770;3;22/01/2016 04:30;Strada Urbana;VIALE DELLE SCIENZE;all'intersezione semaforizzata con;VIALE DELL'UNIVERSITA';VIALE DELL'UNIVERSITA';;;Veicolo in marcia contro ostacolo fisso;Intersezione semaforizzata;Due carreggiate;Asciutto;Asfaltata;Verticale ed orizzontale;Sereno;Normale;Buona;Sufficiente;0;0;0;1;12.51092;41.90396;-1;1;Autovettura privata;In marcia / fermata / arresto;Conducente;M;Illeso;0;;Non accertato;Inesploso
2667778;3;24/01/2016 12:20;Strada Urbana;VIALE DELL'UNIVERSITA';all'intersezione semaforizzata con;VIALE DELLE SCIENZE;VIALE DELLE SCIENZE;;;Investimento di pedone;Intersezione semaforizzata;Una carreggiata a doppio senso;Asciutto;Asfaltata;Orizzontale;Sereno;Scarso;Buona;Ore Diurne;0;1;0;1;12.51179;41.90433;-1;;;;Pedone;M;Prognosi riservata;0;NON DECEDUTO;;
2667778;3;24/01/2016 12:20;Strada Urbana;VIALE DELL'UNIVERSITA';all'intersezione semaforizzata con;VIALE DELLE SCIENZE;VIALE DELLE SCIENZE;;;Investimento di pedone;Intersezione semaforizzata;Una carreggiata a doppio senso;Asciutto;Asfaltata;Orizzontale;Sereno;Scarso;Buona;Ore Diurne;0;1;0;1;12.51179;41.90433;-1;1;Autovettura privata;In marcia / fermata / arresto;Conducente;M;Illeso;0;;Non accertato;Inesploso
2667787;2;24/01/2016 10:45;Strada Urbana;VIA DEI CAMPI SPORTIVI;in prossimità;;del civico n.;fr. 43;;Scontro frontale/laterale SX fra veicoli in marcia;Curva a visuale libera;Una carreggiata a doppio senso;Asciutto;Asfaltata;Verticale ed orizzontale;Sereno;Normale;Buona;Ore Diurne;1;0;0;2;12.49104;41.93698;-1;1;Autovettura privata;In marcia / fermata / arresto;Passeggero;F;Illeso;0;;Non accertato;Inesploso
2667787;2;24/01/2016 10:45;Strada Urbana;VIA DEI CAMPI SPORTIVI;in prossimità;;del civico n.;fr. 43;;Scontro frontale/laterale SX fra veicoli in marcia;Curva a visuale libera;Una carreggiata a doppio senso;Asciutto;Asfaltata;Verticale ed orizzontale;Sereno;Normale;Buona;Ore Diurne;1;0;0;2;12.49104;41.93698;-1;1;Autovettura privata;In marcia / fermata / arresto;Conducente;F;Illeso;0;;Non accertato;Inesploso
2667787;2;24/01/2016 10:45;Strada Urbana;VIA DEI CAMPI SPORTIVI;in prossimità;;del civico n.;fr. 43;;Scontro frontale/laterale SX fra veicoli in marcia;Curva a visuale libera;Una carreggiata a doppio senso;Asciutto;Asfaltata;Verticale ed orizzontale;Sereno;Normale;Buona;Ore Diurne;1;0;0;2;12.49104;41.93698;-1;2;Motociclo a solo;In marcia / fermata / arresto;Conducente;M;Ricoverato;0;NON DECEDUTO;Non accertato;
2667788;1;25/01/2016 09:30;Strada Urbana;VIA NICOLA ZABAGLIA;in prossimità;;del palo luce n.;16;;Scontro laterale fra veicoli in marcia;Rettilineo;Due carreggiate;Asciutto;Asfaltata;Verticale ed orizzontale;Sereno;Normale;Buona;Ore Diurne;0;0;0;2;12.47617;41.87708;-1;1;Autovettura privata;In marcia / fermata / arresto;Conducente;F;Illeso;0;;Non accertato;Inesploso
2667788;1;25/01/2016 09:30;Strada Urbana;VIA NICOLA ZABAGLIA;in prossimità;;del palo luce n.;16;;Scontro laterale fra veicoli in marcia;Rettilineo;Due carreggiate;Asciutto;Asfaltata;Verticale ed orizzontale;Sereno;Normale;Buona;Ore Diurne;0;0;0;2;12.47617;41.87708;-1;2;Autocarro inferiore 35 q.;In marcia / fermata / arresto;Conducente;M;Illeso;0;;Non accertato;Inesploso
2667790;18;21/01/2016 08:55;Strada Urbana;VIA GREGORIO VII;in prossimità;;del civico n.;309;;Veicoli in marcia contro veicolo fermo;Curva a visuale libera;Più di due carreggiate;Bagnato (umidità in atto);Asfaltata;Verticale ed orizzontale;Sereno;Normale;Buona;Ore Diurne;1;0;0;2;12.44191;41.89624;-1;1;Autovettura privata;In marcia / fermata / arresto;Conducente;M;Illeso;0;;;
2667790;18;21/01/2016 08:55;Strada Urbana;VIA GREGORIO VII;in prossimità;;del civico n.;309;;Veicoli in marcia contro veicolo fermo;Curva a visuale libera;Più di due carreggiate;Bagnato (umidità in atto);Asfaltata;Verticale ed orizzontale;Sereno;Normale;Buona;Ore Diurne;1;0;0;2;12.44191;41.89624;-1;2;Autovettura privata;In marcia / fermata / arresto;Conducente;M;Illeso;0;;;
2667790;18;21/01/2016 08:55;Strada Urbana;VIA GREGORIO VII;in prossimità;;del civico n.;309;;Veicoli in marcia contro veicolo fermo;Curva a visuale libera;Più di due carreggiate;Bagnato (umidità in atto);Asfaltata;Verticale ed orizzontale;Sereno;Normale;Buona;Ore Diurne;1;0;0;2;12.44191;41.89624;-1;3;Motociclo a solo;In marcia / fermata / arresto;Conducente;M;Rifiuta cure immediate;0;NON DECEDUTO;;
2667799;3;24/01/2016 20:35;Strada Urbana;VIA TIBURTINA;da specificare;;;;prossimità civico 281;Investimento di pedone;Rettilineo;Una carreggiata a senso unico di marcia;Asciutto;Asfaltata;Assente;Sereno;Normale;Buona;Sufficiente;1;0;0;1;12.51718;41.89992;-1;;;;Pedone;M;Illeso;0;;;
2667799;3;24/01/2016 20:35;Strada Urbana;VIA TIBURTINA;da specificare;;;;prossimità civico 281;Investimento di pedone;Rettilineo;Una carreggiata a senso unico di marcia;Asciutto;Asfaltata;Assente;Sereno;Normale;Buona;Sufficiente;1;0;0;1;12.51718;41.89992;-1;1;Motociclo a solo;In marcia / fermata / arresto;Conducente;M;Rimandato;0;NON DECEDUTO;Non accertato;
2667827;3;24/01/2016 22:20;Strada Urbana;VIA DELLE ISOLE CURZOLANE;all'intersezione con;PIAZZA DEGLI EUGANEI;PIAZZA DEGLI EUGANEI;;;Scontro frontale/laterale SX fra veicoli in marcia;Incrocio;Due carreggiate;Asciutto;Asfaltata;Verticale ed orizzontale;Sereno;Scarso;Sufficiente;Sufficiente;3;0;0;1;12.53237;41.94875;-1;2;Autovettura privata;In marcia / fermata / arresto;Conducente;M;Illeso;0;;Non accertato;Inesploso
2667827;3;24/01/2016 22:20;Strada Urbana;VIA DELLE ISOLE CURZOLANE;all'intersezione con;PIAZZA DEGLI EUGANEI;PIAZZA DEGLI EUGANEI;;;Scontro frontale/laterale SX fra veicoli in marcia;Incrocio;Due carreggiate;Asciutto;Asfaltata;Verticale ed orizzontale;Sereno;Scarso;Sufficiente;Sufficiente;3;0;0;1;12.53237;41.94875;-1;2;Autovettura privata;In marcia / fermata / arresto;Passeggero;F;Rimandato;0;NON DECEDUTO;Non accertato;Inesploso