Protocollo;Gruppo;DataOraIncidente;Localizzazione1;STRADA1;Localizzazione2;STRADA2;Strada02;Chilometrica;DaSpecificare;NaturaIncidente;particolaritastrade;TipoStrada;FondoStradale;Pavimentazione;Segnaletica;CondizioneAtmosferica;Traffico;Visibilita;Illuminazione;NUM_FERITI;NUM_RISERVATA;NUM_MORTI;NUM_ILLESI;Longitudine;Latitudine;Confermato;Progressivo;TipoVeicolo;StatoVeicolo;TipoPersona;Sesso;Tipolesione;Deceduto;DecedutoDopo;CinturaCascoUtilizzato;Airbag
2672299;1;27/01/2016 15:40;Strada Urbana;VIA DI S. GIOVANNI IN LATERANO;all'intersezione con;VIA DEI QUERCETI;VIA DEI QUERCETI;;;Scontro frontale/laterale SX fra veicoli in marcia;Incrocio;Una carreggiata a senso unico di marcia;Asciutto;In cubetti di porfido;Verticale ed orizzontale;Nuvoloso;Normale;Buona;Ore Diurne;0;0;0;3;12.49805;41.88894;-1;2;Autovettura privata;In marcia / fermata / arresto;Conducente;F;Illeso;0;;Non accertato;
2672299;1;27/01/2016 15:40;Strada Urbana;VIA DI S. GIOVANNI IN LATERANO;all'intersezione con;VIA DEI QUERCETI;VIA DEI QUERCETI;;;Scontro frontale/laterale SX fra veicoli in marcia;Incrocio;Una carreggiata a senso unico di marcia;Asciutto;In cubetti di porfido;Verticale ed orizzontale;Nuvoloso;Normale;Buona;Ore Diurne;0;0;0;3;12.49805;41.88894;-1;2;Autovettura privata;In marcia / fermata / arresto;Passeggero;F;Illeso;0;;Non accertato;Inesploso
2672333;1;27/01/2016 18:50;Strada Urbana;VIA VITTORIO VENETO;in prossimità;;del civico n.;19;;Tamponamento;Rettilineo;Più di due carreggiate;Asciutto;Asfaltata;Verticale ed orizzontale;Nuvoloso;Normale;Buona;Sufficiente;2;0;0;0;12.48841;41.90449;-1;1;Motociclo a solo;In marcia / fermata / arresto;Conducente;M;Rimandato;0;NON DECEDUTO;Non accertato;
2672333;1;27/01/2016 18:50;Strada Urbana;VIA VITTORIO VENETO;in prossimità;;del civico n.;19;;Tamponamento;Rettilineo;Più di due carreggiate;Asciutto;Asfaltata;Verticale ed orizzontale;Nuvoloso;Normale;Buona;Sufficiente;2;0;0;0;12.48841;41.90449;-1;2;Motociclo a solo;In marcia / fermata / arresto;Conducente;M;Rimandato;0;NON DECEDUTO;Non accertato;
2672334;12;27/01/2016 12:35;Provinciale entro l'abitato;VIA LAURENTINA;da specificare;;;;civ. 536 dir. Gra;Tamponamento;Rettilineo;Due carreggiate;Asciutto;Asfaltata;Verticale ed orizzontale;Sereno;Normale;Buona;Ore Diurne;0;0;0;3;12.47922;41.82483;-1;1;Autovettura privata;In marcia / fermata / arresto;Conducente;M;Illeso;0;;Utilizzato;Inesploso
2672334;12;27/01/2016 12:35;Provinciale entro l'abitato;VIA LAURENTINA;da specificare;;;;civ. 536 dir. Gra;Tamponamento;Rettilineo;Due carreggiate;Asciutto;Asfaltata;Verticale ed orizzontale;Sereno;Normale;Buona;Ore Diurne;0;0;0;3;12.47922;41.82483;-1;1;Autovettura privata;In marcia / fermata / arresto;Passeggero;F;Illeso;0;;Utilizzato;Inesploso
2672334;12;27/01/2016 12:35;Provinciale entro l'abitato;VIA LAURENTINA;da specificare;;;;civ. 536 dir. Gra;Tamponamento;Rettilineo;Due carreggiate;Asciutto;Asfaltata;Verticale ed orizzontale;Sereno;Normale;Buona;Ore Diurne;0;0;0;3;12.47922;41.82483;-1;2;Autovettura privata;In marcia / fermata / arresto;Conducente;M;Illeso;0;;Non accertato;Inesploso
2672343;16;28/01/2016 04:45;Strada Urbana;VIA DI MONTE CUCCO;da specificare;;;;prossimità L.go Giuncugnano;Veicolo in marcia contro veicolo in sosta;Rettilineo;Una carreggiata a doppio senso;Asciutto;Asfaltata;Assente;Foschia;Scarso;Sufficiente;Sufficiente;0;0;0;1;12.43917;41.84309;-1;1;Autovettura privata;In marcia / fermata / arresto;Conducente;M;Illeso;0;;Non accertato;Inesploso
2672344;12;27/01/2016 23:10;Strada Urbana;VIA MARIO VINCIGUERRA;in corrispondenza;;del civico n.;151;;Veicolo in marcia contro ostacolo accidentale;Rettilineo;Una carreggiata a doppio senso;Bagnato (umidità in atto);Asfaltata;Orizzontale;Nebbia;Scarso;Insufficiente;Insufficiente;0;0;0;3;12.46905;41.74713;-1;1;Autovettura privata;In marcia / fermata / arresto;Conducente;M;Illeso;0;;Non accertato;Inesploso
2672344;12;27/01/2016 23:10;Strada Urbana;VIA MARIO VINCIGUERRA;in corrispondenza;;del civico n.;151;;Veicolo in marcia contro ostacolo accidentale;Rettilineo;Una carreggiata a doppio senso;Bagnato (umidità in atto);Asfaltata;Orizzontale;Nebbia;Scarso;Insufficiente;Insufficiente;0;0;0;3;12.46905;41.74713;-1;1;Autovettura privata;In marcia / fermata / arresto;Passeggero;F;Illeso;0;;Non accertato;Inesploso
2672344;12;27/01/2016 23:10;Strada Urbana;VIA MARIO VINCIGUERRA;in corrispondenza;;del civico n.;151;;Veicolo in marcia contro ostacolo accidentale;Rettilineo;Una carreggiata a doppio senso;Bagnato (umidità in atto);Asfaltata;Orizzontale;Nebbia;Scarso;Insufficiente;Insufficiente;0;0;0;3;12.46905;41.74713;-1;1;Autovettura privata;In marcia / fermata / arresto;Passeggero;M;Illeso;0;;Utilizzato;Inesploso
2672348;12;27/01/2016 20:35;Comunale extraurbana;VIA DI PRATICA;da specificare;;;;200 mt dopo scinvolo Pontina dir. Torvajanica;Veicolo in marcia contro ostacolo accidentale;Rettilineo;Una carreggiata a doppio senso;Bagnato (umidità in atto);Asfaltata;Verticale ed orizzontale;Nebbia;Scarso;Insufficiente;Inesistente;0;0;0;1;12.43012;41.72183;-1;1;Autovettura privata;In marcia / fermata / arresto;Conducente;F;Illeso;0;;Utilizzato;Inesploso
2672367;12;27/01/2016 09:10;Strada Urbana;VIALE DEI PRIMATI SPORTIVI;all'intersezione con;VIALE EGEO;VIALE EGEO;;;Scontro frontale/laterale SX fra veicoli in marcia;Incrocio;Una carreggiata a doppio senso;Asciutto;Asfaltata;Orizzontale;Sereno;Normale;Buona;Ore Diurne;0;0;0;2;12.45475;41.82688;-1;1;Autovettura privata;In marcia / fermata / arresto;Conducente;M;Illeso;0;;Utilizzato;Inesploso
2672367;12;27/01/2016 09:10;Strada Urbana;VIALE DEI PRIMATI SPORTIVI;all'intersezione con;VIALE EGEO;VIALE EGEO;;;Scontro frontale/laterale SX fra veicoli in marcia;Incrocio;Una carreggiata a doppio senso;Asciutto;Asfaltata;Orizzontale;Sereno;Normale;Buona;Ore Diurne;0;0;0;2;12.45475;41.82688;-1;2;Autovettura privata;In marcia / fermata / arresto;Conducente;F;Illeso;0;;;
2672378;1;27/01/2016 18:56;Strada Urbana;PIAZZA DELLA BOCCA DELLA VERITA';all'intersezione con;VIA LUIGI PETROSELLI;VIA LUIGI PETROSELLI;;;Tamponamento;Incrocio;Una carreggiata a doppio senso;Asciutto;In cubetti di porfido;Verticale ed orizzontale;Sereno;Scarso;Buona;Sufficiente;0;0;0;2;12.48114;41.8894;-1;1;Autovettura pubblica;In marcia / fermata / arresto;Conducente;M;Illeso;0;;Non accertato;Inesploso
2672378;1;27/01/2016 18:56;Strada Urbana;PIAZZA DELLA BOCCA DELLA VERITA';all'intersezione con;VIA LUIGI PETROSELLI;VIA LUIGI PETROSELLI;;;Tamponamento;Incrocio;Una carreggiata a doppio senso;Asciutto;In cubetti di porfido;Verticale ed orizzontale;Sereno;Scarso;Buona;Sufficiente;0;0;0;2;12.48114;41.8894;-1;2;Autovettura privata;In marcia / fermata / arresto;Conducente;F;Illeso;0;;Non accertato;Inesploso
2672396;1;27/01/2016 16:00;Strada Urbana;LUNGOTEVERE RIPA;all'intersezione con;VIA DEL PORTO;VIA DEL PORTO;;;Tamponamento Multiplo;Incrocio;Due carreggiate;Asciutto;Asfaltata;Verticale ed orizzontale;Sereno;Normale;Buona;Ore Diurne;1;0;0;2;12.47885;41.88786;-1;1;Autocarro inferiore 35 q.;In marcia / fermata / arresto;Conducente;M;Illeso;0;;Non accertato;
2672396;1;27/01/2016 16:00;Strada Urbana;LUNGOTEVERE RIPA;all'intersezione con;VIA DEL PORTO;VIA DEL PORTO;;;Tamponamento Multiplo;Incrocio;Due carreggiate;Asciutto;Asfaltata;Verticale ed orizzontale;Sereno;Normale;Buona;Ore Diurne;1;0;0;2;12.47885;41.88786;-1;2;Motociclo a solo;In marcia / fermata / arresto;Conducente;M;Rimandato;0;NON DECEDUTO;Non accertato;
2672396;1;27/01/2016 16:00;Strada Urbana;LUNGOTEVERE RIPA;all'intersezione con;VIA DEL PORTO;VIA DEL PORTO;;;Tamponamento Multiplo;Incrocio;Due carreggiate;Asciutto;Asfaltata;Verticale ed orizzontale;Sereno;Normale;Buona;Ore Diurne;1;0;0;2;12.47885;41.88786;-1;3;Autocarro inferiore 35 q.;In marcia / fermata / arresto;Conducente;M;Illeso;0;;;
2672446;1;27/01/2016 18:45;Strada Urbana;VIA DEL CONSOLATO;in prossimità;;del civico n.;6;;Veicolo in marcia contro veicolo in sosta;Rettilineo;Una carreggiata a doppio senso;Asciutto;In cubetti di porfido;Assente;Sereno;Scarso;Buona;Sufficiente;0;0;0;1;12.46595;41.89973;-1;1;Veicolo speciale;In marcia / fermata / arresto;Conducente;M;Illeso;0;;;
2672447;1;27/01/2016 21:10;Strada Urbana;VIALE IPPOCRATE;in corrispondenza;;del civico n.;119;;Investimento di pedone;Rettilineo;Due carreggiate;Asciutto;Asfaltata;Verticale ed orizzontale;Sereno;Scarso;Sufficiente;Sufficiente;2;0;0;0;12.51684;41.90628;-1;;;;Pedone;F;Rimandato;0;NON DECEDUTO;;
2672447;1;27/01/2016 21:10;Strada Urbana;VIALE IPPOCRATE;in corrispondenza;;del civico n.;119;;Investimento di pedone;Rettilineo;Due carreggiate;Asciutto;Asfaltata;Verticale ed orizzontale;Sereno;Scarso;Sufficiente;Sufficiente;2;0;0;0;12.51684;41.90628;-1;1;Motociclo a solo;In marcia / fermata / arresto;Conducente;M;Rifiuta cure immediate;0;NON DECEDUTO;Non accertato;
2672452;7;28/01/2016 17:15;Strada Urbana;VIA DI TOR TRE TESTE;all'intersezione con;VIALE DELLA BELLA VILLA;VIALE DELLA BELLA VILLA;;;Scontro frontale/laterale DX fra veicoli in marcia;Incrocio;Due carreggiate;Asciutto;Asfaltata;Verticale ed orizzontale;Sereno;Normale;Buona;Sufficiente;0;0;0;3;12.58647;41.87336;-1;1;Autovettura privata;In marcia / fermata / arresto;Conducente;M;Illeso;0;;Non accertato;Inesploso
2672452;7;28/01/2016 17:15;Strada Urbana;VIA DI TOR TRE TESTE;all'intersezione con;VIALE DELLA BELLA VILLA;VIALE DELLA BELLA VILLA;;;Scontro frontale/laterale DX fra veicoli in marcia;Incrocio;Due carreggiate;Asciutto;Asfaltata;Verticale ed orizzontale;Sereno;Normale;Buona;Sufficiente;0;0;0;3;12.58647;41.87336;-1;2;Autovettura privata;In marcia / fermata / arresto;Conducente;F;Illeso;0;;Non accertato;Inesploso
2672452;7;28/01/2016 17:15;Strada Urbana;VIA DI TOR TRE TESTE;all'intersezione con;VIALE DELLA BELLA VILLA;VIALE DELLA BELLA VILLA;;;Scontro frontale/laterale DX fra veicoli in marcia;Incrocio;Due carreggiate;Asciutto;Asfaltata;Verticale ed orizzontale;Sereno;Normale;Buona;Sufficiente;0;0;0;3;12.58647;41.87336;-1;2;Autovettura privata;In marcia / fermata / arresto;Passeggero;F;Illeso;0;;Non accertato;Inesploso
2672455;1;28/01/2016 17:50;Strada Urbana;PIAZZA DI PORTA S. GIOVANNI;all'intersezione semaforizzata con;VIA EMANUELE FILIBERTO;VIA EMANUELE FILIBERTO;;;Scontro laterale fra veicoli in marcia;Intersezione semaforizzata;Una carreggiata a doppio senso;Asciutto;Asfaltata;Verticale ed orizzontale;Sereno;Normale;Buona;Sufficiente;0;0;0;2;12.50796;41.8865;-1;1;Autovettura privata;In marcia / fermata / arresto;Conducente;M;Illeso;0;;Non accertato;Inesploso
2672455;1;28/01/2016 17:50;Strada Urbana;PIAZZA DI PORTA S. GIOVANNI;all'intersezione semaforizzata con;VIA EMANUELE FILIBERTO;VIA EMANUELE FILIBERTO;;;Scontro laterale fra veicoli in marcia;Intersezione semaforizzata;Una carreggiata a doppio senso;Asciutto;Asfaltata;Verticale ed orizzontale;Sereno;Normale;Buona;Sufficiente;0;0;0;2;12.50796;41.8865;-1;2;Autovettura privata;In marcia / fermata / arresto;Conducente;M;Illeso;0;;Non accertato;Inesploso
2672458;2;28/01/2016 15:10;Strada Urbana;VIA DEL FORO ITALICO;in prossimità;;del civico n.;491;;Scontro laterale fra veicoli in marcia;Rettilineo;Due carreggiate;Asciutto;Asfaltata;Verticale ed orizzontale;Nuvoloso;Normale;Buona;Ore Diurne;0;1;0;2;12.49529;41.94006;-1;1;Autovettura privata;In marcia / fermata / arresto;Conducente;M;Illeso;0;;Non accertato;Inesploso
2672458;2;28/01/2016 15:10;Strada Urbana;VIA DEL FORO ITALICO;in prossimità;;del civico n.;491;;Scontro laterale fra veicoli in marcia;Rettilineo;Due carreggiate;Asciutto;Asfaltata;Verticale ed orizzontale;Nuvoloso;Normale;Buona;Ore Diurne;0;1;0;2;12.49529;41.94006;-1;1;Autovettura privata;In marcia / fermata / arresto;Passeggero;F;Illeso;0;;Non accertato;Inesploso
2672458;2;28/01/2016 15:10;Strada Urbana;VIA DEL FORO ITALICO;in prossimità;;del civico n.;491;;Scontro laterale fra veicoli in marcia;Rettilineo;Due carreggiate;Asciutto;Asfaltata;Verticale ed orizzontale;Nuvoloso;Normale;Buona;Ore Diurne;0;1;0;2;12.49529;41.94006;-1;2;Motociclo a solo;In marcia / fermata / arresto;Conducente;M;Prognosi riservata;0;NON DECEDUTO;Non accertato;
2672468;13;26/01/2016 10:50;Strada Urbana;VIA DEL MARE;all'intersezione semaforizzata con;VIA DI CASTEL FUSANO;VIA DI CASTEL FUSANO;;;Investimento di pedone;Intersezione semaforizzata;Una carreggiata a doppio senso;Asciutto;Asfaltata;Verticale ed orizzontale;Sereno;Intenso;Buona;Ore Diurne;1;0;0;1;12.30398;41.75936;-1;;;;Pedone;M;Rimandato;0;NON DECEDUTO;;
2672468;13;26/01/2016 10:50;Strada Urbana;VIA DEL MARE;all'intersezione semaforizzata con;VIA DI CASTEL FUSANO;VIA DI CASTEL FUSANO;;;Investimento di pedone;Intersezione semaforizzata;Una carreggiata a doppio senso;Asciutto;Asfaltata;Verticale ed orizzontale;Sereno;Intenso;Buona;Ore Diurne;1;0;0;1;12.30398;41.75936;-1;1;Autovettura privata;In marcia / fermata / arresto;Conducente;F;Illeso;0;;Non accertato;Inesploso
2672473;11;28/01/2016 08:50;Strada Urbana;VIA DELL'ALMONE;in corrispondenza;;del civico n.;111;;Scontro laterale fra veicoli in marcia;Rettilineo;Una carreggiata a doppio senso;Bagnato (umidità in atto);Asfaltata;Verticale ed orizzontale;Nebbia;Normale;Buona;Ore Diurne;1;0;0;1;12.52719;41.85203;-1;1;Autovettura privata;In marcia / fermata / arresto;Conducente;M;Illeso;0;;Non accertato;Inesploso
2672473;11;28/01/2016 08:50;Strada Urbana;VIA DELL'ALMONE;in corrispondenza;;del civico n.;111;;Scontro laterale fra veicoli in marcia;Rettilineo;Una carreggiata a doppio senso;Bagnato (umidità in atto);Asfaltata;Verticale ed orizzontale;Nebbia;Normale;Buona;Ore Diurne;1;0;0;1;12.52719;41.85203;-1;2;Motociclo a solo;In marcia / fermata / arresto;Conducente;M;Rimandato;0;NON DECEDUTO;Non accertato;
2672490;1;28/01/2016 16:35;Strada Urbana;VIALE CARLO FELICE;in prossimità;;del civico n.;35;;Tamponamento;Rettilineo;Una carreggiata a senso unico di marcia;Asciutto;Asfaltata;Verticale ed orizzontale;Sereno;Scarso;Buona;Ore Diurne;0;0;0;2;12.50976;41.88694;-1;1;Autovettura privata;In marcia / fermata / arresto;Conducente;M;Illeso;0;;Non accertato;Inesploso
2672490;1;28/01/2016 16:35;Strada Urbana;VIALE CARLO FELICE;in prossimità;;del civico n.;35;;Tamponamento;Rettilineo;Una carreggiata a senso unico di marcia;Asciutto;Asfaltata;Verticale ed orizzontale;Sereno;Scarso;Buona;Ore Diurne;0;0;0;2;12.50976;41.88694;-1;2;Autocarro inferiore 35 q.;In marcia / fermata / arresto;Conducente;M;Illeso;0;;Non accertato;Inesploso
2672509;1;28/01/2016 10:05;Strada Urbana;VIA MARSALA;da specificare;;;;"all'altezza del ""Autosilo Terminal Park""";Scontro laterale fra veicoli in marcia;Rettilineo;Una carreggiata a senso unico di marcia;Asciutto;In cubetti di porfido;Verticale;Sereno;Intenso;Buona;Ore Diurne;0;0;0;3;12.50178;41.9028;-1;1;Autobus di linea;In marcia / fermata / arresto;Conducente;M;Illeso;0;;Non accertato;
2672509;1;28/01/2016 10:05;Strada Urbana;VIA MARSALA;da specificare;;;;"all'altezza del ""Autosilo Terminal Park""";Scontro laterale fra veicoli in marcia;Rettilineo;Una carreggiata a senso unico di marcia;Asciutto;In cubetti di porfido;Verticale;Sereno;Intenso;Buona;Ore Diurne;0;0;0;3;12.50178;41.9028;-1;2;Autovettura privata;In marcia / fermata / arresto;Conducente;M;Illeso;0;;Non accertato;
2672509;1;28/01/2016 10:05;Strada Urbana;VIA MARSALA;da specificare;;;;"all'altezza del ""Autosilo Terminal Park""";Scontro laterale fra veicoli in marcia;Rettilineo;Una carreggiata a senso unico di marcia;Asciutto;In cubetti di porfido;Verticale;Sereno;Intenso;Buona;Ore Diurne;0;0;0;3;12.50178;41.9028;-1;2;Autovettura privata;In marcia / fermata / arresto;Passeggero;M;Illeso;0;;Non accertato;
2672512;6;28/01/2016 18:40;Strada Urbana;VIA RENZO DA CERI;all'intersezione con;VIA GABRINO FONDULO;VIA GABRINO FONDULO;;;Scontro frontale/laterale SX fra veicoli in marcia;Incrocio;Una carreggiata a senso unico di marcia;Asciutto;Asfaltata;Verticale ed orizzontale;Sereno;Normale;Buona;Sufficiente;1;0;0;1;12.53851;41.88657;-1;1;Autovettura privata;In marcia / fermata / arresto;Conducente;M;Illeso;0;;Non accertato;Inesploso
2672512;6;28/01/2016 18:40;Strada Urbana;VIA RENZO DA CERI;all'intersezione con;VIA GABRINO FONDULO;VIA GABRINO FONDULO;;;Scontro frontale/laterale SX fra veicoli in marcia;Incrocio;Una carreggiata a senso unico di marcia;Asciutto;Asfaltata;Verticale ed orizzontale;Sereno;Normale;Buona;Sufficiente;1;0;0;1;12.53851;41.88657;-1;2;Autovettura privata;In marcia / fermata / arresto;Conducente;F;Rifiuta cure immediate;0;NON DECEDUTO;Non accertato;Inesistente
2672522;15;28/01/2016 09:05;Strada Urbana;VIA PORTUENSE;in corrispondenza;;del civico n.;761/B;;Scontro laterale fra veicoli in marcia;Rettilineo;Una carreggiata a doppio senso;Asciutto;Asfaltata;Verticale ed orizzontale;Nebbia;Normale;Buona;Ore Diurne;0;0;0;3;12.42433;41.85052;-1;1;Autovettura privata;In marcia / fermata / arresto;Conducente;M;Illeso;0;;;
2672522;15;28/01/2016 09:05;Strada Urbana;VIA PORTUENSE;in corrispondenza;;del civico n.;761/B;;Scontro laterale fra veicoli in marcia;Rettilineo;Una carreggiata a doppio senso;Asciutto;Asfaltata;Verticale ed orizzontale;Nebbia;Normale;Buona;Ore Diurne;0;0;0;3;12.42433;41.85052;-1;1;Autovettura privata;In marcia / fermata / arresto;Passeggero;M;Illeso;0;;;
2672522;15;28/01/2016 09:05;Strada Urbana;VIA PORTUENSE;in corrispondenza;;del civico n.;761/B;;Scontro laterale fra veicoli in marcia;Rettilineo;Una carreggiata a doppio senso;Asciutto;Asfaltata;Verticale ed orizzontale;Nebbia;Normale;Buona;Ore Diurne;0;0;0;3;12.42433;41.85052;-1;2;Autovettura privata;In marcia / fermata / arresto;Conducente;F;Illeso;0;;;
2672529;15;28/01/2016 10:20;Strada Urbana;VIA QUIRINO MAJORANA;in prossimità;;del civico n.;39;;Veicolo in marcia contro ostacolo accidentale;Rettilineo;Una carreggiata a doppio senso;Asciutto;Asfaltata;Orizzontale;Nuvoloso;Intenso;Buona;Ore Diurne;2;0;0;0;12.46427;41.86586;-1;1;Motociclo con passeggero;In marcia / fermata / arresto;Conducente;M;Ricoverato;0;NON DECEDUTO;Utilizzato;
2672529;15;28/01/2016 10:20;Strada Urbana;VIA QUIRINO MAJORANA;in prossimità;;del civico n.;39;;Veicolo in marcia contro ostacolo accidentale;Rettilineo;Una carreggiata a doppio senso;Asciutto;Asfaltata;Orizzontale;Nuvoloso;Intenso;Buona;Ore Diurne;2;0;0;0;12.46427;41.86586;-1;1;Motociclo con passeggero;In marcia / fermata / arresto;Passeggero;M;Rimandato;0;NON DECEDUTO;Utilizzato;
2672540;15;28/01/2016 10:30;Strada Urbana;VIA QUIRINO MAJORANA;in corrispondenza;;del civico n.;31;;Veicolo in marcia contro ostacolo accidentale;Rettilineo;Più di due carreggiate;Asciutto;Asfaltata;Orizzontale;Sereno;Intenso;Buona;Ore Diurne;1;0;0;2;12.46445;41.86572;-1;1;Autovettura privata;In marcia / fermata / arresto;Conducente;F;Illeso;0;;Utilizzato;
2672540;15;28/01/2016 10:30;Strada Urbana;VIA QUIRINO MAJORANA;in corrispondenza;;del civico n.;31;;Veicolo in marcia contro ostacolo accidentale;Rettilineo;Più di due carreggiate;Asciutto;Asfaltata;Orizzontale;Sereno;Intenso;Buona;Ore Diurne;1;0;0;2;12.46445;41.86572;-1;1;Autovettura privata;In marcia / fermata / arresto;Passeggero;F;Illeso;0;;Utilizzato;
2672540;15;28/01/2016 10:30;Strada Urbana;VIA QUIRINO MAJORANA;in corrispondenza;;del civico n.;31;;Veicolo in marcia contro ostacolo accidentale;Rettilineo;Più di due carreggiate;Asciutto;Asfaltata;Orizzontale;Sereno;Intenso;Buona;Ore Diurne;1;0;0;2;12.46445;41.86572;-1;2;Motociclo a solo;In marcia / fermata / arresto;Conducente;M;Rimandato;0;NON DECEDUTO;Utilizzato;
2672564;9;27/01/2016 21:00;Strada Urbana;Tangenziale Est;da specificare;;;;prossimità SVINCOLO PRENESTINA direz. SAN GIOVANNI;Veicolo in marcia contro ostacolo accidentale;Rettilineo;Una carreggiata a doppio senso;Asciutto;Asfaltata;Verticale ed orizzontale;Sereno;Intenso;Buona;Ore Diurne;0;0;0;2;12.52051;41.89192;-1;1;Autovettura privata;In marcia / fermata / arresto;Conducente;M;Illeso;0;;Non accertato;Inesploso
2672564;9;27/01/2016 21:00;Strada Urbana;Tangenziale Est;da specificare;;;;prossimità SVINCOLO PRENESTINA direz. SAN GIOVANNI;Veicolo in marcia contro ostacolo accidentale;Rettilineo;Una carreggiata a doppio senso;Asciutto;Asfaltata;Verticale ed orizzontale;Sereno;Intenso;Buona;Ore Diurne;0;0;0;2;12.52051;41.89192;-1;1;Autovettura privata;In marcia / fermata / arresto;Passeggero;F;Illeso;0;;Non accertato;Inesploso
2672567;15;28/01/2016 10:45;Strada Urbana;VIA DELLA MAGLIANA;all'intersezione con;VIA DI GENEROSA;VIA DI GENEROSA;;;Scontro frontale/laterale SX fra veicoli in marcia;Intersezione stradale segnalata;Una carreggiata a doppio senso;Asciutto;Asfaltata;Verticale ed orizzontale;Sereno;Normale;Buona;Ore Diurne;0;0;0;2;12.42401;41.83394;-1;1;Autovettura privata;In marcia / fermata / arresto;Conducente;F;Illeso;0;;;
2672567;15;28/01/2016 10:45;Strada Urbana;VIA DELLA MAGLIANA;all'intersezione con;VIA DI GENEROSA;VIA DI GENEROSA;;;Scontro frontale/laterale SX fra veicoli in marcia;Intersezione stradale segnalata;Una carreggiata a doppio senso;Asciutto;Asfaltata;Verticale ed orizzontale;Sereno;Normale;Buona;Ore Diurne;0;0;0;2;12.42401;41.83394;-1;2;Motociclo a solo;In marcia / fermata / arresto;Conducente;M;Illeso;0;;;
2672580;15;28/01/2016 12:30;Strada Urbana;VIA LEONARDO GREPPI;da specificare;;;;fronte civico 8;Veicolo in marcia contro ostacolo accidentale;Rettilineo;Una carreggiata a doppio senso;Asciutto;Asfaltata;Orizzontale;Sereno;Scarso;Buona;Ore Diurne;0;0;0;2;12.45887;41.8628;-1;1;Autocarro inferiore 35 q.;Sosta;Passeggero;M;Illeso;0;;Utilizzato;Inesploso
2672580;15;28/01/2016 12:30;Strada Urbana;VIA LEONARDO GREPPI;da specificare;;;;fronte civico 8;Veicolo in marcia contro ostacolo accidentale;Rettilineo;Una carreggiata a doppio senso;Asciutto;Asfaltata;Orizzontale;Sereno;Scarso;Buona;Ore Diurne;0;0;0;2;12.45887;41.8628;-1;2;Autovettura privata;In marcia / fermata / arresto;Conducente;M;Illeso;0;;Utilizzato;Inesploso
2672593;15;28/01/2016 15:10;Strada Urbana;VIA DELLA MAGLIANA;all'intersezione con;VIA DEL FOSSO DELLA MAGLIANA;VIA DEL FOSSO DELLA MAGLIANA;;;Scontro laterale fra veicoli in marcia;Incrocio;Una carreggiata a doppio senso;Asciutto;Asfaltata;Orizzontale;Nuvoloso;Normale;Buona;Ore Diurne;0;0;0;2;12.41511;41.83627;-1;1;Autovettura pubblica;In marcia / fermata / arresto;Conducente;M;Illeso;0;;;
2672593;15;28/01/2016 15:10;Strada Urbana;VIA DELLA MAGLIANA;all'intersezione con;VIA DEL FOSSO DELLA MAGLIANA;VIA DEL FOSSO DELLA MAGLIANA;;;Scontro laterale fra veicoli in marcia;Incrocio;Una carreggiata a doppio senso;Asciutto;Asfaltata;Orizzontale;Nuvoloso;Normale;Buona;Ore Diurne;0;0;0;2;12.41511;41.83627;-1;2;Autovettura privata;In marcia / fermata / arresto;Conducente;M;Illeso;0;;;
2672623;15;28/01/2016 15:45;Strada Urbana;VIALE GUGLIELMO MARCONI;in corrispondenza;;del civico n.;283;;Tamponamento;Rettilineo;Due carreggiate;Asciutto;Asfaltata;Verticale;Sereno;Normale;Buona;Ore Diurne;0;0;0;3;12.46987;41.86255;-1;1;Autovettura privata;In marcia / fermata / arresto;Conducente;F;Illeso;0;;;
2672623;15;28/01/2016 15:45;Strada Urbana;VIALE GUGLIELMO MARCONI;in corrispondenza;;del civico n.;283;;Tamponamento;Rettilineo;Due carreggiate;Asciutto;Asfaltata;Verticale;Sereno;Normale;Buona;Ore Diurne;0;0;0;3;12.46987;41.86255;-1;2;Autovettura privata;In marcia / fermata / arresto;Conducente;F;Illeso;0;;;
2672623;15;28/01/2016 15:45;Strada Urbana;VIALE GUGLIELMO MARCONI;in corrispondenza;;del civico n.;283;;Tamponamento;Rettilineo;Due carreggiate;Asciutto;Asfaltata;Verticale;Sereno;Normale;Buona;Ore Diurne;0;0;0;3;12.46987;41.86255;-1;2;Autovettura privata;In marcia / fermata / arresto;Passeggero;F;Illeso;0;;;
2672625;15;28/01/2016 19:45;Strada Urbana;VIA PORTUENSE;da specificare;;;;fronte civico 301/b;Scontro laterale fra veicoli in marcia;Rettilineo;Due carreggiate;Asciutto;Asfaltata;Orizzontale;Nuvoloso;Normale;Buona;Sufficiente;0;0;0;2;12.40939;41.84342;-1;1;Autovettura privata;In marcia / fermata / arresto;Conducente;M;Illeso;0;;;
2672625;15;28/01/2016 19:45;Strada Urbana;VIA PORTUENSE;da specificare;;;;fronte civico 301/b;Scontro laterale fra veicoli in marcia;Rettilineo;Due carreggiate;Asciutto;Asfaltata;Orizzontale;Nuvoloso;Normale;Buona;Sufficiente;0;0;0;2;12.40939;41.84342;-1;2;Motociclo a solo;In marcia / fermata / arresto;Conducente;M;Illeso;0;;;