Protocollo;Gruppo;DataOraIncidente;Localizzazione1;STRADA1;Localizzazione2;STRADA2;Strada02;Chilometrica;DaSpecificare;NaturaIncidente;particolaritastrade;TipoStrada;FondoStradale;Pavimentazione;Segnaletica;CondizioneAtmosferica;Traffico;Visibilita;Illuminazione;NUM_FERITI;NUM_RISERVATA;NUM_MORTI;NUM_ILLESI;Longitudine;Latitudine;Confermato;Progressivo;TipoVeicolo;StatoVeicolo;TipoPersona;Sesso;Tipolesione;Deceduto;DecedutoDopo;CinturaCascoUtilizzato;Airbag
2672628;15;28/01/2016 19:45;Strada Urbana;VIA ODERISI DA GUBBIO;all'intersezione con;VIA DI VIGNA CORSETTI;VIA DI VIGNA CORSETTI;;;Investimento di pedone;Intersezione stradale segnalata;Una carreggiata a doppio senso;Asciutto;Asfaltata;Verticale;Sereno;Normale;Sufficiente;Sufficiente;1;0;0;1;12.46548;41.86595;-1;;;;Pedone;M;Rimandato;0;NON DECEDUTO;;
2672628;15;28/01/2016 19:45;Strada Urbana;VIA ODERISI DA GUBBIO;all'intersezione con;VIA DI VIGNA CORSETTI;VIA DI VIGNA CORSETTI;;;Investimento di pedone;Intersezione stradale segnalata;Una carreggiata a doppio senso;Asciutto;Asfaltata;Verticale;Sereno;Normale;Sufficiente;Sufficiente;1;0;0;1;12.46548;41.86595;-1;1;Autovettura privata;In marcia / fermata / arresto;Conducente;M;Illeso;0;;Utilizzato;Inesploso
2672764;10;28/01/2016 08:00;Strada Urbana;VIA SESTIO CALVINO;in prossimità;;del civico n.;201;;Scontro frontale/laterale DX fra veicoli in marcia;Rettilineo;Una carreggiata a senso unico di marcia;Asciutto;Asfaltata;Verticale ed orizzontale;Sereno;Scarso;Buona;Ore Diurne;0;0;0;2;12.56137;41.85057;-1;1;Autovettura privata;In marcia / fermata / arresto;Conducente;M;Illeso;0;;Utilizzato;Inesploso
2672764;10;28/01/2016 08:00;Strada Urbana;VIA SESTIO CALVINO;in prossimità;;del civico n.;201;;Scontro frontale/laterale DX fra veicoli in marcia;Rettilineo;Una carreggiata a senso unico di marcia;Asciutto;Asfaltata;Verticale ed orizzontale;Sereno;Scarso;Buona;Ore Diurne;0;0;0;2;12.56137;41.85057;-1;2;Autovettura privata;In marcia / fermata / arresto;Conducente;M;Illeso;0;;Non accertato;Inesploso
2672775;10;28/01/2016 18:20;Strada Urbana;VIA TUSCOLANA;da specificare;;;;direzione GRA 100 mt.prima di Via delle Capannell;Tamponamento;Rettilineo;Una carreggiata a senso unico di marcia;Asciutto;Asfaltata;Assente;Grandine in atto;Intenso;Buona;Ore Diurne;0;0;0;3;12.57887;41.84638;-1;1;Autovettura privata;In marcia / fermata / arresto;Conducente;M;Illeso;0;;Non accertato;Inesploso
2672775;10;28/01/2016 18:20;Strada Urbana;VIA TUSCOLANA;da specificare;;;;direzione GRA 100 mt.prima di Via delle Capannell;Tamponamento;Rettilineo;Una carreggiata a senso unico di marcia;Asciutto;Asfaltata;Assente;Grandine in atto;Intenso;Buona;Ore Diurne;0;0;0;3;12.57887;41.84638;-1;1;Autovettura privata;In marcia / fermata / arresto;Passeggero;F;Illeso;0;;Non accertato;Inesploso
2672775;10;28/01/2016 18:20;Strada Urbana;VIA TUSCOLANA;da specificare;;;;direzione GRA 100 mt.prima di Via delle Capannell;Tamponamento;Rettilineo;Una carreggiata a senso unico di marcia;Asciutto;Asfaltata;Assente;Grandine in atto;Intenso;Buona;Ore Diurne;0;0;0;3;12.57887;41.84638;-1;2;Autovettura privata;In marcia / fermata / arresto;Conducente;F;Illeso;0;;Non accertato;Inesploso
2672781;5;28/01/2016 23:00;Strada Urbana;LARGO ANTONIO BELTRAMELLI;all'intersezione con;VIA EUGENIO TORELLI VIOLLIER;VIA EUGENIO TORELLI VIOLLIER;;;Scontro laterale fra veicoli in marcia;Incrocio;Due carreggiate;Asciutto;Asfaltata;Verticale ed orizzontale;Sereno;Scarso;Sufficiente;Sufficiente;2;0;0;0;12.53786;41.9105;-1;1;Autovettura privata;In marcia / fermata / arresto;Conducente;M;Rimandato;0;NON DECEDUTO;Non accertato;Inesistente
2672781;5;28/01/2016 23:00;Strada Urbana;LARGO ANTONIO BELTRAMELLI;all'intersezione con;VIA EUGENIO TORELLI VIOLLIER;VIA EUGENIO TORELLI VIOLLIER;;;Scontro laterale fra veicoli in marcia;Incrocio;Due carreggiate;Asciutto;Asfaltata;Verticale ed orizzontale;Sereno;Scarso;Sufficiente;Sufficiente;2;0;0;0;12.53786;41.9105;-1;2;Autovettura privata;In marcia / fermata / arresto;Conducente;M;Rimandato;0;NON DECEDUTO;Non accertato;Inesistente
2672783;11;28/01/2016 21:30;Strada Urbana;VIALE GUGLIELMO MARCONI;all'intersezione semaforizzata con;PIAZZALE TOMMASO EDISON;PIAZZALE TOMMASO EDISON;;;Scontro frontale/laterale DX fra veicoli in marcia;Intersezione semaforizzata;Due carreggiate;Asciutto;Asfaltata;Verticale ed orizzontale;Nuvoloso;Scarso;Sufficiente;Sufficiente;0;0;0;3;12.47093;41.85859;-1;1;Autovettura privata;In marcia / fermata / arresto;Conducente;F;Illeso;0;;Non accertato;Inesploso
2672783;11;28/01/2016 21:30;Strada Urbana;VIALE GUGLIELMO MARCONI;all'intersezione semaforizzata con;PIAZZALE TOMMASO EDISON;PIAZZALE TOMMASO EDISON;;;Scontro frontale/laterale DX fra veicoli in marcia;Intersezione semaforizzata;Due carreggiate;Asciutto;Asfaltata;Verticale ed orizzontale;Nuvoloso;Scarso;Sufficiente;Sufficiente;0;0;0;3;12.47093;41.85859;-1;1;Autovettura privata;In marcia / fermata / arresto;Passeggero;F;Illeso;0;;Non accertato;Inesploso
2672783;11;28/01/2016 21:30;Strada Urbana;VIALE GUGLIELMO MARCONI;all'intersezione semaforizzata con;PIAZZALE TOMMASO EDISON;PIAZZALE TOMMASO EDISON;;;Scontro frontale/laterale DX fra veicoli in marcia;Intersezione semaforizzata;Due carreggiate;Asciutto;Asfaltata;Verticale ed orizzontale;Nuvoloso;Scarso;Sufficiente;Sufficiente;0;0;0;3;12.47093;41.85859;-1;2;Autovettura privata;In marcia / fermata / arresto;Conducente;M;Illeso;0;;Utilizzato;Inesploso
2672791;9;28/01/2016 19:10;Strada Urbana;VIA TOMMASO FORTIFIOCCA;da specificare;;;;fronte civico 68;Investimento di pedone;Rettilineo;Una carreggiata a doppio senso;Asciutto;Asfaltata;Verticale ed orizzontale;Sereno;Intenso;Buona;Sufficiente;1;0;0;1;12.52233;41.8711;-1;;;;Pedone;M;Rimandato;0;NON DECEDUTO;;
2672791;9;28/01/2016 19:10;Strada Urbana;VIA TOMMASO FORTIFIOCCA;da specificare;;;;fronte civico 68;Investimento di pedone;Rettilineo;Una carreggiata a doppio senso;Asciutto;Asfaltata;Verticale ed orizzontale;Sereno;Intenso;Buona;Sufficiente;1;0;0;1;12.52233;41.8711;-1;1;Autovettura privata;In marcia / fermata / arresto;Conducente;M;Illeso;0;;Non accertato;Inesploso
2672794;11;28/01/2016 15:00;Strada Urbana;VIA DI GROTTA PERFETTA;in prossimità;;del palo luce n.;100;;Tamponamento;Curva a visuale libera;Una carreggiata a doppio senso;Asciutto;Asfaltata;Orizzontale;Sereno;Normale;Buona;Ore Diurne;1;0;0;4;12.50158;41.84057;-1;1;Autovettura privata;In marcia / fermata / arresto;Conducente;M;Illeso;0;;Non accertato;
2672794;11;28/01/2016 15:00;Strada Urbana;VIA DI GROTTA PERFETTA;in prossimità;;del palo luce n.;100;;Tamponamento;Curva a visuale libera;Una carreggiata a doppio senso;Asciutto;Asfaltata;Orizzontale;Sereno;Normale;Buona;Ore Diurne;1;0;0;4;12.50158;41.84057;-1;1;Autovettura privata;In marcia / fermata / arresto;Passeggero;F;Illeso;0;;Non accertato;
2672794;11;28/01/2016 15:00;Strada Urbana;VIA DI GROTTA PERFETTA;in prossimità;;del palo luce n.;100;;Tamponamento;Curva a visuale libera;Una carreggiata a doppio senso;Asciutto;Asfaltata;Orizzontale;Sereno;Normale;Buona;Ore Diurne;1;0;0;4;12.50158;41.84057;-1;1;Autovettura privata;In marcia / fermata / arresto;Passeggero;F;Illeso;0;;Non accertato;Inesploso
2672794;11;28/01/2016 15:00;Strada Urbana;VIA DI GROTTA PERFETTA;in prossimità;;del palo luce n.;100;;Tamponamento;Curva a visuale libera;Una carreggiata a doppio senso;Asciutto;Asfaltata;Orizzontale;Sereno;Normale;Buona;Ore Diurne;1;0;0;4;12.50158;41.84057;-1;1;Autovettura privata;In marcia / fermata / arresto;Passeggero;M;Illeso;0;;Non accertato;
2672794;11;28/01/2016 15:00;Strada Urbana;VIA DI GROTTA PERFETTA;in prossimità;;del palo luce n.;100;;Tamponamento;Curva a visuale libera;Una carreggiata a doppio senso;Asciutto;Asfaltata;Orizzontale;Sereno;Normale;Buona;Ore Diurne;1;0;0;4;12.50158;41.84057;-1;2;Autovettura privata;In marcia / fermata / arresto;Conducente;F;Rifiuta cure immediate;0;NON DECEDUTO;Non accertato;
2672818;11;28/01/2016 17:00;Strada Urbana;PIAZZA BARTOLOMEO ROMANO;all'intersezione con;VIA ENRICO CRAVERO;VIA ENRICO CRAVERO;;;Scontro frontale/laterale SX fra veicoli in marcia;Incrocio;Più di due carreggiate;Asciutto;Asfaltata;Verticale ed orizzontale;Nuvoloso;Normale;Buona;Ore Diurne;1;0;0;2;12.48521;41.86289;-1;1;Autovettura privata;In marcia / fermata / arresto;Conducente;F;Illeso;0;;;
2672818;11;28/01/2016 17:00;Strada Urbana;PIAZZA BARTOLOMEO ROMANO;all'intersezione con;VIA ENRICO CRAVERO;VIA ENRICO CRAVERO;;;Scontro frontale/laterale SX fra veicoli in marcia;Incrocio;Più di due carreggiate;Asciutto;Asfaltata;Verticale ed orizzontale;Nuvoloso;Normale;Buona;Ore Diurne;1;0;0;2;12.48521;41.86289;-1;1;Autovettura privata;In marcia / fermata / arresto;Passeggero;M;Illeso;0;;;
2672818;11;28/01/2016 17:00;Strada Urbana;PIAZZA BARTOLOMEO ROMANO;all'intersezione con;VIA ENRICO CRAVERO;VIA ENRICO CRAVERO;;;Scontro frontale/laterale SX fra veicoli in marcia;Incrocio;Più di due carreggiate;Asciutto;Asfaltata;Verticale ed orizzontale;Nuvoloso;Normale;Buona;Ore Diurne;1;0;0;2;12.48521;41.86289;-1;2;Autovettura privata;In marcia / fermata / arresto;Conducente;M;Rimandato;0;NON DECEDUTO;;
2672840;8;28/01/2016 19:00;Strada Urbana;VIA DI GIARDINETTI;all'intersezione con;VIA TOMMASO PIROLI;VIA TOMMASO PIROLI;;;Scontro frontale/laterale DX fra veicoli in marcia;Incrocio;Una carreggiata a doppio senso;Asciutto;Asfaltata;Verticale;Sereno;Normale;Buona;Sufficiente;1;0;0;1;12.60304;41.85986;-1;1;Motociclo a solo;In marcia / fermata / arresto;Conducente;M;Rimandato;0;NON DECEDUTO;Non accertato;
2672840;8;28/01/2016 19:00;Strada Urbana;VIA DI GIARDINETTI;all'intersezione con;VIA TOMMASO PIROLI;VIA TOMMASO PIROLI;;;Scontro frontale/laterale DX fra veicoli in marcia;Incrocio;Una carreggiata a doppio senso;Asciutto;Asfaltata;Verticale;Sereno;Normale;Buona;Sufficiente;1;0;0;1;12.60304;41.85986;-1;2;Autovettura privata;In marcia / fermata / arresto;Conducente;M;Illeso;0;;Non accertato;Inesploso
2672841;8;28/01/2016 21:50;Strada Urbana;VIA DEL FRINGUELLO;all'intersezione con;VIA DELLE ALLODOLE;VIA DELLE ALLODOLE;;;Scontro frontale/laterale DX fra veicoli in marcia;Incrocio;Una carreggiata a senso unico di marcia;Asciutto;Asfaltata;Verticale ed orizzontale;Sereno;Scarso;Buona;Sufficiente;5;0;0;1;12.59637;41.86885;-1;1;Autovettura privata;In marcia / fermata / arresto;Conducente;M;Illeso;0;;Non accertato;Inesploso
2672841;8;28/01/2016 21:50;Strada Urbana;VIA DEL FRINGUELLO;all'intersezione con;VIA DELLE ALLODOLE;VIA DELLE ALLODOLE;;;Scontro frontale/laterale DX fra veicoli in marcia;Incrocio;Una carreggiata a senso unico di marcia;Asciutto;Asfaltata;Verticale ed orizzontale;Sereno;Scarso;Buona;Sufficiente;5;0;0;1;12.59637;41.86885;-1;1;Autovettura privata;In marcia / fermata / arresto;Passeggero;F;Rimandato;0;NON DECEDUTO;Non accertato;Inesploso
2672841;8;28/01/2016 21:50;Strada Urbana;VIA DEL FRINGUELLO;all'intersezione con;VIA DELLE ALLODOLE;VIA DELLE ALLODOLE;;;Scontro frontale/laterale DX fra veicoli in marcia;Incrocio;Una carreggiata a senso unico di marcia;Asciutto;Asfaltata;Verticale ed orizzontale;Sereno;Scarso;Buona;Sufficiente;5;0;0;1;12.59637;41.86885;-1;2;Autovettura privata;In marcia / fermata / arresto;Conducente;M;Rifiuta cure immediate;0;NON DECEDUTO;Non accertato;Inesploso
2672841;8;28/01/2016 21:50;Strada Urbana;VIA DEL FRINGUELLO;all'intersezione con;VIA DELLE ALLODOLE;VIA DELLE ALLODOLE;;;Scontro frontale/laterale DX fra veicoli in marcia;Incrocio;Una carreggiata a senso unico di marcia;Asciutto;Asfaltata;Verticale ed orizzontale;Sereno;Scarso;Buona;Sufficiente;5;0;0;1;12.59637;41.86885;-1;2;Autovettura privata;In marcia / fermata / arresto;Passeggero;M;Rimandato;0;NON DECEDUTO;Non accertato;Inesploso
2672841;8;28/01/2016 21:50;Strada Urbana;VIA DEL FRINGUELLO;all'intersezione con;VIA DELLE ALLODOLE;VIA DELLE ALLODOLE;;;Scontro frontale/laterale DX fra veicoli in marcia;Incrocio;Una carreggiata a senso unico di marcia;Asciutto;Asfaltata;Verticale ed orizzontale;Sereno;Scarso;Buona;Sufficiente;5;0;0;1;12.59637;41.86885;-1;2;Autovettura privata;In marcia / fermata / arresto;Passeggero;M;Rimandato;0;NON DECEDUTO;Non accertato;Inesploso
2672844;11;28/01/2016 16:45;Strada Urbana;VIA CRISTOFORO COLOMBO;da specificare;;;;prossimità Via Severo;Tamponamento;Rettilineo;Più di due carreggiate;Asciutto;Asfaltata;Verticale ed orizzontale;Nuvoloso;Normale;Sufficiente;Sufficiente;1;0;0;3;12.44704;41.80373;-1;1;Autovettura privata;In marcia / fermata / arresto;Passeggero;F;Illeso;0;;Non accertato;
2672844;11;28/01/2016 16:45;Strada Urbana;VIA CRISTOFORO COLOMBO;da specificare;;;;prossimità Via Severo;Tamponamento;Rettilineo;Più di due carreggiate;Asciutto;Asfaltata;Verticale ed orizzontale;Nuvoloso;Normale;Sufficiente;Sufficiente;1;0;0;3;12.44704;41.80373;-1;1;Autovettura privata;In marcia / fermata / arresto;Conducente;F;Illeso;0;;Non accertato;Inesploso
2672844;11;28/01/2016 16:45;Strada Urbana;VIA CRISTOFORO COLOMBO;da specificare;;;;prossimità Via Severo;Tamponamento;Rettilineo;Più di due carreggiate;Asciutto;Asfaltata;Verticale ed orizzontale;Nuvoloso;Normale;Sufficiente;Sufficiente;1;0;0;3;12.44704;41.80373;-1;1;Autovettura privata;In marcia / fermata / arresto;Passeggero;F;Illeso;0;;Non accertato;
2672844;11;28/01/2016 16:45;Strada Urbana;VIA CRISTOFORO COLOMBO;da specificare;;;;prossimità Via Severo;Tamponamento;Rettilineo;Più di due carreggiate;Asciutto;Asfaltata;Verticale ed orizzontale;Nuvoloso;Normale;Sufficiente;Sufficiente;1;0;0;3;12.44704;41.80373;-1;2;Autovettura privata;In marcia / fermata / arresto;Conducente;M;Rifiuta cure immediate;0;NON DECEDUTO;Non accertato;
2672845;8;28/01/2016 08:15;Strada Urbana;VIA AVOLA;all'intersezione con;VIA MONTAGNAREALE;VIA MONTAGNAREALE;;;Scontro frontale/laterale DX fra veicoli in marcia;Intersezione stradale segnalata;Una carreggiata a doppio senso;Asciutto;Asfaltata;Verticale ed orizzontale;Nuvoloso;Intenso;Buona;Ore Diurne;0;0;0;4;12.65825;41.88878;-1;1;Autovettura privata;In marcia / fermata / arresto;Conducente;F;Illeso;0;;Non accertato;Inesploso
2672845;8;28/01/2016 08:15;Strada Urbana;VIA AVOLA;all'intersezione con;VIA MONTAGNAREALE;VIA MONTAGNAREALE;;;Scontro frontale/laterale DX fra veicoli in marcia;Intersezione stradale segnalata;Una carreggiata a doppio senso;Asciutto;Asfaltata;Verticale ed orizzontale;Nuvoloso;Intenso;Buona;Ore Diurne;0;0;0;4;12.65825;41.88878;-1;1;Autovettura privata;In marcia / fermata / arresto;Passeggero;M;Illeso;0;;Non accertato;Inesploso
2672845;8;28/01/2016 08:15;Strada Urbana;VIA AVOLA;all'intersezione con;VIA MONTAGNAREALE;VIA MONTAGNAREALE;;;Scontro frontale/laterale DX fra veicoli in marcia;Intersezione stradale segnalata;Una carreggiata a doppio senso;Asciutto;Asfaltata;Verticale ed orizzontale;Nuvoloso;Intenso;Buona;Ore Diurne;0;0;0;4;12.65825;41.88878;-1;2;Autovettura privata;In marcia / fermata / arresto;Conducente;M;Illeso;0;;Non accertato;Inesploso
2672845;8;28/01/2016 08:15;Strada Urbana;VIA AVOLA;all'intersezione con;VIA MONTAGNAREALE;VIA MONTAGNAREALE;;;Scontro frontale/laterale DX fra veicoli in marcia;Intersezione stradale segnalata;Una carreggiata a doppio senso;Asciutto;Asfaltata;Verticale ed orizzontale;Nuvoloso;Intenso;Buona;Ore Diurne;0;0;0;4;12.65825;41.88878;-1;2;Autovettura privata;In marcia / fermata / arresto;Passeggero;M;Illeso;0;;Non accertato;Inesploso
2672848;8;28/01/2016 09:30;Strada Urbana;VIA DELLA RISERVA NUOVA;in prossimità;;del civico n.;32;;Scontro frontale/laterale DX fra veicoli in marcia;Rettilineo;Una carreggiata a doppio senso;Asciutto;Asfaltata;Orizzontale;Sereno;Normale;Buona;Ore Diurne;0;0;0;4;12.67992;41.8917;-1;1;Autovettura privata;In marcia / fermata / arresto;Conducente;F;Illeso;0;;Non accertato;Inesploso
2672848;8;28/01/2016 09:30;Strada Urbana;VIA DELLA RISERVA NUOVA;in prossimità;;del civico n.;32;;Scontro frontale/laterale DX fra veicoli in marcia;Rettilineo;Una carreggiata a doppio senso;Asciutto;Asfaltata;Orizzontale;Sereno;Normale;Buona;Ore Diurne;0;0;0;4;12.67992;41.8917;-1;1;Autovettura privata;In marcia / fermata / arresto;Passeggero;F;Illeso;0;;Non accertato;Inesploso
2672848;8;28/01/2016 09:30;Strada Urbana;VIA DELLA RISERVA NUOVA;in prossimità;;del civico n.;32;;Scontro frontale/laterale DX fra veicoli in marcia;Rettilineo;Una carreggiata a doppio senso;Asciutto;Asfaltata;Orizzontale;Sereno;Normale;Buona;Ore Diurne;0;0;0;4;12.67992;41.8917;-1;2;Autovettura privata;In marcia / fermata / arresto;Conducente;F;Illeso;0;;Non accertato;Inesploso
2672848;8;28/01/2016 09:30;Strada Urbana;VIA DELLA RISERVA NUOVA;in prossimità;;del civico n.;32;;Scontro frontale/laterale DX fra veicoli in marcia;Rettilineo;Una carreggiata a doppio senso;Asciutto;Asfaltata;Orizzontale;Sereno;Normale;Buona;Ore Diurne;0;0;0;4;12.67992;41.8917;-1;2;Autovettura privata;In marcia / fermata / arresto;Passeggero;M;Illeso;0;;Non accertato;Inesistente
2672849;8;28/01/2016 16:50;Strada Urbana;VIALE DI TORRE MAURA;in prossimità;;del palo luce n.;20;;Veicolo in marcia contro ostacolo accidentale;Curva senza visuale libera;Due carreggiate;Asciutto;Con buche;Verticale ed orizzontale;Nuvoloso;Normale;Sufficiente;Ore Diurne;0;0;0;2;12.59217;41.86022;-1;1;Autovettura privata;In marcia / fermata / arresto;Conducente;F;Illeso;0;;Non accertato;Inesploso
2672849;8;28/01/2016 16:50;Strada Urbana;VIALE DI TORRE MAURA;in prossimità;;del palo luce n.;20;;Veicolo in marcia contro ostacolo accidentale;Curva senza visuale libera;Due carreggiate;Asciutto;Con buche;Verticale ed orizzontale;Nuvoloso;Normale;Sufficiente;Ore Diurne;0;0;0;2;12.59217;41.86022;-1;1;Autovettura privata;In marcia / fermata / arresto;Passeggero;M;Illeso;0;;Non accertato;Inesploso
2672852;8;28/01/2016 12:30;Strada Urbana;VIA ACQUAVIVA D'ISERNIA;in prossimità;;del palo luce n.;10;;Veicolo in marcia contro ostacolo accidentale;Rettilineo;Una carreggiata a doppio senso;Asciutto;Asfaltata;Assente;Sereno;Normale;Sufficiente;Ore Diurne;0;0;0;1;12.6688;41.92;-1;1;Autovettura privata;In marcia / fermata / arresto;Conducente;F;Illeso;0;;Non accertato;Inesploso
2672856;8;28/01/2016 15:30;Strada Urbana;VIALE DI TORRE MAURA;in prossimità;;del palo luce n.;20;;Veicolo in marcia contro ostacolo accidentale;Curva senza visuale libera;Due carreggiate;Asciutto;Con buche;Verticale ed orizzontale;Nuvoloso;Normale;Sufficiente;Ore Diurne;0;0;0;1;12.59217;41.86022;-1;1;Autovettura privata;In marcia / fermata / arresto;Conducente;M;Illeso;0;;Non accertato;Inesploso
2672861;8;28/01/2016 14:40;Provinciale entro l'abitato;VIA PRENESTINA;all'intersezione con;VIA OLLOLAI;VIA OLLOLAI;;;Veicolo in marcia contro ostacolo accidentale;Incrocio;Una carreggiata a doppio senso;Asciutto;Asfaltata;Orizzontale;Sereno;Normale;Buona;Ore Diurne;0;0;0;1;12.67909;41.89048;-1;1;Motociclo a solo;In marcia / fermata / arresto;Conducente;M;Illeso;0;;Non accertato;
2672878;20;28/01/2016 15:30;Strada Urbana;VIA CONCESIO;in corrispondenza;;del civico n.;13;;Scontro frontale/laterale SX fra veicoli in marcia;Rettilineo;Una carreggiata a doppio senso;Asciutto;Asfaltata;Orizzontale;Nebbia;Normale;Buona;Ore Diurne;0;1;0;1;12.48572;42.00297;-1;1;Motociclo a solo;In marcia / fermata / arresto;Conducente;M;Prognosi riservata;0;NON DECEDUTO;Non accertato;
2672878;20;28/01/2016 15:30;Strada Urbana;VIA CONCESIO;in corrispondenza;;del civico n.;13;;Scontro frontale/laterale SX fra veicoli in marcia;Rettilineo;Una carreggiata a doppio senso;Asciutto;Asfaltata;Orizzontale;Nebbia;Normale;Buona;Ore Diurne;0;1;0;1;12.48572;42.00297;-1;2;Autovettura privata;In marcia / fermata / arresto;Conducente;F;Illeso;0;;Non accertato;
2672895;20;28/01/2016 17:45;Regionale;VIA FLAMINIA;in prossimità;;del civico n.;2194;;Tamponamento Multiplo;Rettilineo;Una carreggiata a doppio senso;Asciutto;Asfaltata;Verticale ed orizzontale;Nuvoloso;Normale;Buona;Inesistente;0;0;0;4;12.48284;42.07356;-1;1;Autovettura privata;In marcia / fermata / arresto;Conducente;M;Illeso;0;;Non accertato;
2672895;20;28/01/2016 17:45;Regionale;VIA FLAMINIA;in prossimità;;del civico n.;2194;;Tamponamento Multiplo;Rettilineo;Una carreggiata a doppio senso;Asciutto;Asfaltata;Verticale ed orizzontale;Nuvoloso;Normale;Buona;Inesistente;0;0;0;4;12.48284;42.07356;-1;1;Autovettura privata;In marcia / fermata / arresto;Passeggero;M;Illeso;0;;;
2672895;20;28/01/2016 17:45;Regionale;VIA FLAMINIA;in prossimità;;del civico n.;2194;;Tamponamento Multiplo;Rettilineo;Una carreggiata a doppio senso;Asciutto;Asfaltata;Verticale ed orizzontale;Nuvoloso;Normale;Buona;Inesistente;0;0;0;4;12.48284;42.07356;-1;2;Autovettura privata;In marcia / fermata / arresto;Conducente;M;Illeso;0;;;
2672895;20;28/01/2016 17:45;Regionale;VIA FLAMINIA;in prossimità;;del civico n.;2194;;Tamponamento Multiplo;Rettilineo;Una carreggiata a doppio senso;Asciutto;Asfaltata;Verticale ed orizzontale;Nuvoloso;Normale;Buona;Inesistente;0;0;0;4;12.48284;42.07356;-1;3;Autovettura privata;In marcia / fermata / arresto;Conducente;M;Illeso;0;;;
2672904;1;28/01/2016 19:50;Strada Urbana;LUNGOTEVERE TESTACCIO;in prossimità;;del civico n.;7;;Scontro laterale fra veicoli in marcia;Rettilineo;Una carreggiata a doppio senso;Asciutto;Asfaltata;Verticale ed orizzontale;Sereno;Normale;Buona;Sufficiente;0;0;0;2;12.47514;41.88233;-1;1;Autovettura privata;In marcia / fermata / arresto;Conducente;M;Illeso;0;;Non accertato;
2672904;1;28/01/2016 19:50;Strada Urbana;LUNGOTEVERE TESTACCIO;in prossimità;;del civico n.;7;;Scontro laterale fra veicoli in marcia;Rettilineo;Una carreggiata a doppio senso;Asciutto;Asfaltata;Verticale ed orizzontale;Sereno;Normale;Buona;Sufficiente;0;0;0;2;12.47514;41.88233;-1;1;Autovettura privata;In marcia / fermata / arresto;Passeggero;F;Illeso;0;;Non accertato;Inesploso
2672912;13;28/01/2016 14:00;Strada Urbana;VIALE DEI ROMAGNOLI;all'intersezione con;VIA DEI MONTI DI S. PAOLO;VIA DEI MONTI DI S. PAOLO;;;Veicolo in marcia contro ostacolo accidentale;Incrocio;Una carreggiata a senso unico di marcia;Asciutto;Asfaltata;Verticale;Nuvoloso;Normale;Buona;Ore Diurne;1;0;0;1;12.32203;41.76901;-1;1;Ciclomotore con passeggero;In marcia / fermata / arresto;Conducente;F;Rimandato;0;NON DECEDUTO;Non accertato;
2672912;13;28/01/2016 14:00;Strada Urbana;VIALE DEI ROMAGNOLI;all'intersezione con;VIA DEI MONTI DI S. PAOLO;VIA DEI MONTI DI S. PAOLO;;;Veicolo in marcia contro ostacolo accidentale;Incrocio;Una carreggiata a senso unico di marcia;Asciutto;Asfaltata;Verticale;Nuvoloso;Normale;Buona;Ore Diurne;1;0;0;1;12.32203;41.76901;-1;1;Ciclomotore con passeggero;In marcia / fermata / arresto;Passeggero;M;Illeso;0;;Non accertato;
2672917;19;28/01/2016 17:25;Strada Urbana;VIA TRIONFALE;in prossimità;;del civico n.;f.c. 8872;;Tamponamento;Rettilineo;Due carreggiate;Asciutto;Asfaltata;Orizzontale;Sereno;Normale;Buona;Ore Diurne;0;0;0;4;12.42227;41.94126;-1;1;Autovettura privata;In marcia / fermata / arresto;Passeggero;F;Illeso;0;;;
2672917;19;28/01/2016 17:25;Strada Urbana;VIA TRIONFALE;in prossimità;;del civico n.;f.c. 8872;;Tamponamento;Rettilineo;Due carreggiate;Asciutto;Asfaltata;Orizzontale;Sereno;Normale;Buona;Ore Diurne;0;0;0;4;12.42227;41.94126;-1;1;Autovettura privata;In marcia / fermata / arresto;Passeggero;F;Illeso;0;;;
2672917;19;28/01/2016 17:25;Strada Urbana;VIA TRIONFALE;in prossimità;;del civico n.;f.c. 8872;;Tamponamento;Rettilineo;Due carreggiate;Asciutto;Asfaltata;Orizzontale;Sereno;Normale;Buona;Ore Diurne;0;0;0;4;12.42227;41.94126;-1;1;Autovettura privata;In marcia / fermata / arresto;Conducente;M;Illeso;0;;;
2672917;19;28/01/2016 17:25;Strada Urbana;VIA TRIONFALE;in prossimità;;del civico n.;f.c. 8872;;Tamponamento;Rettilineo;Due carreggiate;Asciutto;Asfaltata;Orizzontale;Sereno;Normale;Buona;Ore Diurne;0;0;0;4;12.42227;41.94126;-1;2;Autovettura privata;In marcia / fermata / arresto;Conducente;M;Illeso;0;;;
2672921;10;29/01/2016 07:30;Strada Urbana;VIA LUCREZIA ROMANA;all'intersezione con;VIA MARIO BROGLIO;VIA MARIO BROGLIO;;;Scontro frontale/laterale SX fra veicoli in marcia;Intersezione stradale segnalata;Una carreggiata a doppio senso;Asciutto;Asfaltata;Verticale ed orizzontale;Nuvoloso;Normale;Buona;Ore Diurne;2;0;0;3;12.5784;41.83227;-1;1;Motociclo con passeggero;In marcia / fermata / arresto;Conducente;M;Rifiuta cure immediate;0;NON DECEDUTO;Non accertato;